/usr/local/lib/python3.6/dist-packages/sklearn/ensemble/weight_boosting.py:29: DeprecationWarning: numpy.core.umath_tests is an internal NumPy module and should not be imported. It will be removed in a future NumPy release.
  from numpy.core.umath_tests import inner1d
 * Running on http://127.0.0.1:8002/ (Press CTRL+C to quit)
2025-07-09 06:43:25,806 - [server/learn] - DEBUG - /data/data
2025-07-09 06:43:25,809 - [learn.AI/learn] - DEBUG - Using 6 features for the AI: ['location', 'wifi-5e:62:8b:28:95:da', 'wifi-5e:62:8b:28:97:ae', 'wifi-5e:62:8b:28:99:e2', 'wifi-5e:62:8b:28:93:ae', 'wifi-5e:62:8b:28:98:fa']
2025-07-09 06:43:25,809 - [learn.AI/learn] - DEBUG - row 0: [0, -52.0, -71.0, -72.0, -46.0, -100.0]
2025-07-09 06:43:25,809 - [learn.AI/learn] - DEBUG - row 1: [0, -49.0, -100.0, -100.0, -42.0, -100.0]
2025-07-09 06:43:25,809 - [learn.AI/learn] - DEBUG - row 2: [0, -52.0, -64.0, -100.0, -42.0, -100.0]
2025-07-09 06:43:25,809 - [learn.AI/learn] - DEBUG - row 3: [0, -53.0, -61.0, -100.0, -42.0, -100.0]
2025-07-09 06:43:25,809 - [learn.AI/learn] - DEBUG - row 4: [0, -38.0, -62.0, -68.0, -53.0, -100.0]
2025-07-09 06:43:25,810 - [learn.AI/learn] - DEBUG - row 5: [0, -50.0, -100.0, -100.0, -37.0, -100.0]
2025-07-09 06:43:25,810 - [learn.AI/learn] - DEBUG - row 6: [0, -38.0, -60.0, -100.0, -52.0, -100.0]
2025-07-09 06:43:25,810 - [learn.AI/learn] - DEBUG - row 7: [0, -59.0, -100.0, -74.0, -53.0, -100.0]
2025-07-09 06:43:25,810 - [learn.AI/learn] - DEBUG - row 8: [0, -51.0, -100.0, -100.0, -48.0, -100.0]
2025-07-09 06:43:25,810 - [learn.AI/learn] - DEBUG - row 9: [0, -100.0, -100.0, -100.0, -100.0, -100.0]
2025-07-09 06:43:25,810 - [learn.AI/learn] - DEBUG - row 10: [0, -47.0, -62.0, -100.0, -42.0, -67.0]
2025-07-09 06:43:25,810 - [learn.AI/learn] - DEBUG - row 11: [0, -49.0, -100.0, -100.0, -46.0, -62.0]
2025-07-09 06:43:25,811 - [learn.AI/learn] - DEBUG - row 12: [0, -40.0, -100.0, -68.0, -54.0, -100.0]
2025-07-09 06:43:25,811 - [learn.AI/learn] - DEBUG - row 13: [0, -59.0, -74.0, -74.0, -53.0, -81.0]
2025-07-09 06:43:25,811 - [learn.AI/learn] - DEBUG - row 14: [0, -100.0, -100.0, -100.0, -54.0, -100.0]
2025-07-09 06:43:25,811 - [learn.AI/learn] - DEBUG - row 15: [0, -59.0, -74.0, -100.0, -54.0, -81.0]
2025-07-09 06:43:25,811 - [learn.AI/learn] - DEBUG - row 16: [0, -39.0, -62.0, -67.0, -55.0, -71.0]
2025-07-09 06:43:25,811 - [learn.AI/learn] - DEBUG - row 17: [0, -59.0, -100.0, -100.0, -54.0, -100.0]
2025-07-09 06:43:25,811 - [learn.AI/learn] - DEBUG - row 18: [0, -55.0, -100.0, -68.0, -44.0, -100.0]
2025-07-09 06:43:25,811 - [learn.AI/learn] - DEBUG - row 19: [0, -44.0, -58.0, -100.0, -42.0, -100.0]
2025-07-09 06:43:25,812 - [learn.AI/learn] - DEBUG - row 20: [0, -100.0, -100.0, -100.0, -39.0, -100.0]
2025-07-09 06:43:25,812 - [learn.AI/learn] - DEBUG - row 21: [0, -57.0, -100.0, -68.0, -47.0, -100.0]
2025-07-09 06:43:25,812 - [learn.AI/learn] - DEBUG - row 22: [0, -39.0, -100.0, -100.0, -55.0, -72.0]
2025-07-09 06:43:25,812 - [learn.AI/learn] - DEBUG - row 23: [0, -39.0, -60.0, -100.0, -54.0, -71.0]
2025-07-09 06:43:25,812 - [learn.AI/learn] - DEBUG - row 24: [0, -49.0, -100.0, -66.0, -48.0, -100.0]
2025-07-09 06:43:25,812 - [learn.AI/learn] - DEBUG - row 25: [0, -49.0, -58.0, -100.0, -45.0, -100.0]
2025-07-09 06:43:25,812 - [learn.AI/learn] - DEBUG - row 26: [0, -53.0, -100.0, -100.0, -47.0, -100.0]
2025-07-09 06:43:25,812 - [learn.AI/learn] - DEBUG - row 27: [0, -100.0, -60.0, -100.0, -48.0, -100.0]
2025-07-09 06:43:25,813 - [learn.AI/learn] - DEBUG - row 28: [0, -60.0, -100.0, -74.0, -54.0, -81.0]
2025-07-09 06:43:25,813 - [learn.AI/learn] - DEBUG - row 29: [0, -51.0, -100.0, -100.0, -47.0, -100.0]
2025-07-09 06:43:25,813 - [learn.AI/learn] - DEBUG - row 30: [0, -42.0, -65.0, -100.0, -45.0, -75.0]
2025-07-09 06:43:25,813 - [learn.AI/learn] - DEBUG - row 31: [0, -39.0, -61.0, -67.0, -54.0, -72.0]
2025-07-09 06:43:25,813 - [learn.AI/learn] - DEBUG - row 32: [0, -46.0, -100.0, -70.0, -43.0, -71.0]
2025-07-09 06:43:25,813 - [learn.AI/learn] - DEBUG - row 33: [0, -49.0, -100.0, -100.0, -41.0, -100.0]
2025-07-09 06:43:25,813 - [learn.AI/learn] - DEBUG - row 34: [0, -47.0, -63.0, -100.0, -41.0, -100.0]
2025-07-09 06:43:25,814 - [learn.AI/learn] - DEBUG - row 35: [0, -48.0, -63.0, -66.0, -40.0, -100.0]
2025-07-09 06:43:25,814 - [learn.AI/learn] - DEBUG - row 36: [0, -55.0, -100.0, -67.0, -49.0, -100.0]
2025-07-09 06:43:25,814 - [learn.AI/learn] - DEBUG - row 37: [0, -58.0, -100.0, -65.0, -50.0, -100.0]
2025-07-09 06:43:25,814 - [learn.AI/learn] - DEBUG - row 38: [0, -60.0, -100.0, -100.0, -54.0, -81.0]
2025-07-09 06:43:25,814 - [learn.AI/learn] - DEBUG - row 39: [0, -58.0, -100.0, -72.0, -52.0, -100.0]
2025-07-09 06:43:25,814 - [learn.AI/learn] - DEBUG - row 40: [0, -58.0, -100.0, -74.0, -54.0, -100.0]
2025-07-09 06:43:25,814 - [learn.AI/learn] - DEBUG - row 41: [0, -60.0, -100.0, -100.0, -53.0, -100.0]
2025-07-09 06:43:25,815 - [learn.AI/learn] - DEBUG - row 42: [0, -43.0, -100.0, -100.0, -46.0, -100.0]
2025-07-09 06:43:25,815 - [learn.AI/learn] - DEBUG - row 43: [1, -51.0, -57.0, -100.0, -33.0, -100.0]
2025-07-09 06:43:25,815 - [learn.AI/learn] - DEBUG - row 44: [1, -100.0, -100.0, -100.0, -100.0, -100.0]
2025-07-09 06:43:25,815 - [learn.AI/learn] - DEBUG - row 45: [1, -100.0, -55.0, -57.0, -36.0, -100.0]
2025-07-09 06:43:25,815 - [learn.AI/learn] - DEBUG - row 46: [1, -100.0, -60.0, -100.0, -34.0, -100.0]
2025-07-09 06:43:25,815 - [learn.AI/learn] - DEBUG - row 47: [1, -100.0, -100.0, -62.0, -37.0, -66.0]
2025-07-09 06:43:25,815 - [learn.AI/learn] - DEBUG - row 48: [1, -55.0, -100.0, -100.0, -37.0, -100.0]
2025-07-09 06:43:25,815 - [learn.AI/learn] - DEBUG - row 49: [1, -49.0, -100.0, -100.0, -33.0, -100.0]
2025-07-09 06:43:25,816 - [learn.AI/learn] - DEBUG - row 50: [1, -100.0, -100.0, -100.0, -37.0, -100.0]
2025-07-09 06:43:25,816 - [learn.AI/learn] - DEBUG - row 51: [1, -100.0, -52.0, -100.0, -34.0, -100.0]
2025-07-09 06:43:25,816 - [learn.AI/learn] - DEBUG - row 52: [1, -100.0, -56.0, -54.0, -37.0, -100.0]
2025-07-09 06:43:25,816 - [learn.AI/learn] - DEBUG - row 53: [1, -100.0, -51.0, -100.0, -100.0, -55.0]
2025-07-09 06:43:25,816 - [learn.AI/learn] - DEBUG - row 54: [1, -52.0, -100.0, -100.0, -37.0, -100.0]
2025-07-09 06:43:25,816 - [learn.AI/learn] - DEBUG - row 55: [1, -51.0, -100.0, -100.0, -34.0, -100.0]
2025-07-09 06:43:25,816 - [learn.AI/learn] - DEBUG - row 56: [1, -100.0, -100.0, -100.0, -35.0, -100.0]
2025-07-09 06:43:25,816 - [learn.AI/learn] - DEBUG - row 57: [1, -56.0, -55.0, -100.0, -38.0, -53.0]
2025-07-09 06:43:25,817 - [learn.AI/learn] - DEBUG - row 58: [1, -49.0, -53.0, -100.0, -35.0, -100.0]
2025-07-09 06:43:25,817 - [learn.AI/learn] - DEBUG - row 59: [1, -51.0, -53.0, -59.0, -33.0, -100.0]
2025-07-09 06:43:25,817 - [learn.AI/learn] - DEBUG - row 60: [1, -100.0, -100.0, -56.0, -37.0, -100.0]
2025-07-09 06:43:25,817 - [learn.AI/learn] - DEBUG - row 61: [1, -47.0, -56.0, -100.0, -38.0, -100.0]
2025-07-09 06:43:25,817 - [learn.AI/learn] - DEBUG - row 62: [1, -100.0, -59.0, -100.0, -36.0, -100.0]
2025-07-09 06:43:25,817 - [learn.AI/learn] - DEBUG - row 63: [1, -100.0, -57.0, -100.0, -38.0, -100.0]
2025-07-09 06:43:25,817 - [learn.AI/learn] - DEBUG - row 64: [1, -59.0, -100.0, -62.0, -37.0, -100.0]
2025-07-09 06:43:25,817 - [learn.AI/learn] - DEBUG - row 65: [1, -100.0, -53.0, -100.0, -34.0, -100.0]
2025-07-09 06:43:25,818 - [learn.AI/learn] - DEBUG - row 66: [1, -57.0, -53.0, -56.0, -37.0, -50.0]
2025-07-09 06:43:25,818 - [learn.AI/learn] - DEBUG - row 67: [1, -100.0, -54.0, -56.0, -37.0, -53.0]
2025-07-09 06:43:25,818 - [learn.AI/learn] - DEBUG - row 68: [1, -46.0, -48.0, -100.0, -33.0, -100.0]
2025-07-09 06:43:25,818 - [learn.AI/learn] - DEBUG - row 69: [1, -56.0, -100.0, -100.0, -39.0, -100.0]
2025-07-09 06:43:25,818 - [learn.AI/learn] - DEBUG - row 70: [1, -47.0, -100.0, -100.0, -41.0, -100.0]
2025-07-09 06:43:25,818 - [learn.AI/learn] - DEBUG - row 71: [1, -100.0, -100.0, -58.0, -38.0, -100.0]
2025-07-09 06:43:25,818 - [learn.AI/learn] - DEBUG - row 72: [1, -52.0, -100.0, -65.0, -33.0, -61.0]
2025-07-09 06:43:25,818 - [learn.AI/learn] - DEBUG - row 73: [1, -100.0, -52.0, -100.0, -34.0, -100.0]
2025-07-09 06:43:25,819 - [learn.AI/learn] - DEBUG - row 74: [1, -58.0, -100.0, -100.0, -34.0, -100.0]
2025-07-09 06:43:25,819 - [learn.AI/learn] - DEBUG - row 75: [1, -55.0, -55.0, -57.0, -34.0, -54.0]
2025-07-09 06:43:25,819 - [learn.AI/learn] - DEBUG - row 76: [1, -100.0, -100.0, -100.0, -33.0, -62.0]
2025-07-09 06:43:25,819 - [learn.AI/learn] - DEBUG - row 77: [1, -100.0, -54.0, -58.0, -37.0, -55.0]
2025-07-09 06:43:25,819 - [learn.AI/learn] - DEBUG - row 78: [1, -100.0, -52.0, -100.0, -33.0, -100.0]
2025-07-09 06:43:25,820 - [learn.AI/learn] - DEBUG - row 79: [1, -100.0, -55.0, -100.0, -38.0, -53.0]
2025-07-09 06:43:25,820 - [learn.AI/learn] - DEBUG - row 80: [1, -51.0, -100.0, -100.0, -39.0, -100.0]
2025-07-09 06:43:25,820 - [learn.AI/learn] - DEBUG - row 81: [1, -43.0, -100.0, -60.0, -38.0, -100.0]
2025-07-09 06:43:25,820 - [learn.AI/learn] - DEBUG - row 82: [1, -50.0, -51.0, -100.0, -33.0, -100.0]
2025-07-09 06:43:25,820 - [learn.AI/learn] - DEBUG - row 83: [1, -100.0, -100.0, -100.0, -37.0, -100.0]
2025-07-09 06:43:25,820 - [learn.AI/learn] - DEBUG - row 84: [1, -50.0, -51.0, -100.0, -33.0, -100.0]
2025-07-09 06:43:25,820 - [learn.AI/learn] - DEBUG - row 85: [1, -49.0, -100.0, -100.0, -32.0, -100.0]
2025-07-09 06:43:25,820 - [learn.AI/learn] - DEBUG - row 86: [1, -53.0, -100.0, -100.0, -37.0, -100.0]
2025-07-09 06:43:25,821 - [learn.AI/learn] - DEBUG - row 87: [1, -51.0, -58.0, -100.0, -39.0, -100.0]
2025-07-09 06:43:25,821 - [learn.AI/learn] - DEBUG - row 88: [1, -53.0, -53.0, -100.0, -36.0, -100.0]
2025-07-09 06:43:25,821 - [learn.AI/learn] - DEBUG - row 89: [1, -50.0, -55.0, -60.0, -41.0, -100.0]
2025-07-09 06:43:25,821 - [learn.AI/learn] - DEBUG - row 90: [1, -100.0, -100.0, -100.0, -37.0, -63.0]
2025-07-09 06:43:25,821 - [learn.AI/learn] - DEBUG - row 91: [1, -55.0, -59.0, -61.0, -40.0, -61.0]
2025-07-09 06:43:25,821 - [learn.AI/learn] - DEBUG - row 92: [1, -49.0, -56.0, -60.0, -37.0, -63.0]
2025-07-09 06:43:25,821 - [learn.AI/learn] - DEBUG - row 93: [1, -54.0, -100.0, -100.0, -27.0, -100.0]
2025-07-09 06:43:25,821 - [learn.AI/learn] - DEBUG - row 94: [1, -55.0, -56.0, -62.0, -37.0, -100.0]
2025-07-09 06:43:25,822 - [learn.AI/learn] - DEBUG - row 95: [1, -56.0, -59.0, -57.0, -39.0, -100.0]
2025-07-09 06:43:25,822 - [learn.AI/learn] - DEBUG - row 96: [1, -51.0, -100.0, -100.0, -34.0, -100.0]
2025-07-09 06:43:25,822 - [learn.AI/learn] - DEBUG - row 97: [1, -56.0, -59.0, -57.0, -37.0, -53.0]
2025-07-09 06:43:25,822 - [learn.AI/learn] - DEBUG - row 98: [1, -56.0, -56.0, -100.0, -38.0, -55.0]
2025-07-09 06:43:25,822 - [learn.AI/learn] - DEBUG - row 99: [1, -50.0, -100.0, -60.0, -27.0, -100.0]
2025-07-09 06:43:25,822 - [learn.AI/learn] - DEBUG - row 100: [1, -51.0, -100.0, -100.0, -37.0, -60.0]
2025-07-09 06:43:25,822 - [learn.AI/learn] - DEBUG - row 101: [1, -100.0, -55.0, -100.0, -100.0, -100.0]
2025-07-09 06:43:25,822 - [learn.AI/learn] - DEBUG - row 102: [1, -51.0, -51.0, -100.0, -33.0, -100.0]
2025-07-09 06:43:25,823 - [learn.AI/learn] - DEBUG - row 103: [1, -56.0, -100.0, -57.0, -38.0, -100.0]
2025-07-09 06:43:25,823 - [learn.AI/learn] - DEBUG - row 104: [2, -100.0, -56.0, -49.0, -62.0, -100.0]
2025-07-09 06:43:25,823 - [learn.AI/learn] - DEBUG - row 105: [2, -100.0, -56.0, -56.0, -100.0, -45.0]
2025-07-09 06:43:25,823 - [learn.AI/learn] - DEBUG - row 106: [2, -72.0, -100.0, -54.0, -100.0, -43.0]
2025-07-09 06:43:25,824 - [learn.AI/learn] - DEBUG - row 107: [2, -100.0, -57.0, -55.0, -100.0, -42.0]
2025-07-09 06:43:25,824 - [learn.AI/learn] - DEBUG - row 108: [2, -100.0, -100.0, -52.0, -61.0, -32.0]
2025-07-09 06:43:25,824 - [learn.AI/learn] - DEBUG - row 109: [2, -100.0, -41.0, -53.0, -45.0, -100.0]
2025-07-09 06:43:25,824 - [learn.AI/learn] - DEBUG - row 110: [2, -100.0, -100.0, -100.0, -71.0, -35.0]
2025-07-09 06:43:25,824 - [learn.AI/learn] - DEBUG - row 111: [2, -100.0, -53.0, -51.0, -63.0, -35.0]
2025-07-09 06:43:25,824 - [learn.AI/learn] - DEBUG - row 112: [2, -100.0, -100.0, -100.0, -65.0, -45.0]
2025-07-09 06:43:25,824 - [learn.AI/learn] - DEBUG - row 113: [2, -72.0, -56.0, -100.0, -67.0, -45.0]
2025-07-09 06:43:25,825 - [learn.AI/learn] - DEBUG - row 114: [2, -73.0, -100.0, -51.0, -100.0, -100.0]
2025-07-09 06:43:25,826 - [learn.AI/learn] - DEBUG - row 115: [2, -74.0, -59.0, -51.0, -71.0, -33.0]
2025-07-09 06:43:25,826 - [learn.AI/learn] - DEBUG - row 116: [2, -72.0, -57.0, -51.0, -100.0, -41.0]
2025-07-09 06:43:25,826 - [learn.AI/learn] - DEBUG - row 117: [2, -100.0, -100.0, -100.0, -100.0, -100.0]
2025-07-09 06:43:25,827 - [learn.AI/learn] - DEBUG - row 118: [2, -100.0, -63.0, -100.0, -58.0, -27.0]
2025-07-09 06:43:25,827 - [learn.AI/learn] - DEBUG - row 119: [2, -100.0, -100.0, -52.0, -70.0, -34.0]
2025-07-09 06:43:25,827 - [learn.AI/learn] - DEBUG - row 120: [2, -100.0, -100.0, -49.0, -100.0, -33.0]
2025-07-09 06:43:25,827 - [learn.AI/learn] - DEBUG - row 121: [2, -100.0, -100.0, -53.0, -74.0, -32.0]
2025-07-09 06:43:25,827 - [learn.AI/learn] - DEBUG - row 122: [2, -100.0, -100.0, -56.0, -65.0, -45.0]
2025-07-09 06:43:25,827 - [learn.AI/learn] - DEBUG - row 123: [2, -100.0, -55.0, -46.0, -100.0, -31.0]
2025-07-09 06:43:25,827 - [learn.AI/learn] - DEBUG - row 124: [2, -100.0, -100.0, -52.0, -68.0, -31.0]
2025-07-09 06:43:25,828 - [learn.AI/learn] - DEBUG - row 125: [2, -71.0, -51.0, -52.0, -100.0, -39.0]
2025-07-09 06:43:25,828 - [learn.AI/learn] - DEBUG - row 126: [2, -100.0, -100.0, -100.0, -100.0, -32.0]
2025-07-09 06:43:25,828 - [learn.AI/learn] - DEBUG - row 127: [2, -100.0, -100.0, -50.0, -100.0, -32.0]
2025-07-09 06:43:25,828 - [learn.AI/learn] - DEBUG - row 128: [2, -73.0, -100.0, -53.0, -100.0, -40.0]
2025-07-09 06:43:25,828 - [learn.AI/learn] - DEBUG - row 129: [2, -72.0, -100.0, -52.0, -100.0, -42.0]
2025-07-09 06:43:25,828 - [learn.AI/learn] - DEBUG - row 130: [2, -100.0, -56.0, -56.0, -100.0, -44.0]
2025-07-09 06:43:25,828 - [learn.AI/learn] - DEBUG - row 131: [2, -100.0, -100.0, -51.0, -100.0, -42.0]
2025-07-09 06:43:25,828 - [learn.AI/learn] - DEBUG - row 132: [2, -100.0, -100.0, -100.0, -100.0, -100.0]
2025-07-09 06:43:25,829 - [learn.AI/learn] - DEBUG - row 133: [2, -100.0, -56.0, -57.0, -100.0, -47.0]
2025-07-09 06:43:25,829 - [learn.AI/learn] - DEBUG - row 134: [2, -100.0, -56.0, -51.0, -100.0, -36.0]
2025-07-09 06:43:25,829 - [learn.AI/learn] - DEBUG - row 135: [2, -100.0, -57.0, -52.0, -100.0, -40.0]
2025-07-09 06:43:25,829 - [learn.AI/learn] - DEBUG - row 136: [2, -100.0, -100.0, -56.0, -100.0, -45.0]
2025-07-09 06:43:25,830 - [learn.AI/learn] - DEBUG - row 137: [2, -100.0, -100.0, -56.0, -100.0, -46.0]
2025-07-09 06:43:25,830 - [learn.AI/learn] - DEBUG - row 138: [2, -100.0, -100.0, -51.0, -62.0, -34.0]
2025-07-09 06:43:25,830 - [learn.AI/learn] - DEBUG - row 139: [3, -40.0, -41.0, -100.0, -100.0, -100.0]
2025-07-09 06:43:25,830 - [learn.AI/learn] - DEBUG - row 140: [3, -43.0, -38.0, -100.0, -100.0, -100.0]
2025-07-09 06:43:25,830 - [learn.AI/learn] - DEBUG - row 141: [3, -45.0, -41.0, -100.0, -100.0, -100.0]
2025-07-09 06:43:25,830 - [learn.AI/learn] - DEBUG - row 142: [3, -55.0, -41.0, -65.0, -62.0, -100.0]
2025-07-09 06:43:25,830 - [learn.AI/learn] - DEBUG - row 143: [3, -54.0, -43.0, -66.0, -61.0, -62.0]
2025-07-09 06:43:25,831 - [learn.AI/learn] - DEBUG - row 144: [3, -51.0, -43.0, -100.0, -100.0, -100.0]
2025-07-09 06:43:25,831 - [learn.AI/learn] - DEBUG - row 145: [3, -44.0, -39.0, -100.0, -100.0, -100.0]
2025-07-09 06:43:25,831 - [learn.AI/learn] - DEBUG - row 146: [3, -49.0, -40.0, -100.0, -59.0, -100.0]
2025-07-09 06:43:25,831 - [learn.AI/learn] - DEBUG - row 147: [3, -45.0, -39.0, -100.0, -57.0, -100.0]
2025-07-09 06:43:25,831 - [learn.AI/learn] - DEBUG - row 148: [3, -100.0, -42.0, -100.0, -52.0, -100.0]
2025-07-09 06:43:25,831 - [learn.AI/learn] - DEBUG - row 149: [3, -100.0, -42.0, -100.0, -55.0, -100.0]
2025-07-09 06:43:25,831 - [learn.AI/learn] - DEBUG - row 150: [3, -40.0, -100.0, -100.0, -56.0, -100.0]
2025-07-09 06:43:25,832 - [learn.AI/learn] - DEBUG - row 151: [3, -47.0, -38.0, -65.0, -59.0, -100.0]
2025-07-09 06:43:25,832 - [learn.AI/learn] - DEBUG - row 152: [3, -100.0, -39.0, -100.0, -59.0, -100.0]
2025-07-09 06:43:25,832 - [learn.AI/learn] - DEBUG - row 153: [3, -55.0, -46.0, -100.0, -100.0, -71.0]
2025-07-09 06:43:25,832 - [learn.AI/learn] - DEBUG - row 154: [3, -100.0, -39.0, -100.0, -100.0, -100.0]
2025-07-09 06:43:25,832 - [learn.AI/learn] - DEBUG - row 155: [3, -48.0, -42.0, -100.0, -54.0, -100.0]
2025-07-09 06:43:25,832 - [learn.AI/learn] - DEBUG - row 156: [3, -48.0, -43.0, -100.0, -100.0, -100.0]
2025-07-09 06:43:25,832 - [learn.AI/learn] - DEBUG - row 157: [3, -45.0, -41.0, -100.0, -100.0, -100.0]
2025-07-09 06:43:25,832 - [learn.AI/learn] - DEBUG - row 158: [3, -54.0, -40.0, -100.0, -54.0, -100.0]
2025-07-09 06:43:25,833 - [learn.AI/learn] - DEBUG - row 159: [3, -52.0, -43.0, -100.0, -55.0, -100.0]
2025-07-09 06:43:25,833 - [learn.AI/learn] - DEBUG - row 160: [3, -40.0, -37.0, -100.0, -100.0, -100.0]
2025-07-09 06:43:25,833 - [learn.AI/learn] - DEBUG - row 161: [3, -100.0, -40.0, -100.0, -100.0, -62.0]
2025-07-09 06:43:25,833 - [learn.AI/learn] - DEBUG - row 162: [3, -44.0, -41.0, -100.0, -100.0, -100.0]
2025-07-09 06:43:25,833 - [learn.AI/learn] - DEBUG - row 163: [3, -100.0, -37.0, -63.0, -53.0, -100.0]
2025-07-09 06:43:25,833 - [learn.AI/learn] - DEBUG - row 164: [3, -52.0, -35.0, -100.0, -100.0, -100.0]
2025-07-09 06:43:25,833 - [learn.AI/learn] - DEBUG - row 165: [3, -45.0, -41.0, -60.0, -57.0, -68.0]
2025-07-09 06:43:25,833 - [learn.AI/learn] - DEBUG - row 166: [3, -45.0, -40.0, -100.0, -100.0, -100.0]
2025-07-09 06:43:25,834 - [learn.AI/learn] - DEBUG - row 167: [3, -45.0, -40.0, -100.0, -100.0, -100.0]
2025-07-09 06:43:25,834 - [learn.AI/learn] - DEBUG - row 168: [3, -49.0, -47.0, -72.0, -55.0, -100.0]
2025-07-09 06:43:25,834 - [learn.AI/learn] - DEBUG - row 169: [3, -44.0, -100.0, -100.0, -100.0, -100.0]
2025-07-09 06:43:25,834 - [learn.AI/learn] - DEBUG - row 170: [3, -41.0, -37.0, -71.0, -55.0, -64.0]
2025-07-09 06:43:25,834 - [learn.AI/learn] - DEBUG - row 171: [3, -46.0, -38.0, -100.0, -58.0, -100.0]
2025-07-09 06:43:25,834 - [learn.AI/learn] - DEBUG - row 172: [3, -48.0, -36.0, -59.0, -59.0, -100.0]
2025-07-09 06:43:25,834 - [learn.AI/learn] - DEBUG - row 173: [3, -42.0, -40.0, -100.0, -54.0, -100.0]
2025-07-09 06:43:25,834 - [learn.AI/learn] - DEBUG - row 174: [3, -47.0, -32.0, -59.0, -100.0, -100.0]
2025-07-09 06:43:25,835 - [learn.AI/learn] - DEBUG - row 175: [3, -51.0, -43.0, -66.0, -56.0, -100.0]
2025-07-09 06:43:25,835 - [learn.AI/learn] - DEBUG - row 176: [3, -100.0, -100.0, -100.0, -100.0, -100.0]
2025-07-09 06:43:25,835 - [learn.AI/learn] - DEBUG - row 177: [3, -51.0, -36.0, -100.0, -100.0, -100.0]
2025-07-09 06:43:25,835 - [learn.AI/learn] - DEBUG - row 178: [3, -44.0, -40.0, -100.0, -100.0, -63.0]
2025-07-09 06:43:25,835 - [learn.AI/learn] - DEBUG - row 179: [3, -57.0, -43.0, -65.0, -64.0, -70.0]
2025-07-09 06:43:25,835 - [learn.AI/learn] - DEBUG - row 180: [3, -45.0, -40.0, -100.0, -59.0, -100.0]
2025-07-09 06:43:25,835 - [learn.AI/learn] - DEBUG - row 181: [3, -48.0, -38.0, -100.0, -60.0, -100.0]
2025-07-09 06:43:25,835 - [learn.AI/learn] - DEBUG - row 182: [3, -49.0, -46.0, -100.0, -63.0, -100.0]
2025-07-09 06:43:25,835 - [learn.AI/learn] - DEBUG - row 183: [3, -58.0, -39.0, -100.0, -62.0, -68.0]
2025-07-09 06:43:25,835 - [learn.AI/learn] - DEBUG - row 184: [3, -55.0, -41.0, -100.0, -62.0, -100.0]
2025-07-09 06:43:25,835 - [learn.AI/learn] - DEBUG - row 185: [3, -49.0, -42.0, -100.0, -100.0, -100.0]
2025-07-09 06:43:25,835 - [learn.AI/learn] - DEBUG - row 186: [3, -52.0, -42.0, -100.0, -54.0, -60.0]
2025-07-09 06:43:25,835 - [learn.AI/learn] - DEBUG - row 187: [3, -48.0, -42.0, -62.0, -100.0, -100.0]
2025-07-09 06:43:25,836 - [learn.AI/learn] - DEBUG - row 188: [4, -100.0, -100.0, -100.0, -100.0, -100.0]
2025-07-09 06:43:25,836 - [learn.AI/learn] - DEBUG - row 189: [4, -40.0, -100.0, -100.0, -49.0, -100.0]
2025-07-09 06:43:25,836 - [learn.AI/learn] - DEBUG - row 190: [4, -39.0, -48.0, -67.0, -100.0, -100.0]
2025-07-09 06:43:25,836 - [learn.AI/learn] - DEBUG - row 191: [4, -38.0, -48.0, -100.0, -49.0, -74.0]
2025-07-09 06:43:25,836 - [learn.AI/learn] - DEBUG - row 192: [4, -42.0, -40.0, -68.0, -51.0, -100.0]
2025-07-09 06:43:25,836 - [learn.AI/learn] - DEBUG - row 193: [4, -34.0, -44.0, -100.0, -49.0, -100.0]
2025-07-09 06:43:25,836 - [learn.AI/learn] - DEBUG - row 194: [4, -28.0, -48.0, -73.0, -52.0, -100.0]
2025-07-09 06:43:25,836 - [learn.AI/learn] - DEBUG - row 195: [4, -39.0, -39.0, -62.0, -53.0, -100.0]
2025-07-09 06:43:25,836 - [learn.AI/learn] - DEBUG - row 196: [4, -28.0, -100.0, -100.0, -53.0, -100.0]
2025-07-09 06:43:25,836 - [learn.AI/learn] - DEBUG - row 197: [4, -37.0, -100.0, -100.0, -100.0, -72.0]
2025-07-09 06:43:25,836 - [learn.AI/learn] - DEBUG - row 198: [4, -42.0, -45.0, -100.0, -100.0, -100.0]
2025-07-09 06:43:25,836 - [learn.AI/learn] - DEBUG - row 199: [4, -37.0, -49.0, -100.0, -53.0, -100.0]
2025-07-09 06:43:25,836 - [learn.AI/learn] - DEBUG - row 200: [4, -38.0, -48.0, -100.0, -49.0, -100.0]
2025-07-09 06:43:25,836 - [learn.AI/learn] - DEBUG - row 201: [4, -29.0, -48.0, -100.0, -100.0, -74.0]
2025-07-09 06:43:25,836 - [learn.AI/learn] - DEBUG - row 202: [4, -41.0, -45.0, -100.0, -50.0, -80.0]
2025-07-09 06:43:25,836 - [learn.AI/learn] - DEBUG - row 203: [4, -48.0, -100.0, -100.0, -100.0, -100.0]
2025-07-09 06:43:25,836 - [learn.AI/learn] - DEBUG - row 204: [4, -43.0, -49.0, -100.0, -100.0, -100.0]
2025-07-09 06:43:25,837 - [learn.AI/learn] - DEBUG - row 205: [4, -28.0, -48.0, -73.0, -53.0, -100.0]
2025-07-09 06:43:25,837 - [learn.AI/learn] - DEBUG - row 206: [4, -100.0, -100.0, -63.0, -100.0, -100.0]
2025-07-09 06:43:25,837 - [learn.AI/learn] - DEBUG - row 207: [4, -45.0, -40.0, -100.0, -51.0, -100.0]
2025-07-09 06:43:25,837 - [learn.AI/learn] - DEBUG - row 208: [4, -42.0, -43.0, -65.0, -50.0, -69.0]
2025-07-09 06:43:25,837 - [learn.AI/learn] - DEBUG - row 209: [4, -39.0, -48.0, -67.0, -100.0, -100.0]
2025-07-09 06:43:25,837 - [learn.AI/learn] - DEBUG - row 210: [4, -50.0, -39.0, -100.0, -100.0, -100.0]
2025-07-09 06:43:25,837 - [learn.AI/learn] - DEBUG - row 211: [4, -40.0, -42.0, -100.0, -100.0, -100.0]
2025-07-09 06:43:25,837 - [learn.AI/learn] - DEBUG - row 212: [4, -29.0, -48.0, -100.0, -100.0, -100.0]
2025-07-09 06:43:25,837 - [learn.AI/learn] - DEBUG - row 213: [4, -39.0, -47.0, -100.0, -100.0, -100.0]
2025-07-09 06:43:25,837 - [learn.AI/learn] - DEBUG - row 214: [4, -36.0, -40.0, -65.0, -100.0, -100.0]
2025-07-09 06:43:25,837 - [learn.AI/learn] - DEBUG - row 215: [4, -39.0, -37.0, -100.0, -100.0, -64.0]
2025-07-09 06:43:25,837 - [learn.AI/learn] - DEBUG - row 216: [4, -45.0, -40.0, -100.0, -49.0, -69.0]
2025-07-09 06:43:25,837 - [learn.AI/learn] - DEBUG - row 217: [4, -36.0, -40.0, -65.0, -50.0, -100.0]
2025-07-09 06:43:25,837 - [learn.AI/learn] - DEBUG - row 218: [4, -100.0, -100.0, -100.0, -51.0, -100.0]
2025-07-09 06:43:25,837 - [learn.AI/learn] - DEBUG - row 219: [4, -28.0, -48.0, -100.0, -53.0, -69.0]
2025-07-09 06:43:25,837 - [learn.AI/learn] - DEBUG - row 220: [4, -39.0, -50.0, -100.0, -49.0, -67.0]
2025-07-09 06:43:25,837 - [learn.AI/learn] - DEBUG - row 221: [4, -50.0, -47.0, -100.0, -55.0, -72.0]
2025-07-09 06:43:25,838 - [learn.AI/learn] - DEBUG - row 222: [4, -35.0, -100.0, -100.0, -48.0, -100.0]
2025-07-09 06:43:25,838 - [learn.AI/learn] - DEBUG - row 223: [4, -38.0, -48.0, -100.0, -48.0, -100.0]
2025-07-09 06:43:25,838 - [learn.AI/learn] - DEBUG - row 224: [4, -27.0, -48.0, -100.0, -53.0, -100.0]
2025-07-09 06:43:25,838 - [learn.AI/learn] - DEBUG - row 225: [4, -33.0, -41.0, -100.0, -49.0, -100.0]
2025-07-09 06:43:25,838 - [learn.AI/learn] - DEBUG - row 226: [4, -42.0, -40.0, -63.0, -52.0, -100.0]
2025-07-09 06:43:25,838 - [learn.AI/learn] - DEBUG - row 227: [4, -28.0, -46.0, -77.0, -100.0, -72.0]
2025-07-09 06:43:25,838 - [learn.AI/learn] - DEBUG - row 228: [4, -42.0, -50.0, -100.0, -56.0, -100.0]
2025-07-09 06:43:25,838 - [learn.AI/learn] - DEBUG - row 229: [4, -38.0, -49.0, -68.0, -100.0, -100.0]
2025-07-09 06:43:25,838 - [learn.AI/learn] - DEBUG - row 230: [4, -46.0, -47.0, -69.0, -54.0, -100.0]
2025-07-09 06:43:25,838 - [learn.AI/learn] - DEBUG - row 231: [4, -36.0, -40.0, -64.0, -50.0, -69.0]
2025-07-09 06:43:25,838 - [learn.AI/learn] - DEBUG - row 232: [4, -46.0, -47.0, -69.0, -54.0, -67.0]
2025-07-09 06:43:25,838 - [learn.AI/learn] - DEBUG - row 233: [4, -35.0, -47.0, -100.0, -49.0, -100.0]
2025-07-09 06:43:25,838 - [learn.AI/learn] - DEBUG - row 234: [4, -42.0, -55.0, -73.0, -100.0, -48.0]
2025-07-09 06:43:25,838 - [learn.AI/learn] - DEBUG - row 235: [4, -27.0, -49.0, -100.0, -53.0, -100.0]
2025-07-09 06:43:25,838 - [learn.AI/learn] - DEBUG - row 236: [4, -36.0, -47.0, -100.0, -100.0, -100.0]
2025-07-09 06:43:25,838 - [learn.AI/learn] - DEBUG - row 237: [4, -36.0, -46.0, -67.0, -47.0, -68.0]
2025-07-09 06:43:25,838 - [learn.AI/learn] - DEBUG - row 238: [4, -47.0, -43.0, -69.0, -54.0, -100.0]
2025-07-09 06:43:25,839 - [learn.AI/learn] - DEBUG - row 239: [4, -100.0, -50.0, -100.0, -58.0, -100.0]
2025-07-09 06:43:25,839 - [learn.AI/learn] - DEBUG - row 240: [4, -43.0, -46.0, -100.0, -56.0, -100.0]
2025-07-09 06:43:25,839 - [learn.AI/learn] - DEBUG - row 241: [4, -40.0, -45.0, -100.0, -52.0, -100.0]
2025-07-09 06:43:25,839 - [learn.AI/learn] - DEBUG - row 242: [4, -39.0, -45.0, -65.0, -100.0, -100.0]
2025-07-09 06:43:25,839 - [learn.AI/learn] - DEBUG - row 243: [4, -45.0, -51.0, -100.0, -100.0, -100.0]
2025-07-09 06:43:25,839 - [learn.AI/learn] - DEBUG - row 244: [4, -39.0, -39.0, -62.0, -53.0, -100.0]
2025-07-09 06:43:25,839 - [learn.AI/learn] - DEBUG - row 245: [4, -43.0, -47.0, -100.0, -52.0, -100.0]
2025-07-09 06:43:25,839 - [learn.AI/learn] - DEBUG - row 246: [4, -40.0, -100.0, -100.0, -44.0, -100.0]
2025-07-09 06:43:25,839 - [learn.AI/learn] - DEBUG - row 247: [4, -36.0, -52.0, -100.0, -50.0, -100.0]
2025-07-09 06:43:25,839 - [learn.AI/learn] - DEBUG - row 248: [4, -42.0, -42.0, -100.0, -51.0, -100.0]
2025-07-09 06:43:25,839 - [learn.AI/learn] - DEBUG - row 249: [4, -49.0, -48.0, -100.0, -100.0, -68.0]
2025-07-09 06:43:25,839 - [learn.AI/learn] - DEBUG - row 250: [4, -37.0, -100.0, -100.0, -51.0, -100.0]
2025-07-09 06:43:25,840 - [learn.AI/learn] - DEBUG - row 251: [4, -43.0, -47.0, -68.0, -100.0, -100.0]
2025-07-09 06:43:25,840 - [learn.AI/learn] - DEBUG - row 252: [4, -46.0, -48.0, -100.0, -55.0, -100.0]
2025-07-09 06:43:25,840 - [learn.AI/learn] - DEBUG - row 253: [4, -47.0, -48.0, -100.0, -100.0, -100.0]
2025-07-09 06:43:25,841 - [learn.AI/learn] - DEBUG - row 254: [4, -35.0, -48.0, -100.0, -100.0, -100.0]
2025-07-09 06:43:25,841 - [learn.AI/learn] - DEBUG - row 255: [5, -53.0, -100.0, -100.0, -45.0, -100.0]
2025-07-09 06:43:25,841 - [learn.AI/learn] - DEBUG - row 256: [5, -100.0, -100.0, -100.0, -100.0, -100.0]
2025-07-09 06:43:25,841 - [learn.AI/learn] - DEBUG - row 257: [5, -53.0, -55.0, -100.0, -33.0, -100.0]
2025-07-09 06:43:25,841 - [learn.AI/learn] - DEBUG - row 258: [5, -59.0, -100.0, -68.0, -52.0, -81.0]
2025-07-09 06:43:25,841 - [learn.AI/learn] - DEBUG - row 259: [5, -100.0, -69.0, -100.0, -61.0, -100.0]
2025-07-09 06:43:25,841 - [learn.AI/learn] - DEBUG - row 260: [5, -62.0, -100.0, -100.0, -100.0, -74.0]
2025-07-09 06:43:25,841 - [learn.AI/learn] - DEBUG - row 261: [5, -64.0, -100.0, -100.0, -53.0, -77.0]
2025-07-09 06:43:25,841 - [learn.AI/learn] - DEBUG - row 262: [5, -62.0, -100.0, -100.0, -63.0, -100.0]
2025-07-09 06:43:25,841 - [learn.AI/learn] - DEBUG - row 263: [5, -50.0, -100.0, -100.0, -42.0, -100.0]
2025-07-09 06:43:25,841 - [learn.AI/learn] - DEBUG - row 264: [5, -63.0, -100.0, -66.0, -64.0, -75.0]
2025-07-09 06:43:25,841 - [learn.AI/learn] - DEBUG - row 265: [5, -64.0, -68.0, -100.0, -60.0, -100.0]
2025-07-09 06:43:25,841 - [learn.AI/learn] - DEBUG - row 266: [5, -100.0, -100.0, -100.0, -100.0, -100.0]
2025-07-09 06:43:25,842 - [learn.AI/learn] - DEBUG - row 267: [5, -64.0, -68.0, -100.0, -61.0, -74.0]
2025-07-09 06:43:25,842 - [learn.AI/learn] - DEBUG - row 268: [5, -51.0, -57.0, -100.0, -33.0, -100.0]
2025-07-09 06:43:25,842 - [learn.AI/learn] - DEBUG - row 269: [5, -64.0, -69.0, -66.0, -64.0, -74.0]
2025-07-09 06:43:25,842 - [learn.AI/learn] - DEBUG - row 270: [5, -54.0, -69.0, -70.0, -53.0, -100.0]
2025-07-09 06:43:25,842 - [learn.AI/learn] - DEBUG - row 271: [5, -51.0, -56.0, -100.0, -33.0, -100.0]
2025-07-09 06:43:25,842 - [learn.AI/learn] - DEBUG - row 272: [5, -65.0, -68.0, -100.0, -63.0, -100.0]
2025-07-09 06:43:25,842 - [learn.AI/learn] - DEBUG - row 273: [5, -59.0, -100.0, -100.0, -61.0, -100.0]
2025-07-09 06:43:25,842 - [learn.AI/learn] - DEBUG - row 274: [5, -64.0, -100.0, -100.0, -63.0, -100.0]
2025-07-09 06:43:25,842 - [learn.AI/learn] - DEBUG - row 275: [5, -48.0, -100.0, -100.0, -51.0, -100.0]
2025-07-09 06:43:25,842 - [learn.AI/learn] - DEBUG - row 276: [5, -53.0, -100.0, -100.0, -33.0, -100.0]
2025-07-09 06:43:25,842 - [learn.AI/learn] - DEBUG - row 277: [5, -62.0, -68.0, -100.0, -60.0, -100.0]
2025-07-09 06:43:25,842 - [learn.AI/learn] - DEBUG - row 278: [5, -48.0, -100.0, -72.0, -43.0, -100.0]
2025-07-09 06:43:25,843 - [learn.AI/learn] - DEBUG - row 279: [5, -61.0, -67.0, -100.0, -59.0, -75.0]
2025-07-09 06:43:25,843 - [learn.AI/learn] - DEBUG - row 280: [5, -54.0, -56.0, -100.0, -33.0, -100.0]
2025-07-09 06:43:25,843 - [learn.AI/learn] - DEBUG - row 281: [5, -63.0, -100.0, -64.0, -64.0, -75.0]
2025-07-09 06:43:25,843 - [learn.AI/learn] - DEBUG - row 282: [5, -64.0, -100.0, -100.0, -53.0, -100.0]
2025-07-09 06:43:25,843 - [learn.AI/learn] - DEBUG - row 283: [5, -64.0, -69.0, -100.0, -63.0, -100.0]
2025-07-09 06:43:25,843 - [learn.AI/learn] - DEBUG - row 284: [5, -61.0, -100.0, -74.0, -59.0, -100.0]
2025-07-09 06:43:25,843 - [learn.AI/learn] - DEBUG - row 285: [5, -63.0, -100.0, -66.0, -61.0, -74.0]
2025-07-09 06:43:25,843 - [learn.AI/learn] - DEBUG - row 286: [5, -57.0, -100.0, -100.0, -58.0, -100.0]
2025-07-09 06:43:25,843 - [learn.AI/learn] - DEBUG - row 287: [5, -100.0, -72.0, -38.0, -67.0, -100.0]
2025-07-09 06:43:25,843 - [learn.AI/learn] - DEBUG - row 288: [5, -53.0, -69.0, -100.0, -57.0, -100.0]
2025-07-09 06:43:25,843 - [learn.AI/learn] - DEBUG - row 289: [5, -60.0, -100.0, -100.0, -100.0, -100.0]
2025-07-09 06:43:25,843 - [learn.AI/learn] - DEBUG - row 290: [5, -100.0, -68.0, -68.0, -61.0, -76.0]
2025-07-09 06:43:25,843 - [learn.AI/learn] - DEBUG - row 291: [5, -100.0, -100.0, -100.0, -60.0, -100.0]
2025-07-09 06:43:25,843 - [learn.AI/learn] - DEBUG - row 292: [5, -56.0, -100.0, -68.0, -55.0, -100.0]
2025-07-09 06:43:25,843 - [learn.AI/learn] - DEBUG - row 293: [5, -61.0, -100.0, -67.0, -55.0, -73.0]
2025-07-09 06:43:25,843 - [learn.AI/learn] - DEBUG - row 294: [5, -62.0, -64.0, -100.0, -52.0, -100.0]
2025-07-09 06:43:25,843 - [learn.AI/learn] - DEBUG - row 295: [5, -54.0, -57.0, -100.0, -33.0, -100.0]
2025-07-09 06:43:25,843 - [learn.AI/learn] - DEBUG - row 296: [5, -55.0, -69.0, -100.0, -54.0, -73.0]
2025-07-09 06:43:25,844 - [learn.AI/learn] - DEBUG - row 297: [5, -58.0, -100.0, -69.0, -58.0, -79.0]
2025-07-09 06:43:25,844 - [learn.AI/learn] - DEBUG - row 298: [5, -61.0, -100.0, -67.0, -60.0, -100.0]
2025-07-09 06:43:25,844 - [learn.AI/learn] - DEBUG - row 299: [5, -56.0, -100.0, -100.0, -52.0, -100.0]
2025-07-09 06:43:25,844 - [learn.AI/learn] - DEBUG - row 300: [5, -52.0, -100.0, -100.0, -42.0, -100.0]
2025-07-09 06:43:25,844 - [learn.AI/learn] - DEBUG - row 301: [5, -63.0, -65.0, -100.0, -63.0, -100.0]
2025-07-09 06:43:25,844 - [learn.AI/learn] - DEBUG - row 302: [5, -53.0, -100.0, -100.0, -100.0, -72.0]
2025-07-09 06:43:25,844 - [learn.AI/learn] - DEBUG - row 303: [5, -53.0, -56.0, -100.0, -33.0, -100.0]
2025-07-09 06:43:25,844 - [learn.AI/learn] - DEBUG - row 304: [5, -100.0, -100.0, -100.0, -54.0, -100.0]
2025-07-09 06:43:25,844 - [learn.AI/learn] - DEBUG - row 305: [6, -45.0, -46.0, -100.0, -36.0, -100.0]
2025-07-09 06:43:25,844 - [learn.AI/learn] - DEBUG - row 306: [6, -46.0, -100.0, -100.0, -36.0, -100.0]
2025-07-09 06:43:25,844 - [learn.AI/learn] - DEBUG - row 307: [6, -49.0, -51.0, -61.0, -39.0, -61.0]
2025-07-09 06:43:25,844 - [learn.AI/learn] - DEBUG - row 308: [6, -100.0, -100.0, -100.0, -40.0, -100.0]
2025-07-09 06:43:25,844 - [learn.AI/learn] - DEBUG - row 309: [6, -48.0, -51.0, -60.0, -46.0, -64.0]
2025-07-09 06:43:25,844 - [learn.AI/learn] - DEBUG - row 310: [6, -46.0, -46.0, -100.0, -36.0, -100.0]
2025-07-09 06:43:25,844 - [learn.AI/learn] - DEBUG - row 311: [6, -48.0, -59.0, -100.0, -40.0, -100.0]
2025-07-09 06:43:25,844 - [learn.AI/learn] - DEBUG - row 312: [6, -48.0, -56.0, -100.0, -42.0, -67.0]
2025-07-09 06:43:25,845 - [learn.AI/learn] - DEBUG - row 313: [6, -47.0, -100.0, -100.0, -47.0, -100.0]
2025-07-09 06:43:25,845 - [learn.AI/learn] - DEBUG - row 314: [6, -54.0, -50.0, -100.0, -41.0, -100.0]
2025-07-09 06:43:25,845 - [learn.AI/learn] - DEBUG - row 315: [6, -53.0, -51.0, -100.0, -46.0, -67.0]
2025-07-09 06:43:25,845 - [learn.AI/learn] - DEBUG - row 316: [6, -53.0, -100.0, -100.0, -41.0, -64.0]
2025-07-09 06:43:25,845 - [learn.AI/learn] - DEBUG - row 317: [6, -52.0, -50.0, -100.0, -43.0, -69.0]
2025-07-09 06:43:25,845 - [learn.AI/learn] - DEBUG - row 318: [6, -47.0, -51.0, -100.0, -40.0, -60.0]
2025-07-09 06:43:25,845 - [learn.AI/learn] - DEBUG - row 319: [6, -48.0, -100.0, -63.0, -42.0, -100.0]
2025-07-09 06:43:25,845 - [learn.AI/learn] - DEBUG - row 320: [6, -46.0, -46.0, -69.0, -36.0, -100.0]
2025-07-09 06:43:25,845 - [learn.AI/learn] - DEBUG - row 321: [6, -45.0, -46.0, -100.0, -36.0, -100.0]
2025-07-09 06:43:25,845 - [learn.AI/learn] - DEBUG - row 322: [6, -48.0, -100.0, -100.0, -41.0, -100.0]
2025-07-09 06:43:25,845 - [learn.AI/learn] - DEBUG - row 323: [6, -46.0, -55.0, -100.0, -49.0, -100.0]
2025-07-09 06:43:25,846 - [learn.AI/learn] - DEBUG - row 324: [6, -48.0, -100.0, -100.0, -47.0, -100.0]
2025-07-09 06:43:25,846 - [learn.AI/learn] - DEBUG - row 325: [6, -100.0, -51.0, -100.0, -46.0, -100.0]
2025-07-09 06:43:25,846 - [learn.AI/learn] - DEBUG - row 326: [6, -45.0, -46.0, -100.0, -36.0, -100.0]
2025-07-09 06:43:25,846 - [learn.AI/learn] - DEBUG - row 327: [6, -52.0, -57.0, -100.0, -38.0, -100.0]
2025-07-09 06:43:25,846 - [learn.AI/learn] - DEBUG - row 328: [6, -47.0, -46.0, -100.0, -36.0, -100.0]
2025-07-09 06:43:25,846 - [learn.AI/learn] - DEBUG - row 329: [6, -45.0, -47.0, -100.0, -36.0, -100.0]
2025-07-09 06:43:25,846 - [learn.AI/learn] - DEBUG - row 330: [6, -39.0, -50.0, -59.0, -39.0, -100.0]
2025-07-09 06:43:25,846 - [learn.AI/learn] - DEBUG - row 331: [6, -46.0, -46.0, -100.0, -34.0, -64.0]
2025-07-09 06:43:25,846 - [learn.AI/learn] - DEBUG - row 332: [6, -48.0, -50.0, -100.0, -36.0, -100.0]
2025-07-09 06:43:25,846 - [learn.AI/learn] - DEBUG - row 333: [6, -46.0, -46.0, -100.0, -36.0, -100.0]
2025-07-09 06:43:25,846 - [learn.AI/learn] - DEBUG - row 334: [6, -100.0, -100.0, -62.0, -100.0, -100.0]
2025-07-09 06:43:25,846 - [learn.AI/learn] - DEBUG - row 335: [6, -45.0, -46.0, -100.0, -36.0, -100.0]
2025-07-09 06:43:25,846 - [learn.AI/learn] - DEBUG - row 336: [6, -44.0, -46.0, -100.0, -36.0, -100.0]
2025-07-09 06:43:25,847 - [learn.AI/learn] - DEBUG - row 337: [6, -45.0, -53.0, -100.0, -45.0, -61.0]
2025-07-09 06:43:25,847 - [learn.AI/learn] - DEBUG - row 338: [6, -44.0, -52.0, -100.0, -45.0, -100.0]
2025-07-09 06:43:25,847 - [learn.AI/learn] - DEBUG - row 339: [6, -46.0, -46.0, -68.0, -35.0, -62.0]
2025-07-09 06:43:25,847 - [learn.AI/learn] - DEBUG - row 340: [6, -49.0, -51.0, -100.0, -42.0, -100.0]
2025-07-09 06:43:25,847 - [learn.AI/learn] - DEBUG - row 341: [6, -46.0, -45.0, -100.0, -36.0, -100.0]
2025-07-09 06:43:25,847 - [learn.AI/learn] - DEBUG - row 342: [6, -43.0, -100.0, -100.0, -45.0, -100.0]
2025-07-09 06:43:25,847 - [learn.AI/learn] - DEBUG - row 343: [6, -53.0, -100.0, -100.0, -41.0, -64.0]
2025-07-09 06:43:25,847 - [learn.AI/learn] - DEBUG - row 344: [6, -57.0, -49.0, -100.0, -44.0, -100.0]
2025-07-09 06:43:25,847 - [learn.AI/learn] - DEBUG - row 345: [6, -46.0, -51.0, -100.0, -49.0, -100.0]
2025-07-09 06:43:25,847 - [learn.AI/learn] - DEBUG - row 346: [6, -46.0, -100.0, -100.0, -41.0, -68.0]
2025-07-09 06:43:25,847 - [learn.AI/learn] - DEBUG - row 347: [6, -45.0, -46.0, -100.0, -36.0, -100.0]
2025-07-09 06:43:25,847 - [learn.AI/learn] - DEBUG - row 348: [6, -55.0, -49.0, -100.0, -41.0, -100.0]
2025-07-09 06:43:25,847 - [learn.AI/learn] - DEBUG - row 349: [6, -55.0, -100.0, -100.0, -38.0, -100.0]
2025-07-09 06:43:25,847 - [learn.AI/learn] - DEBUG - row 350: [6, -44.0, -46.0, -70.0, -36.0, -100.0]
2025-07-09 06:43:25,847 - [learn.AI/learn] - DEBUG - row 351: [6, -43.0, -51.0, -100.0, -43.0, -100.0]
2025-07-09 06:43:25,848 - [learn.AI/learn] - DEBUG - row 352: [6, -100.0, -59.0, -100.0, -44.0, -65.0]
2025-07-09 06:43:25,848 - [learn.AI/learn] - DEBUG - row 353: [6, -48.0, -52.0, -100.0, -40.0, -100.0]
2025-07-09 06:43:25,848 - [learn.AI/learn] - DEBUG - row 354: [6, -48.0, -53.0, -100.0, -49.0, -100.0]
2025-07-09 06:43:25,848 - [learn.AI/learn] - DEBUG - row 355: [6, -51.0, -100.0, -100.0, -37.0, -100.0]
2025-07-09 06:43:25,848 - [learn.AI/learn] - DEBUG - row 356: [6, -100.0, -100.0, -100.0, -100.0, -100.0]
2025-07-09 06:43:25,848 - [learn.AI/learn] - DEBUG - row 357: [6, -48.0, -51.0, -100.0, -45.0, -100.0]
2025-07-09 06:43:25,848 - [learn.AI/learn] - DEBUG - row 358: [7, -33.0, -55.0, -100.0, -49.0, -100.0]
2025-07-09 06:43:25,848 - [learn.AI/learn] - DEBUG - row 359: [7, -37.0, -63.0, -100.0, -63.0, -100.0]
2025-07-09 06:43:25,848 - [learn.AI/learn] - DEBUG - row 360: [7, -38.0, -64.0, -100.0, -100.0, -100.0]
2025-07-09 06:43:25,848 - [learn.AI/learn] - DEBUG - row 361: [7, -42.0, -59.0, -100.0, -58.0, -80.0]
2025-07-09 06:43:25,848 - [learn.AI/learn] - DEBUG - row 362: [7, -42.0, -100.0, -79.0, -58.0, -100.0]
2025-07-09 06:43:25,848 - [learn.AI/learn] - DEBUG - row 363: [7, -100.0, -100.0, -100.0, -100.0, -100.0]
2025-07-09 06:43:25,848 - [learn.AI/learn] - DEBUG - row 364: [7, -36.0, -61.0, -75.0, -60.0, -100.0]
2025-07-09 06:43:25,848 - [learn.AI/learn] - DEBUG - row 365: [7, -33.0, -100.0, -100.0, -57.0, -100.0]
2025-07-09 06:43:25,848 - [learn.AI/learn] - DEBUG - row 366: [7, -31.0, -100.0, -100.0, -59.0, -100.0]
2025-07-09 06:43:25,848 - [learn.AI/learn] - DEBUG - row 367: [7, -37.0, -63.0, -76.0, -64.0, -100.0]
2025-07-09 06:43:25,849 - [learn.AI/learn] - DEBUG - row 368: [7, -37.0, -63.0, -100.0, -59.0, -75.0]
2025-07-09 06:43:25,849 - [learn.AI/learn] - DEBUG - row 369: [7, -36.0, -62.0, -100.0, -100.0, -100.0]
2025-07-09 06:43:25,849 - [learn.AI/learn] - DEBUG - row 370: [7, -37.0, -100.0, -77.0, -62.0, -100.0]
2025-07-09 06:43:25,849 - [learn.AI/learn] - DEBUG - row 371: [7, -42.0, -100.0, -79.0, -53.0, -80.0]
2025-07-09 06:43:25,849 - [learn.AI/learn] - DEBUG - row 372: [7, -40.0, -53.0, -100.0, -56.0, -100.0]
2025-07-09 06:43:25,849 - [learn.AI/learn] - DEBUG - row 373: [7, -28.0, -50.0, -68.0, -55.0, -100.0]
2025-07-09 06:43:25,849 - [learn.AI/learn] - DEBUG - row 374: [7, -40.0, -53.0, -100.0, -100.0, -100.0]
2025-07-09 06:43:25,849 - [learn.AI/learn] - DEBUG - row 375: [7, -37.0, -63.0, -100.0, -62.0, -100.0]
2025-07-09 06:43:25,849 - [learn.AI/learn] - DEBUG - row 376: [7, -43.0, -60.0, -79.0, -58.0, -100.0]
2025-07-09 06:43:25,849 - [learn.AI/learn] - DEBUG - row 377: [7, -37.0, -63.0, -100.0, -100.0, -100.0]
2025-07-09 06:43:25,849 - [learn.AI/learn] - DEBUG - row 378: [7, -42.0, -100.0, -100.0, -58.0, -100.0]
2025-07-09 06:43:25,849 - [learn.AI/learn] - DEBUG - row 379: [7, -44.0, -100.0, -100.0, -100.0, -80.0]
2025-07-09 06:43:25,849 - [learn.AI/learn] - DEBUG - row 380: [7, -42.0, -100.0, -100.0, -100.0, -81.0]
2025-07-09 06:43:25,849 - [learn.AI/learn] - DEBUG - row 381: [7, -29.0, -49.0, -100.0, -56.0, -76.0]
2025-07-09 06:43:25,849 - [learn.AI/learn] - DEBUG - row 382: [7, -41.0, -100.0, -100.0, -65.0, -100.0]
2025-07-09 06:43:25,849 - [learn.AI/learn] - DEBUG - row 383: [7, -37.0, -64.0, -76.0, -63.0, -100.0]
2025-07-09 06:43:25,850 - [learn.AI/learn] - DEBUG - row 384: [7, -41.0, -61.0, -78.0, -58.0, -100.0]
2025-07-09 06:43:25,850 - [learn.AI/learn] - DEBUG - row 385: [7, -34.0, -44.0, -100.0, -49.0, -100.0]
2025-07-09 06:43:25,850 - [learn.AI/learn] - DEBUG - row 386: [7, -37.0, -61.0, -100.0, -61.0, -100.0]
2025-07-09 06:43:25,850 - [learn.AI/learn] - DEBUG - row 387: [7, -38.0, -100.0, -77.0, -64.0, -100.0]
2025-07-09 06:43:25,850 - [learn.AI/learn] - DEBUG - row 388: [7, -41.0, -60.0, -100.0, -58.0, -100.0]
2025-07-09 06:43:25,850 - [learn.AI/learn] - DEBUG - row 389: [7, -39.0, -100.0, -75.0, -100.0, -100.0]
2025-07-09 06:43:25,850 - [learn.AI/learn] - DEBUG - row 390: [7, -53.0, -62.0, -100.0, -48.0, -100.0]
2025-07-09 06:43:25,850 - [learn.AI/learn] - DEBUG - row 391: [7, -42.0, -59.0, -100.0, -58.0, -100.0]
2025-07-09 06:43:25,850 - [learn.AI/learn] - DEBUG - row 392: [7, -30.0, -50.0, -69.0, -57.0, -100.0]
2025-07-09 06:43:25,850 - [learn.AI/learn] - DEBUG - row 393: [7, -37.0, -100.0, -76.0, -100.0, -100.0]
2025-07-09 06:43:25,850 - [learn.AI/learn] - DEBUG - row 394: [7, -43.0, -100.0, -74.0, -54.0, -100.0]
2025-07-09 06:43:25,850 - [learn.AI/learn] - DEBUG - row 395: [7, -41.0, -100.0, -100.0, -58.0, -100.0]
2025-07-09 06:43:25,850 - [learn.AI/learn] - DEBUG - row 396: [7, -37.0, -100.0, -100.0, -63.0, -100.0]
2025-07-09 06:43:25,850 - [learn.AI/learn] - DEBUG - row 397: [7, -43.0, -60.0, -100.0, -58.0, -100.0]
2025-07-09 06:43:25,850 - [learn.AI/learn] - DEBUG - row 398: [7, -37.0, -56.0, -76.0, -64.0, -100.0]
2025-07-09 06:43:25,850 - [learn.AI/learn] - DEBUG - row 399: [7, -37.0, -63.0, -100.0, -100.0, -100.0]
2025-07-09 06:43:25,851 - [learn.AI/learn] - DEBUG - row 400: [7, -42.0, -100.0, -73.0, -54.0, -100.0]
2025-07-09 06:43:25,851 - [learn.AI/learn] - DEBUG - row 401: [7, -29.0, -49.0, -100.0, -100.0, -100.0]
2025-07-09 06:43:25,851 - [learn.AI/learn] - DEBUG - row 402: [7, -42.0, -60.0, -78.0, -58.0, -100.0]
2025-07-09 06:43:25,851 - [learn.AI/learn] - DEBUG - row 403: [7, -43.0, -100.0, -100.0, -55.0, -100.0]
2025-07-09 06:43:25,851 - [learn.AI/learn] - DEBUG - row 404: [7, -43.0, -54.0, -100.0, -100.0, -100.0]
2025-07-09 06:43:25,851 - [learn.AI/learn] - DEBUG - row 405: [7, -37.0, -57.0, -75.0, -55.0, -100.0]
2025-07-09 06:43:25,851 - [learn.AI/learn] - DEBUG - row 406: [7, -37.0, -63.0, -76.0, -63.0, -75.0]
2025-07-09 06:43:25,851 - [learn.AI/learn] - DEBUG - row 407: [7, -37.0, -60.0, -100.0, -63.0, -100.0]
2025-07-09 06:43:25,851 - [learn.AI/learn] - DEBUG - row 408: [7, -51.0, -62.0, -100.0, -48.0, -72.0]
2025-07-09 06:43:25,851 - [learn.AI/learn] - DEBUG - row 409: [7, -43.0, -100.0, -74.0, -54.0, -100.0]
2025-07-09 06:43:25,851 - [learn.AI/learn] - DEBUG - row 410: [7, -43.0, -59.0, -100.0, -58.0, -100.0]
2025-07-09 06:43:25,851 - [learn.AI/learn] - DEBUG - row 411: [8, -100.0, -49.0, -100.0, -38.0, -100.0]
2025-07-09 06:43:25,851 - [learn.AI/learn] - DEBUG - row 412: [8, -100.0, -44.0, -54.0, -44.0, -100.0]
2025-07-09 06:43:25,851 - [learn.AI/learn] - DEBUG - row 413: [8, -100.0, -47.0, -100.0, -45.0, -100.0]
2025-07-09 06:43:25,851 - [learn.AI/learn] - DEBUG - row 414: [8, -100.0, -100.0, -60.0, -39.0, -59.0]
2025-07-09 06:43:25,851 - [learn.AI/learn] - DEBUG - row 415: [8, -100.0, -100.0, -100.0, -100.0, -100.0]
2025-07-09 06:43:25,851 - [learn.AI/learn] - DEBUG - row 416: [8, -100.0, -100.0, -60.0, -39.0, -59.0]
2025-07-09 06:43:25,851 - [learn.AI/learn] - DEBUG - row 417: [8, -100.0, -100.0, -54.0, -44.0, -53.0]
2025-07-09 06:43:25,852 - [learn.AI/learn] - DEBUG - row 418: [8, -100.0, -53.0, -57.0, -44.0, -61.0]
2025-07-09 06:43:25,852 - [learn.AI/learn] - DEBUG - row 419: [8, -60.0, -51.0, -52.0, -46.0, -100.0]
2025-07-09 06:43:25,852 - [learn.AI/learn] - DEBUG - row 420: [8, -100.0, -47.0, -52.0, -45.0, -53.0]
2025-07-09 06:43:25,852 - [learn.AI/learn] - DEBUG - row 421: [8, -100.0, -47.0, -48.0, -100.0, -100.0]
2025-07-09 06:43:25,852 - [learn.AI/learn] - DEBUG - row 422: [8, -60.0, -100.0, -50.0, -42.0, -55.0]
2025-07-09 06:43:25,852 - [learn.AI/learn] - DEBUG - row 423: [8, -100.0, -48.0, -55.0, -45.0, -52.0]
2025-07-09 06:43:25,852 - [learn.AI/learn] - DEBUG - row 424: [8, -100.0, -47.0, -100.0, -45.0, -51.0]
2025-07-09 06:43:25,852 - [learn.AI/learn] - DEBUG - row 425: [8, -100.0, -48.0, -100.0, -40.0, -100.0]
2025-07-09 06:43:25,852 - [learn.AI/learn] - DEBUG - row 426: [8, -100.0, -50.0, -54.0, -40.0, -100.0]
2025-07-09 06:43:25,852 - [learn.AI/learn] - DEBUG - row 427: [8, -63.0, -53.0, -51.0, -40.0, -60.0]
2025-07-09 06:43:25,852 - [learn.AI/learn] - DEBUG - row 428: [8, -100.0, -49.0, -54.0, -46.0, -55.0]
2025-07-09 06:43:25,852 - [learn.AI/learn] - DEBUG - row 429: [8, -100.0, -52.0, -100.0, -39.0, -100.0]
2025-07-09 06:43:25,852 - [learn.AI/learn] - DEBUG - row 430: [8, -100.0, -44.0, -54.0, -44.0, -52.0]
2025-07-09 06:43:25,853 - [learn.AI/learn] - DEBUG - row 431: [8, -100.0, -49.0, -61.0, -38.0, -56.0]
2025-07-09 06:43:25,853 - [learn.AI/learn] - DEBUG - row 432: [8, -100.0, -49.0, -51.0, -47.0, -52.0]
2025-07-09 06:43:25,853 - [learn.AI/learn] - DEBUG - row 433: [8, -100.0, -48.0, -53.0, -45.0, -53.0]
2025-07-09 06:43:25,853 - [learn.AI/learn] - DEBUG - row 434: [8, -64.0, -49.0, -100.0, -44.0, -52.0]
2025-07-09 06:43:25,853 - [learn.AI/learn] - DEBUG - row 435: [8, -100.0, -100.0, -100.0, -100.0, -100.0]
2025-07-09 06:43:25,853 - [learn.AI/learn] - DEBUG - row 436: [8, -100.0, -48.0, -100.0, -40.0, -100.0]
2025-07-09 06:43:25,853 - [learn.AI/learn] - DEBUG - row 437: [8, -100.0, -48.0, -100.0, -40.0, -58.0]
2025-07-09 06:43:25,853 - [learn.AI/learn] - DEBUG - row 438: [8, -55.0, -100.0, -58.0, -39.0, -100.0]
2025-07-09 06:43:25,853 - [learn.AI/learn] - DEBUG - row 439: [8, -100.0, -47.0, -52.0, -46.0, -51.0]
2025-07-09 06:43:25,853 - [learn.AI/learn] - DEBUG - row 440: [8, -100.0, -48.0, -100.0, -47.0, -100.0]
2025-07-09 06:43:25,853 - [learn.AI/learn] - DEBUG - row 441: [8, -100.0, -100.0, -100.0, -100.0, -52.0]
2025-07-09 06:43:25,853 - [learn.AI/learn] - DEBUG - row 442: [8, -100.0, -100.0, -100.0, -100.0, -100.0]
2025-07-09 06:43:25,853 - [learn.AI/learn] - DEBUG - row 443: [8, -100.0, -46.0, -100.0, -47.0, -54.0]
2025-07-09 06:43:25,853 - [learn.AI/learn] - DEBUG - row 444: [8, -100.0, -49.0, -52.0, -46.0, -51.0]
2025-07-09 06:43:25,853 - [learn.AI/learn] - DEBUG - row 445: [8, -100.0, -100.0, -100.0, -45.0, -100.0]
2025-07-09 06:43:25,853 - [learn.AI/learn] - DEBUG - row 446: [8, -100.0, -48.0, -100.0, -45.0, -52.0]
2025-07-09 06:43:25,853 - [learn.AI/learn] - DEBUG - row 447: [8, -64.0, -49.0, -100.0, -46.0, -51.0]
2025-07-09 06:43:25,853 - [learn.AI/learn] - DEBUG - row 448: [8, -55.0, -55.0, -100.0, -49.0, -100.0]
2025-07-09 06:43:25,853 - [learn.AI/learn] - DEBUG - row 449: [8, -100.0, -48.0, -100.0, -44.0, -100.0]
2025-07-09 06:43:25,854 - [learn.AI/learn] - DEBUG - row 450: [8, -100.0, -52.0, -59.0, -37.0, -100.0]
2025-07-09 06:43:25,854 - [learn.AI/learn] - DEBUG - row 451: [8, -100.0, -49.0, -100.0, -40.0, -100.0]
2025-07-09 06:43:25,854 - [learn.AI/learn] - DEBUG - row 452: [8, -100.0, -100.0, -63.0, -100.0, -100.0]
2025-07-09 06:43:25,854 - [learn.AI/learn] - DEBUG - row 453: [8, -64.0, -47.0, -100.0, -44.0, -100.0]
2025-07-09 06:43:25,854 - [learn.AI/learn] - DEBUG - row 454: [8, -100.0, -100.0, -49.0, -40.0, -100.0]
2025-07-09 06:43:25,854 - [learn.AI/learn] - DEBUG - row 455: [8, -100.0, -49.0, -100.0, -44.0, -52.0]
2025-07-09 06:43:25,854 - [learn.AI/learn] - DEBUG - row 456: [8, -100.0, -49.0, -48.0, -45.0, -52.0]
2025-07-09 06:43:25,854 - [learn.AI/learn] - DEBUG - row 457: [8, -100.0, -100.0, -53.0, -45.0, -53.0]
2025-07-09 06:43:25,854 - [learn.AI/learn] - DEBUG - row 458: [8, -61.0, -48.0, -100.0, -46.0, -100.0]
2025-07-09 06:43:25,854 - [learn.AI/learn] - DEBUG - row 459: [8, -100.0, -100.0, -56.0, -42.0, -100.0]
2025-07-09 06:43:25,854 - [learn.AI/learn] - DEBUG - row 460: [8, -100.0, -48.0, -100.0, -44.0, -52.0]
2025-07-09 06:43:25,854 - [learn.AI/learn] - DEBUG - row 461: [8, -100.0, -49.0, -100.0, -45.0, -100.0]
2025-07-09 06:43:25,854 - [learn.AI/learn] - DEBUG - row 462: [8, -100.0, -47.0, -100.0, -43.0, -53.0]
2025-07-09 06:43:25,854 - [learn.AI/learn] - DEBUG - row 463: [8, -66.0, -50.0, -100.0, -41.0, -100.0]
2025-07-09 06:43:25,854 - [learn.AI/learn] - DEBUG - row 464: [8, -63.0, -49.0, -49.0, -47.0, -53.0]
2025-07-09 06:43:25,854 - [learn.AI/learn] - DEBUG - row 465: [9, -79.0, -60.0, -58.0, -100.0, -42.0]
2025-07-09 06:43:25,854 - [learn.AI/learn] - DEBUG - row 466: [9, -100.0, -100.0, -40.0, -100.0, -49.0]
2025-07-09 06:43:25,854 - [learn.AI/learn] - DEBUG - row 467: [9, -79.0, -60.0, -58.0, -100.0, -42.0]
2025-07-09 06:43:25,854 - [learn.AI/learn] - DEBUG - row 468: [9, -100.0, -59.0, -100.0, -100.0, -55.0]
2025-07-09 06:43:25,854 - [learn.AI/learn] - DEBUG - row 469: [9, -100.0, -100.0, -39.0, -68.0, -48.0]
2025-07-09 06:43:25,855 - [learn.AI/learn] - DEBUG - row 470: [9, -100.0, -62.0, -50.0, -63.0, -40.0]
2025-07-09 06:43:25,855 - [learn.AI/learn] - DEBUG - row 471: [9, -100.0, -100.0, -45.0, -68.0, -46.0]
2025-07-09 06:43:25,855 - [learn.AI/learn] - DEBUG - row 472: [9, -100.0, -54.0, -39.0, -61.0, -100.0]
2025-07-09 06:43:25,855 - [learn.AI/learn] - DEBUG - row 473: [9, -100.0, -100.0, -33.0, -100.0, -55.0]
2025-07-09 06:43:25,855 - [learn.AI/learn] - DEBUG - row 474: [9, -100.0, -100.0, -44.0, -100.0, -49.0]
2025-07-09 06:43:25,855 - [learn.AI/learn] - DEBUG - row 475: [9, -100.0, -100.0, -36.0, -100.0, -42.0]
2025-07-09 06:43:25,855 - [learn.AI/learn] - DEBUG - row 476: [9, -100.0, -62.0, -33.0, -100.0, -53.0]
2025-07-09 06:43:25,855 - [learn.AI/learn] - DEBUG - row 477: [9, -100.0, -59.0, -42.0, -100.0, -38.0]
2025-07-09 06:43:25,855 - [learn.AI/learn] - DEBUG - row 478: [9, -73.0, -52.0, -40.0, -68.0, -41.0]
2025-07-09 06:43:25,855 - [learn.AI/learn] - DEBUG - row 479: [9, -74.0, -100.0, -42.0, -100.0, -49.0]
2025-07-09 06:43:25,855 - [learn.AI/learn] - DEBUG - row 480: [9, -100.0, -53.0, -38.0, -100.0, -43.0]
2025-07-09 06:43:25,855 - [learn.AI/learn] - DEBUG - row 481: [9, -100.0, -61.0, -33.0, -64.0, -55.0]
2025-07-09 06:43:25,855 - [learn.AI/learn] - DEBUG - row 482: [9, -100.0, -100.0, -33.0, -100.0, -53.0]
2025-07-09 06:43:25,855 - [learn.AI/learn] - DEBUG - row 483: [9, -100.0, -60.0, -33.0, -64.0, -100.0]
2025-07-09 06:43:25,855 - [learn.AI/learn] - DEBUG - row 484: [9, -73.0, -100.0, -38.0, -100.0, -41.0]
2025-07-09 06:43:25,855 - [learn.AI/learn] - DEBUG - row 485: [9, -76.0, -100.0, -46.0, -66.0, -50.0]
2025-07-09 06:43:25,855 - [learn.AI/learn] - DEBUG - row 486: [9, -100.0, -100.0, -41.0, -100.0, -46.0]
2025-07-09 06:43:25,855 - [learn.AI/learn] - DEBUG - row 487: [9, -100.0, -57.0, -33.0, -66.0, -55.0]
2025-07-09 06:43:25,855 - [learn.AI/learn] - DEBUG - row 488: [9, -100.0, -56.0, -38.0, -57.0, -49.0]
2025-07-09 06:43:25,856 - [learn.AI/learn] - DEBUG - row 489: [9, -73.0, -100.0, -40.0, -100.0, -41.0]
2025-07-09 06:43:25,856 - [learn.AI/learn] - DEBUG - row 490: [9, -100.0, -54.0, -40.0, -100.0, -39.0]
2025-07-09 06:43:25,856 - [learn.AI/learn] - DEBUG - row 491: [9, -100.0, -57.0, -36.0, -58.0, -48.0]
2025-07-09 06:43:25,856 - [learn.AI/learn] - DEBUG - row 492: [9, -100.0, -61.0, -33.0, -100.0, -55.0]
2025-07-09 06:43:25,856 - [learn.AI/learn] - DEBUG - row 493: [9, -100.0, -54.0, -38.0, -100.0, -42.0]
2025-07-09 06:43:25,856 - [learn.AI/learn] - DEBUG - row 494: [9, -100.0, -53.0, -41.0, -67.0, -42.0]
2025-07-09 06:43:25,856 - [learn.AI/learn] - DEBUG - row 495: [9, -100.0, -60.0, -33.0, -100.0, -55.0]
2025-07-09 06:43:25,856 - [learn.AI/learn] - DEBUG - row 496: [9, -100.0, -53.0, -40.0, -66.0, -42.0]
2025-07-09 06:43:25,856 - [learn.AI/learn] - DEBUG - row 497: [9, -100.0, -50.0, -39.0, -66.0, -53.0]
2025-07-09 06:43:25,857 - [learn.AI/learn] - DEBUG - row 498: [9, -100.0, -100.0, -41.0, -68.0, -42.0]
2025-07-09 06:43:25,857 - [learn.AI/learn] - DEBUG - row 499: [9, -100.0, -100.0, -33.0, -65.0, -55.0]
2025-07-09 06:43:25,857 - [learn.AI/learn] - DEBUG - row 500: [9, -100.0, -100.0, -33.0, -63.0, -52.0]
2025-07-09 06:43:25,857 - [learn.AI/learn] - DEBUG - row 501: [9, -100.0, -100.0, -42.0, -69.0, -53.0]
2025-07-09 06:43:25,857 - [learn.AI/learn] - DEBUG - row 502: [9, -74.0, -59.0, -47.0, -100.0, -49.0]
2025-07-09 06:43:25,857 - [learn.AI/learn] - DEBUG - row 503: [9, -100.0, -61.0, -34.0, -65.0, -56.0]
2025-07-09 06:43:25,857 - [learn.AI/learn] - DEBUG - row 504: [9, -100.0, -60.0, -33.0, -100.0, -57.0]
2025-07-09 06:43:25,857 - [learn.AI/learn] - DEBUG - row 505: [9, -100.0, -100.0, -41.0, -100.0, -42.0]
2025-07-09 06:43:25,857 - [learn.AI/learn] - DEBUG - row 506: [9, -78.0, -100.0, -34.0, -100.0, -55.0]
2025-07-09 06:43:25,857 - [learn.AI/learn] - DEBUG - row 507: [9, -100.0, -59.0, -40.0, -100.0, -47.0]
2025-07-09 06:43:25,857 - [learn.AI/learn] - DEBUG - row 508: [9, -100.0, -56.0, -39.0, -100.0, -49.0]
2025-07-09 06:43:25,857 - [learn.AI/learn] - DEBUG - row 509: [9, -100.0, -100.0, -40.0, -100.0, -40.0]
2025-07-09 06:43:25,857 - [learn.AI/learn] - DEBUG - row 510: [10, -53.0, -39.0, -62.0, -100.0, -59.0]
2025-07-09 06:43:25,858 - [learn.AI/learn] - DEBUG - row 511: [10, -100.0, -100.0, -100.0, -100.0, -100.0]
2025-07-09 06:43:25,858 - [learn.AI/learn] - DEBUG - row 512: [10, -60.0, -44.0, -59.0, -100.0, -55.0]
2025-07-09 06:43:25,858 - [learn.AI/learn] - DEBUG - row 513: [10, -100.0, -36.0, -51.0, -68.0, -100.0]
2025-07-09 06:43:25,858 - [learn.AI/learn] - DEBUG - row 514: [10, -100.0, -37.0, -57.0, -100.0, -100.0]
2025-07-09 06:43:25,858 - [learn.AI/learn] - DEBUG - row 515: [10, -54.0, -38.0, -100.0, -100.0, -100.0]
2025-07-09 06:43:25,858 - [learn.AI/learn] - DEBUG - row 516: [10, -100.0, -38.0, -100.0, -68.0, -100.0]
2025-07-09 06:43:25,858 - [learn.AI/learn] - DEBUG - row 517: [10, -100.0, -37.0, -100.0, -64.0, -62.0]
2025-07-09 06:43:25,858 - [learn.AI/learn] - DEBUG - row 518: [10, -100.0, -37.0, -100.0, -100.0, -56.0]
2025-07-09 06:43:25,858 - [learn.AI/learn] - DEBUG - row 519: [10, -58.0, -45.0, -100.0, -100.0, -100.0]
2025-07-09 06:43:25,858 - [learn.AI/learn] - DEBUG - row 520: [10, -57.0, -37.0, -62.0, -100.0, -100.0]
2025-07-09 06:43:25,858 - [learn.AI/learn] - DEBUG - row 521: [10, -100.0, -44.0, -100.0, -100.0, -100.0]
2025-07-09 06:43:25,858 - [learn.AI/learn] - DEBUG - row 522: [10, -51.0, -37.0, -100.0, -100.0, -100.0]
2025-07-09 06:43:25,858 - [learn.AI/learn] - DEBUG - row 523: [10, -50.0, -37.0, -66.0, -66.0, -58.0]
2025-07-09 06:43:25,858 - [learn.AI/learn] - DEBUG - row 524: [10, -59.0, -45.0, -59.0, -69.0, -55.0]
2025-07-09 06:43:25,858 - [learn.AI/learn] - DEBUG - row 525: [10, -56.0, -39.0, -100.0, -62.0, -100.0]
2025-07-09 06:43:25,858 - [learn.AI/learn] - DEBUG - row 526: [10, -55.0, -41.0, -100.0, -100.0, -100.0]
2025-07-09 06:43:25,858 - [learn.AI/learn] - DEBUG - row 527: [10, -51.0, -36.0, -100.0, -100.0, -100.0]
2025-07-09 06:43:25,858 - [learn.AI/learn] - DEBUG - row 528: [10, -53.0, -45.0, -100.0, -73.0, -56.0]
2025-07-09 06:43:25,859 - [learn.AI/learn] - DEBUG - row 529: [10, -52.0, -32.0, -51.0, -100.0, -100.0]
2025-07-09 06:43:25,859 - [learn.AI/learn] - DEBUG - row 530: [10, -100.0, -33.0, -54.0, -100.0, -65.0]
2025-07-09 06:43:25,859 - [learn.AI/learn] - DEBUG - row 531: [10, -52.0, -35.0, -48.0, -100.0, -100.0]
2025-07-09 06:43:25,859 - [learn.AI/learn] - DEBUG - row 532: [10, -51.0, -38.0, -61.0, -100.0, -100.0]
2025-07-09 06:43:25,859 - [learn.AI/learn] - DEBUG - row 533: [10, -59.0, -46.0, -100.0, -100.0, -100.0]
2025-07-09 06:43:25,859 - [learn.AI/learn] - DEBUG - row 534: [10, -100.0, -43.0, -100.0, -72.0, -100.0]
2025-07-09 06:43:25,859 - [learn.AI/learn] - DEBUG - row 535: [10, -56.0, -31.0, -55.0, -69.0, -59.0]
2025-07-09 06:43:25,859 - [learn.AI/learn] - DEBUG - row 536: [10, -57.0, -31.0, -63.0, -62.0, -67.0]
2025-07-09 06:43:25,859 - [learn.AI/learn] - DEBUG - row 537: [10, -52.0, -36.0, -100.0, -100.0, -100.0]
2025-07-09 06:43:25,859 - [learn.AI/learn] - DEBUG - row 538: [10, -51.0, -37.0, -60.0, -100.0, -59.0]
2025-07-09 06:43:25,859 - [learn.AI/learn] - DEBUG - row 539: [10, -51.0, -37.0, -100.0, -100.0, -60.0]
2025-07-09 06:43:25,859 - [learn.AI/learn] - DEBUG - row 540: [10, -55.0, -42.0, -57.0, -100.0, -100.0]
2025-07-09 06:43:25,860 - [learn.AI/learn] - DEBUG - row 541: [10, -100.0, -46.0, -100.0, -100.0, -100.0]
2025-07-09 06:43:25,860 - [learn.AI/learn] - DEBUG - row 542: [10, -52.0, -37.0, -62.0, -100.0, -100.0]
2025-07-09 06:43:25,860 - [learn.AI/learn] - DEBUG - row 543: [10, -59.0, -45.0, -59.0, -68.0, -57.0]
2025-07-09 06:43:25,860 - [learn.AI/learn] - DEBUG - row 544: [10, -55.0, -38.0, -55.0, -100.0, -100.0]
2025-07-09 06:43:25,860 - [learn.AI/learn] - DEBUG - row 545: [10, -52.0, -39.0, -51.0, -60.0, -56.0]
2025-07-09 06:43:25,860 - [learn.AI/learn] - DEBUG - row 546: [10, -52.0, -42.0, -100.0, -100.0, -62.0]
2025-07-09 06:43:25,860 - [learn.AI/learn] - DEBUG - row 547: [10, -51.0, -38.0, -60.0, -100.0, -100.0]
2025-07-09 06:43:25,861 - [learn.AI/learn] - DEBUG - row 548: [10, -52.0, -38.0, -59.0, -68.0, -60.0]
2025-07-09 06:43:25,861 - [learn.AI/learn] - DEBUG - row 549: [10, -100.0, -100.0, -100.0, -100.0, -100.0]
2025-07-09 06:43:25,862 - [learn.AI/learn] - DEBUG - row 550: [10, -56.0, -46.0, -100.0, -100.0, -54.0]
2025-07-09 06:43:25,862 - [learn.AI/learn] - DEBUG - row 551: [10, -52.0, -41.0, -51.0, -100.0, -100.0]
2025-07-09 06:43:25,862 - [learn.AI/learn] - DEBUG - row 552: [10, -100.0, -38.0, -100.0, -100.0, -61.0]
2025-07-09 06:43:25,862 - [learn.AI/learn] - DEBUG - row 553: [10, -54.0, -39.0, -100.0, -62.0, -62.0]
2025-07-09 06:43:25,862 - [learn.AI/learn] - DEBUG - row 554: [10, -58.0, -46.0, -58.0, -67.0, -55.0]
2025-07-09 06:43:25,862 - [learn.AI/learn] - DEBUG - row 555: [10, -58.0, -46.0, -58.0, -67.0, -55.0]
2025-07-09 06:43:25,862 - [learn.AI/learn] - DEBUG - row 556: [10, -53.0, -37.0, -60.0, -100.0, -65.0]
2025-07-09 06:43:25,862 - [learn.AI/learn] - DEBUG - row 557: [10, -54.0, -38.0, -55.0, -100.0, -100.0]
2025-07-09 06:43:25,862 - [learn.AI/learn] - DEBUG - row 558: [10, -53.0, -41.0, -52.0, -100.0, -100.0]
2025-07-09 06:43:25,862 - [learn.AI/learn] - DEBUG - row 559: [10, -100.0, -45.0, -100.0, -100.0, -54.0]
2025-07-09 06:43:25,862 - [learn.AI/learn] - DEBUG - row 560: [10, -100.0, -43.0, -100.0, -70.0, -100.0]
2025-07-09 06:43:25,862 - [learn.AI/learn] - DEBUG - row 561: [10, -58.0, -38.0, -57.0, -100.0, -54.0]
2025-07-09 06:43:25,862 - [learn.AI/learn] - DEBUG - row 562: [10, -57.0, -40.0, -58.0, -100.0, -100.0]
2025-07-09 06:43:25,862 - [learn.AI/learn] - DEBUG - row 563: [10, -57.0, -46.0, -100.0, -70.0, -58.0]
2025-07-09 06:43:25,862 - [learn.AI/learn] - DEBUG - row 564: [10, -100.0, -100.0, -65.0, -100.0, -100.0]
2025-07-09 06:43:25,862 - [learn.AI/learn] - DEBUG - row 565: [10, -57.0, -38.0, -61.0, -65.0, -61.0]
2025-07-09 06:43:25,862 - [learn.AI/learn] - DEBUG - row 566: [11, -42.0, -47.0, -100.0, -100.0, -100.0]
2025-07-09 06:43:25,863 - [learn.AI/learn] - DEBUG - row 567: [11, -46.0, -41.0, -100.0, -100.0, -67.0]
2025-07-09 06:43:25,863 - [learn.AI/learn] - DEBUG - row 568: [11, -44.0, -43.0, -100.0, -100.0, -100.0]
2025-07-09 06:43:25,863 - [learn.AI/learn] - DEBUG - row 569: [11, -49.0, -39.0, -100.0, -62.0, -100.0]
2025-07-09 06:43:25,863 - [learn.AI/learn] - DEBUG - row 570: [11, -41.0, -43.0, -100.0, -100.0, -100.0]
2025-07-09 06:43:25,863 - [learn.AI/learn] - DEBUG - row 571: [11, -46.0, -41.0, -100.0, -56.0, -100.0]
2025-07-09 06:43:25,863 - [learn.AI/learn] - DEBUG - row 572: [11, -49.0, -43.0, -100.0, -100.0, -64.0]
2025-07-09 06:43:25,863 - [learn.AI/learn] - DEBUG - row 573: [11, -38.0, -47.0, -100.0, -53.0, -67.0]
2025-07-09 06:43:25,863 - [learn.AI/learn] - DEBUG - row 574: [11, -44.0, -41.0, -69.0, -57.0, -100.0]
2025-07-09 06:43:25,863 - [learn.AI/learn] - DEBUG - row 575: [11, -42.0, -100.0, -100.0, -55.0, -100.0]
2025-07-09 06:43:25,863 - [learn.AI/learn] - DEBUG - row 576: [11, -49.0, -57.0, -100.0, -100.0, -100.0]
2025-07-09 06:43:25,863 - [learn.AI/learn] - DEBUG - row 577: [11, -42.0, -44.0, -62.0, -100.0, -100.0]
2025-07-09 06:43:25,863 - [learn.AI/learn] - DEBUG - row 578: [11, -44.0, -44.0, -100.0, -100.0, -100.0]
2025-07-09 06:43:25,863 - [learn.AI/learn] - DEBUG - row 579: [11, -43.0, -42.0, -62.0, -100.0, -69.0]
2025-07-09 06:43:25,864 - [learn.AI/learn] - DEBUG - row 580: [11, -42.0, -43.0, -100.0, -100.0, -100.0]
2025-07-09 06:43:25,864 - [learn.AI/learn] - DEBUG - row 581: [11, -44.0, -43.0, -68.0, -57.0, -66.0]
2025-07-09 06:43:25,864 - [learn.AI/learn] - DEBUG - row 582: [11, -43.0, -43.0, -100.0, -56.0, -69.0]
2025-07-09 06:43:25,864 - [learn.AI/learn] - DEBUG - row 583: [11, -38.0, -47.0, -100.0, -100.0, -67.0]
2025-07-09 06:43:25,864 - [learn.AI/learn] - DEBUG - row 584: [11, -40.0, -45.0, -100.0, -55.0, -100.0]
2025-07-09 06:43:25,864 - [learn.AI/learn] - DEBUG - row 585: [11, -39.0, -43.0, -100.0, -57.0, -64.0]
2025-07-09 06:43:25,864 - [learn.AI/learn] - DEBUG - row 586: [11, -47.0, -44.0, -100.0, -100.0, -100.0]
2025-07-09 06:43:25,864 - [learn.AI/learn] - DEBUG - row 587: [11, -100.0, -100.0, -100.0, -100.0, -100.0]
2025-07-09 06:43:25,864 - [learn.AI/learn] - DEBUG - row 588: [11, -45.0, -43.0, -69.0, -100.0, -67.0]
2025-07-09 06:43:25,864 - [learn.AI/learn] - DEBUG - row 589: [11, -44.0, -42.0, -100.0, -57.0, -100.0]
2025-07-09 06:43:25,864 - [learn.AI/learn] - DEBUG - row 590: [11, -48.0, -39.0, -100.0, -52.0, -100.0]
2025-07-09 06:43:25,864 - [learn.AI/learn] - DEBUG - row 591: [11, -40.0, -39.0, -61.0, -100.0, -100.0]
2025-07-09 06:43:25,864 - [learn.AI/learn] - DEBUG - row 592: [11, -40.0, -44.0, -65.0, -54.0, -69.0]
2025-07-09 06:43:25,864 - [learn.AI/learn] - DEBUG - row 593: [11, -43.0, -48.0, -100.0, -57.0, -100.0]
2025-07-09 06:43:25,865 - [learn.AI/learn] - DEBUG - row 594: [11, -47.0, -41.0, -100.0, -100.0, -100.0]
2025-07-09 06:43:25,865 - [learn.AI/learn] - DEBUG - row 595: [11, -44.0, -43.0, -100.0, -56.0, -100.0]
2025-07-09 06:43:25,865 - [learn.AI/learn] - DEBUG - row 596: [11, -47.0, -42.0, -100.0, -56.0, -100.0]
2025-07-09 06:43:25,865 - [learn.AI/learn] - DEBUG - row 597: [11, -42.0, -45.0, -70.0, -100.0, -66.0]
2025-07-09 06:43:25,865 - [learn.AI/learn] - DEBUG - row 598: [11, -42.0, -48.0, -60.0, -100.0, -66.0]
2025-07-09 06:43:25,865 - [learn.AI/learn] - DEBUG - row 599: [11, -42.0, -42.0, -100.0, -60.0, -100.0]
2025-07-09 06:43:25,865 - [learn.AI/learn] - DEBUG - row 600: [11, -45.0, -41.0, -100.0, -100.0, -100.0]
2025-07-09 06:43:25,865 - [learn.AI/learn] - DEBUG - row 601: [11, -39.0, -43.0, -100.0, -100.0, -100.0]
2025-07-09 06:43:25,865 - [learn.AI/learn] - DEBUG - row 602: [11, -38.0, -42.0, -58.0, -57.0, -100.0]
2025-07-09 06:43:25,865 - [learn.AI/learn] - DEBUG - row 603: [11, -43.0, -45.0, -100.0, -100.0, -71.0]
2025-07-09 06:43:25,865 - [learn.AI/learn] - DEBUG - row 604: [11, -44.0, -43.0, -100.0, -57.0, -100.0]
2025-07-09 06:43:25,865 - [learn.AI/learn] - DEBUG - row 605: [11, -42.0, -43.0, -100.0, -100.0, -100.0]
2025-07-09 06:43:25,865 - [learn.AI/learn] - DEBUG - row 606: [11, -47.0, -41.0, -100.0, -100.0, -100.0]
2025-07-09 06:43:25,865 - [learn.AI/learn] - DEBUG - row 607: [11, -45.0, -43.0, -69.0, -100.0, -100.0]
2025-07-09 06:43:25,865 - [learn.AI/learn] - DEBUG - row 608: [11, -38.0, -42.0, -59.0, -57.0, -100.0]
2025-07-09 06:43:25,865 - [learn.AI/learn] - DEBUG - row 609: [11, -51.0, -41.0, -63.0, -100.0, -100.0]
2025-07-09 06:43:25,865 - [learn.AI/learn] - DEBUG - row 610: [11, -100.0, -100.0, -100.0, -100.0, -100.0]
2025-07-09 06:43:25,866 - [learn.AI/learn] - DEBUG - row 611: [11, -45.0, -43.0, -100.0, -100.0, -100.0]
2025-07-09 06:43:25,866 - [learn.AI/learn] - DEBUG - row 612: [11, -41.0, -48.0, -100.0, -57.0, -100.0]
2025-07-09 06:43:25,866 - [learn.AI/learn] - DEBUG - row 613: [11, -43.0, -41.0, -100.0, -63.0, -100.0]
2025-07-09 06:43:25,866 - [learn.AI/learn] - DEBUG - row 614: [11, -43.0, -43.0, -100.0, -57.0, -100.0]
2025-07-09 06:43:25,866 - [learn.AI/learn] - DEBUG - row 615: [11, -38.0, -42.0, -67.0, -100.0, -100.0]
2025-07-09 06:43:25,866 - [learn.AI/learn] - DEBUG - row 616: [11, -42.0, -46.0, -63.0, -55.0, -100.0]
2025-07-09 06:43:25,866 - [learn.AI/learn] - DEBUG - row 617: [11, -42.0, -41.0, -100.0, -54.0, -100.0]
2025-07-09 06:43:25,866 - [learn.AI/learn] - DEBUG - row 618: [11, -44.0, -45.0, -100.0, -52.0, -100.0]
2025-07-09 06:43:25,866 - [learn.AI/learn] - DEBUG - row 619: [11, -42.0, -46.0, -100.0, -54.0, -100.0]
2025-07-09 06:43:25,866 - [learn.AI/learn] - DEBUG - row 620: [11, -100.0, -100.0, -100.0, -54.0, -100.0]
2025-07-09 06:43:25,866 - [learn.AI/learn] - DEBUG - row 621: [11, -42.0, -45.0, -100.0, -49.0, -63.0]
2025-07-09 06:43:25,866 - [learn.AI/learn] - DEBUG - row 622: [11, -44.0, -41.0, -100.0, -100.0, -100.0]
2025-07-09 06:43:25,866 - [learn.AI/learn] - DEBUG - row 623: [11, -45.0, -48.0, -100.0, -100.0, -100.0]
2025-07-09 06:43:25,866 - [learn.AI/learn] - DEBUG - row 624: [11, -43.0, -47.0, -100.0, -57.0, -100.0]
2025-07-09 06:43:25,866 - [learn.AI/learn] - DEBUG - row 625: [11, -44.0, -44.0, -100.0, -100.0, -100.0]
2025-07-09 06:43:25,866 - [learn.AI/learn] - DEBUG - row 626: [11, -43.0, -48.0, -100.0, -57.0, -100.0]
2025-07-09 06:43:25,867 - [learn.AI/learn] - DEBUG - row 627: [11, -45.0, -100.0, -100.0, -55.0, -67.0]
2025-07-09 06:43:25,867 - [learn.AI/learn] - DEBUG - row 628: [11, -43.0, -41.0, -100.0, -56.0, -69.0]
2025-07-09 06:43:25,867 - [learn.AI/learn] - DEBUG - row 629: [11, -42.0, -43.0, -64.0, -56.0, -100.0]
2025-07-09 06:43:25,867 - [learn.AI/learn] - DEBUG - row 630: [11, -50.0, -41.0, -100.0, -56.0, -63.0]
2025-07-09 06:43:25,867 - [learn.AI/learn] - DEBUG - row 631: [11, -42.0, -42.0, -100.0, -100.0, -100.0]
2025-07-09 06:43:25,867 - [learn.AI/learn] - DEBUG - row 632: [11, -45.0, -42.0, -100.0, -56.0, -68.0]
2025-07-09 06:43:25,867 - [learn.AI/learn] - DEBUG - row 633: [11, -42.0, -43.0, -100.0, -56.0, -100.0]
2025-07-09 06:43:25,867 - [learn.AI/learn] - DEBUG - row 634: [11, -42.0, -41.0, -100.0, -52.0, -59.0]
2025-07-09 06:43:25,867 - [learn.AI/learn] - DEBUG - row 635: [11, -46.0, -45.0, -100.0, -100.0, -100.0]
2025-07-09 06:43:25,867 - [learn.AI/learn] - DEBUG - row 636: [11, -45.0, -41.0, -100.0, -100.0, -100.0]
2025-07-09 06:43:25,867 - [learn.AI/learn] - DEBUG - row 637: [11, -43.0, -47.0, -100.0, -100.0, -100.0]
2025-07-09 06:43:25,867 - [learn.AI/learn] - DEBUG - row 638: [11, -41.0, -37.0, -100.0, -55.0, -100.0]
2025-07-09 06:43:25,867 - [learn.AI/learn] - DEBUG - row 639: [11, -41.0, -44.0, -61.0, -55.0, -100.0]
2025-07-09 06:43:25,867 - [learn.AI/learn] - DEBUG - row 640: [12, -100.0, -35.0, -100.0, -51.0, -100.0]
2025-07-09 06:43:25,867 - [learn.AI/learn] - DEBUG - row 641: [12, -100.0, -42.0, -100.0, -45.0, -100.0]
2025-07-09 06:43:25,867 - [learn.AI/learn] - DEBUG - row 642: [12, -56.0, -35.0, -100.0, -49.0, -100.0]
2025-07-09 06:43:25,867 - [learn.AI/learn] - DEBUG - row 643: [12, -100.0, -40.0, -100.0, -100.0, -100.0]
2025-07-09 06:43:25,868 - [learn.AI/learn] - DEBUG - row 644: [12, -100.0, -35.0, -59.0, -50.0, -100.0]
2025-07-09 06:43:25,868 - [learn.AI/learn] - DEBUG - row 645: [12, -100.0, -40.0, -100.0, -100.0, -100.0]
2025-07-09 06:43:25,868 - [learn.AI/learn] - DEBUG - row 646: [12, -100.0, -39.0, -100.0, -47.0, -63.0]
2025-07-09 06:43:25,868 - [learn.AI/learn] - DEBUG - row 647: [12, -53.0, -34.0, -100.0, -51.0, -100.0]
2025-07-09 06:43:25,868 - [learn.AI/learn] - DEBUG - row 648: [12, -100.0, -35.0, -100.0, -49.0, -100.0]
2025-07-09 06:43:25,868 - [learn.AI/learn] - DEBUG - row 649: [12, -54.0, -41.0, -55.0, -44.0, -100.0]
2025-07-09 06:43:25,868 - [learn.AI/learn] - DEBUG - row 650: [12, -100.0, -45.0, -62.0, -49.0, -100.0]
2025-07-09 06:43:25,868 - [learn.AI/learn] - DEBUG - row 651: [12, -58.0, -47.0, -100.0, -42.0, -100.0]
2025-07-09 06:43:25,868 - [learn.AI/learn] - DEBUG - row 652: [12, -100.0, -36.0, -100.0, -50.0, -100.0]
2025-07-09 06:43:25,868 - [learn.AI/learn] - DEBUG - row 653: [12, -100.0, -100.0, -58.0, -49.0, -100.0]
2025-07-09 06:43:25,868 - [learn.AI/learn] - DEBUG - row 654: [12, -100.0, -48.0, -100.0, -51.0, -100.0]
2025-07-09 06:43:25,868 - [learn.AI/learn] - DEBUG - row 655: [12, -53.0, -45.0, -66.0, -52.0, -100.0]
2025-07-09 06:43:25,868 - [learn.AI/learn] - DEBUG - row 656: [12, -100.0, -48.0, -58.0, -47.0, -100.0]
2025-07-09 06:43:25,868 - [learn.AI/learn] - DEBUG - row 657: [12, -55.0, -44.0, -56.0, -43.0, -54.0]
2025-07-09 06:43:25,868 - [learn.AI/learn] - DEBUG - row 658: [12, -54.0, -47.0, -100.0, -44.0, -100.0]
2025-07-09 06:43:25,868 - [learn.AI/learn] - DEBUG - row 659: [12, -55.0, -47.0, -100.0, -49.0, -100.0]
2025-07-09 06:43:25,868 - [learn.AI/learn] - DEBUG - row 660: [12, -100.0, -100.0, -100.0, -100.0, -100.0]
2025-07-09 06:43:25,869 - [learn.AI/learn] - DEBUG - row 661: [12, -100.0, -100.0, -100.0, -100.0, -100.0]
2025-07-09 06:43:25,869 - [learn.AI/learn] - DEBUG - row 662: [12, -58.0, -35.0, -57.0, -51.0, -100.0]
2025-07-09 06:43:25,869 - [learn.AI/learn] - DEBUG - row 663: [12, -100.0, -35.0, -100.0, -50.0, -100.0]
2025-07-09 06:43:25,869 - [learn.AI/learn] - DEBUG - row 664: [12, -100.0, -35.0, -100.0, -50.0, -63.0]
2025-07-09 06:43:25,869 - [learn.AI/learn] - DEBUG - row 665: [12, -100.0, -35.0, -100.0, -51.0, -62.0]
2025-07-09 06:43:25,869 - [learn.AI/learn] - DEBUG - row 666: [12, -54.0, -47.0, -100.0, -40.0, -57.0]
2025-07-09 06:43:25,869 - [learn.AI/learn] - DEBUG - row 667: [12, -54.0, -35.0, -100.0, -53.0, -60.0]
2025-07-09 06:43:25,869 - [learn.AI/learn] - DEBUG - row 668: [12, -52.0, -47.0, -51.0, -52.0, -100.0]
2025-07-09 06:43:25,869 - [learn.AI/learn] - DEBUG - row 669: [12, -100.0, -35.0, -100.0, -51.0, -100.0]
2025-07-09 06:43:25,869 - [learn.AI/learn] - DEBUG - row 670: [12, -53.0, -36.0, -100.0, -58.0, -100.0]
2025-07-09 06:43:25,869 - [learn.AI/learn] - DEBUG - row 671: [12, -100.0, -46.0, -100.0, -51.0, -100.0]
2025-07-09 06:43:25,869 - [learn.AI/learn] - DEBUG - row 672: [12, -48.0, -41.0, -53.0, -46.0, -100.0]
2025-07-09 06:43:25,869 - [learn.AI/learn] - DEBUG - row 673: [12, -47.0, -42.0, -100.0, -46.0, -63.0]
2025-07-09 06:43:25,869 - [learn.AI/learn] - DEBUG - row 674: [12, -100.0, -45.0, -63.0, -49.0, -100.0]
2025-07-09 06:43:25,869 - [learn.AI/learn] - DEBUG - row 675: [12, -100.0, -44.0, -100.0, -43.0, -100.0]
2025-07-09 06:43:25,869 - [learn.AI/learn] - DEBUG - row 676: [12, -55.0, -35.0, -100.0, -52.0, -63.0]
2025-07-09 06:43:25,869 - [learn.AI/learn] - DEBUG - row 677: [12, -100.0, -100.0, -100.0, -100.0, -100.0]
2025-07-09 06:43:25,870 - [learn.AI/learn] - DEBUG - row 678: [12, -48.0, -41.0, -100.0, -46.0, -100.0]
2025-07-09 06:43:25,870 - [learn.AI/learn] - DEBUG - row 679: [12, -50.0, -40.0, -100.0, -46.0, -59.0]
2025-07-09 06:43:25,870 - [learn.AI/learn] - DEBUG - row 680: [12, -58.0, -40.0, -60.0, -48.0, -100.0]
2025-07-09 06:43:25,870 - [learn.AI/learn] - DEBUG - row 681: [12, -100.0, -100.0, -100.0, -100.0, -100.0]
2025-07-09 06:43:25,870 - [learn.AI/learn] - DEBUG - row 682: [12, -100.0, -35.0, -100.0, -100.0, -100.0]
2025-07-09 06:43:25,870 - [learn.AI/learn] - DEBUG - row 683: [12, -100.0, -34.0, -57.0, -51.0, -61.0]
2025-07-09 06:43:25,870 - [learn.AI/learn] - DEBUG - row 684: [12, -55.0, -47.0, -56.0, -42.0, -57.0]
2025-07-09 06:43:25,870 - [learn.AI/learn] - DEBUG - row 685: [12, -100.0, -48.0, -53.0, -100.0, -58.0]
2025-07-09 06:43:25,870 - [learn.AI/learn] - DEBUG - row 686: [12, -59.0, -39.0, -60.0, -49.0, -59.0]
2025-07-09 06:43:25,870 - [learn.AI/learn] - DEBUG - row 687: [12, -59.0, -40.0, -100.0, -54.0, -100.0]
2025-07-09 06:43:25,870 - [learn.AI/learn] - DEBUG - row 688: [12, -100.0, -47.0, -53.0, -49.0, -100.0]
2025-07-09 06:43:25,870 - [learn.AI/learn] - DEBUG - row 689: [12, -100.0, -35.0, -59.0, -51.0, -62.0]
2025-07-09 06:43:25,870 - [learn.AI/learn] - DEBUG - row 690: [12, -100.0, -35.0, -100.0, -54.0, -100.0]
2025-07-09 06:43:25,870 - [learn.AI/learn] - DEBUG - row 691: [12, -55.0, -35.0, -57.0, -100.0, -100.0]
2025-07-09 06:43:25,870 - [learn.AI/learn] - DEBUG - row 692: [12, -48.0, -41.0, -53.0, -46.0, -100.0]
2025-07-09 06:43:25,870 - [learn.AI/learn] - DEBUG - row 693: [12, -100.0, -46.0, -100.0, -46.0, -100.0]
2025-07-09 06:43:25,870 - [learn.AI/learn] - DEBUG - Total rows: 694, skipped 0
2025-07-09 06:43:25,872 - [learn.AI/learn] - DEBUG - Using 9 models: ['Nearest Neighbors', 'Linear SVM', 'RBF SVM', 'Decision Tree', 'Random Forest', 'Neural Net', 'AdaBoost', 'Naive Bayes', 'QDA']
2025-07-09 06:43:25,872 - [learn.AI/learn] - DEBUG - learning Nearest Neighbors
2025-07-09 06:43:25,873 - [learn.AI/learn] - DEBUG - learned Nearest Neighbors, 0 ms
2025-07-09 06:43:25,873 - [learn.AI/learn] - DEBUG - learning Linear SVM
2025-07-09 06:43:26,014 - [learn.AI/learn] - DEBUG - learned Linear SVM, -141 ms
2025-07-09 06:43:26,014 - [learn.AI/learn] - DEBUG - learning RBF SVM
2025-07-09 06:43:26,144 - [learn.AI/learn] - DEBUG - learned RBF SVM, -129 ms
2025-07-09 06:43:26,144 - [learn.AI/learn] - DEBUG - learning Decision Tree
2025-07-09 06:43:26,145 - [learn.AI/learn] - DEBUG - learned Decision Tree, -1 ms
2025-07-09 06:43:26,145 - [learn.AI/learn] - DEBUG - learning Random Forest
2025-07-09 06:43:26,158 - [learn.AI/learn] - DEBUG - learned Random Forest, -13 ms
2025-07-09 06:43:26,159 - [learn.AI/learn] - DEBUG - learning Neural Net
2025-07-09 06:43:26,337 - [learn.AI/learn] - DEBUG - learned Neural Net, -177 ms
2025-07-09 06:43:26,338 - [learn.AI/learn] - DEBUG - learning AdaBoost
2025-07-09 06:43:26,407 - [learn.AI/learn] - DEBUG - learned AdaBoost, -69 ms
2025-07-09 06:43:26,408 - [learn.AI/learn] - DEBUG - learning Naive Bayes
2025-07-09 06:43:26,409 - [learn.AI/learn] - DEBUG - learned Naive Bayes, -1 ms
2025-07-09 06:43:26,409 - [learn.AI/learn] - DEBUG - learning QDA
2025-07-09 06:43:26,410 - [learn.AI/learn] - DEBUG - learned QDA, -1 ms
2025-07-09 06:43:26,411 - [learn.AI/learn] - DEBUG - -603 ms
2025-07-09 06:43:26,507 - [learn.AI/save] - DEBUG - -96 ms
127.0.0.1 - - [09/Jul/2025 06:43:26] "POST /learn HTTP/1.1" 200 -
2025-07-09 06:43:26,529 - [learn.AI/classify] - DEBUG - Using 5 features to classify!
2025-07-09 06:43:26,535 - [server/classify] - DEBUG - classifed for raaise-18-06 -8 ms
127.0.0.1 - - [09/Jul/2025 06:43:26] "POST /classify HTTP/1.1" 200 -
2025-07-09 06:43:26,537 - [learn.AI/classify] - DEBUG - Using 5 features to classify!
2025-07-09 06:43:26,537 - [server/classify] - DEBUG - classifed for raaise-18-06 0 ms
127.0.0.1 - - [09/Jul/2025 06:43:26] "POST /classify HTTP/1.1" 200 -
2025-07-09 06:43:26,541 - [learn.AI/classify] - DEBUG - Using 5 features to classify!
2025-07-09 06:43:26,541 - [server/classify] - DEBUG - classifed for raaise-18-06 0 ms
127.0.0.1 - - [09/Jul/2025 06:43:26] "POST /classify HTTP/1.1" 200 -
2025-07-09 06:43:26,548 - [learn.AI/classify] - DEBUG - Using 5 features to classify!
2025-07-09 06:43:26,555 - [server/classify] - DEBUG - classifed for raaise-18-06 -6 ms
127.0.0.1 - - [09/Jul/2025 06:43:26] "POST /classify HTTP/1.1" 200 -
2025-07-09 06:43:26,577 - [learn.AI/classify] - DEBUG - Using 5 features to classify!
2025-07-09 06:43:26,578 - [learn.AI/classify] - DEBUG - Using 5 features to classify!
2025-07-09 06:43:26,582 - [server/classify] - DEBUG - classifed for raaise-18-06 -4 ms
127.0.0.1 - - [09/Jul/2025 06:43:26] "POST /classify HTTP/1.1" 200 -
2025-07-09 06:43:26,584 - [learn.AI/classify] - DEBUG - Using 5 features to classify!
2025-07-09 06:43:26,586 - [server/classify] - DEBUG - classifed for raaise-18-06 -1 ms
127.0.0.1 - - [09/Jul/2025 06:43:26] "POST /classify HTTP/1.1" 200 -
2025-07-09 06:43:26,595 - [learn.AI/classify] - DEBUG - Using 5 features to classify!
2025-07-09 06:43:26,598 - [learn.AI/classify] - DEBUG - Using 5 features to classify!
2025-07-09 06:43:26,602 - [server/classify] - DEBUG - classifed for raaise-18-06 -3 ms
127.0.0.1 - - [09/Jul/2025 06:43:26] "POST /classify HTTP/1.1" 200 -
2025-07-09 06:43:26,603 - [learn.AI/classify] - DEBUG - Using 5 features to classify!
2025-07-09 06:43:26,603 - [server/classify] - DEBUG - classifed for raaise-18-06 0 ms
127.0.0.1 - - [09/Jul/2025 06:43:26] "POST /classify HTTP/1.1" 200 -
2025-07-09 06:43:26,654 - [server/classify] - DEBUG - classifed for raaise-18-06 -77 ms
127.0.0.1 - - [09/Jul/2025 06:43:26] "POST /classify HTTP/1.1" 200 -
2025-07-09 06:43:26,681 - [server/classify] - DEBUG - classifed for raaise-18-06 -86 ms
127.0.0.1 - - [09/Jul/2025 06:43:26] "POST /classify HTTP/1.1" 200 -
2025-07-09 06:43:26,795 - [learn.AI/classify] - DEBUG - Using 5 features to classify!
2025-07-09 06:43:26,795 - [server/classify] - DEBUG - classifed for raaise-18-06 0 ms
127.0.0.1 - - [09/Jul/2025 06:43:26] "POST /classify HTTP/1.1" 200 -
2025-07-09 06:43:26,796 - [learn.AI/classify] - DEBUG - Using 5 features to classify!
2025-07-09 06:43:26,862 - [server/classify] - DEBUG - classifed for raaise-18-06 -66 ms
127.0.0.1 - - [09/Jul/2025 06:43:26] "POST /classify HTTP/1.1" 200 -
2025-07-09 06:43:26,865 - [learn.AI/classify] - DEBUG - Using 5 features to classify!
2025-07-09 06:43:26,866 - [learn.AI/classify] - DEBUG - Using 5 features to classify!
2025-07-09 06:43:26,866 - [server/classify] - DEBUG - classifed for raaise-18-06 0 ms
127.0.0.1 - - [09/Jul/2025 06:43:26] "POST /classify HTTP/1.1" 200 -
2025-07-09 06:43:26,867 - [learn.AI/classify] - DEBUG - Using 5 features to classify!
2025-07-09 06:43:26,904 - [server/classify] - DEBUG - classifed for raaise-18-06 -38 ms
127.0.0.1 - - [09/Jul/2025 06:43:26] "POST /classify HTTP/1.1" 200 -
2025-07-09 06:43:26,905 - [server/classify] - DEBUG - classifed for raaise-18-06 -38 ms
127.0.0.1 - - [09/Jul/2025 06:43:26] "POST /classify HTTP/1.1" 200 -
2025-07-09 06:43:26,979 - [learn.AI/classify] - DEBUG - Using 5 features to classify!
2025-07-09 06:43:27,046 - [server/classify] - DEBUG - classifed for raaise-18-06 -67 ms
127.0.0.1 - - [09/Jul/2025 06:43:27] "POST /classify HTTP/1.1" 200 -
2025-07-09 06:43:27,406 - [learn.AI/classify] - DEBUG - Using 5 features to classify!
2025-07-09 06:43:27,407 - [server/classify] - DEBUG - classifed for raaise-18-06 0 ms
127.0.0.1 - - [09/Jul/2025 06:43:27] "POST /classify HTTP/1.1" 200 -
2025-07-09 06:43:27,496 - [learn.AI/classify] - DEBUG - Using 5 features to classify!
2025-07-09 06:43:27,590 - [server/classify] - DEBUG - classifed for raaise-18-06 -93 ms
127.0.0.1 - - [09/Jul/2025 06:43:27] "POST /classify HTTP/1.1" 200 -
2025-07-09 06:43:28,201 - [learn.AI/classify] - DEBUG - Using 5 features to classify!
2025-07-09 06:43:28,202 - [server/classify] - DEBUG - classifed for raaise-18-06 0 ms
127.0.0.1 - - [09/Jul/2025 06:43:28] "POST /classify HTTP/1.1" 200 -
2025-07-09 06:43:28,931 - [learn.AI/classify] - DEBUG - Using 5 features to classify!
2025-07-09 06:43:28,994 - [server/classify] - DEBUG - classifed for raaise-18-06 -63 ms
127.0.0.1 - - [09/Jul/2025 06:43:28] "POST /classify HTTP/1.1" 200 -
2025-07-09 06:43:29,239 - [learn.AI/classify] - DEBUG - Using 5 features to classify!
2025-07-09 06:43:29,239 - [server/classify] - DEBUG - classifed for raaise-18-06 0 ms
127.0.0.1 - - [09/Jul/2025 06:43:29] "POST /classify HTTP/1.1" 200 -
2025-07-09 06:43:29,584 - [learn.AI/classify] - DEBUG - Using 5 features to classify!
2025-07-09 06:43:29,584 - [server/classify] - DEBUG - classifed for raaise-18-06 0 ms
127.0.0.1 - - [09/Jul/2025 06:43:29] "POST /classify HTTP/1.1" 200 -
2025-07-09 06:43:29,589 - [learn.AI/classify] - DEBUG - Using 5 features to classify!
2025-07-09 06:43:29,589 - [server/classify] - DEBUG - classifed for raaise-18-06 0 ms
127.0.0.1 - - [09/Jul/2025 06:43:29] "POST /classify HTTP/1.1" 200 -
2025-07-09 06:43:29,651 - [learn.AI/classify] - DEBUG - Using 5 features to classify!
2025-07-09 06:43:29,660 - [server/classify] - DEBUG - classifed for raaise-18-06 -11 ms
127.0.0.1 - - [09/Jul/2025 06:43:29] "POST /classify HTTP/1.1" 200 -
2025-07-09 06:43:29,782 - [learn.AI/classify] - DEBUG - Using 5 features to classify!
2025-07-09 06:43:29,782 - [server/classify] - DEBUG - classifed for raaise-18-06 0 ms
127.0.0.1 - - [09/Jul/2025 06:43:29] "POST /classify HTTP/1.1" 200 -
2025-07-09 06:43:29,930 - [learn.AI/classify] - DEBUG - Using 5 features to classify!
2025-07-09 06:43:29,951 - [learn.AI/classify] - DEBUG - Using 5 features to classify!
2025-07-09 06:43:30,024 - [learn.AI/classify] - DEBUG - Using 5 features to classify!
2025-07-09 06:43:30,027 - [server/classify] - DEBUG - classifed for raaise-18-06 -2 ms
127.0.0.1 - - [09/Jul/2025 06:43:30] "POST /classify HTTP/1.1" 200 -
2025-07-09 06:43:30,040 - [server/classify] - DEBUG - classifed for raaise-18-06 -110 ms
127.0.0.1 - - [09/Jul/2025 06:43:30] "POST /classify HTTP/1.1" 200 -
2025-07-09 06:43:30,051 - [server/classify] - DEBUG - classifed for raaise-18-06 -100 ms
127.0.0.1 - - [09/Jul/2025 06:43:30] "POST /classify HTTP/1.1" 200 -
2025-07-09 06:43:30,112 - [learn.AI/classify] - DEBUG - Using 5 features to classify!
2025-07-09 06:43:30,112 - [server/classify] - DEBUG - classifed for raaise-18-06 0 ms
127.0.0.1 - - [09/Jul/2025 06:43:30] "POST /classify HTTP/1.1" 200 -
2025-07-09 06:43:30,182 - [learn.AI/classify] - DEBUG - Using 5 features to classify!
2025-07-09 06:43:30,214 - [learn.AI/classify] - DEBUG - Using 5 features to classify!
2025-07-09 06:43:30,214 - [server/classify] - DEBUG - classifed for raaise-18-06 0 ms
127.0.0.1 - - [09/Jul/2025 06:43:30] "POST /classify HTTP/1.1" 200 -
2025-07-09 06:43:30,251 - [server/classify] - DEBUG - classifed for raaise-18-06 -69 ms
127.0.0.1 - - [09/Jul/2025 06:43:30] "POST /classify HTTP/1.1" 200 -
2025-07-09 06:43:30,650 - [learn.AI/classify] - DEBUG - Using 5 features to classify!
2025-07-09 06:43:30,650 - [server/classify] - DEBUG - classifed for raaise-18-06 0 ms
127.0.0.1 - - [09/Jul/2025 06:43:30] "POST /classify HTTP/1.1" 200 -
2025-07-09 06:43:30,759 - [learn.AI/classify] - DEBUG - Using 5 features to classify!
2025-07-09 06:43:30,760 - [learn.AI/classify] - DEBUG - Using 5 features to classify!
2025-07-09 06:43:30,760 - [server/classify] - DEBUG - classifed for raaise-18-06 0 ms
127.0.0.1 - - [09/Jul/2025 06:43:30] "POST /classify HTTP/1.1" 200 -
2025-07-09 06:43:30,827 - [server/classify] - DEBUG - classifed for raaise-18-06 -67 ms
127.0.0.1 - - [09/Jul/2025 06:43:30] "POST /classify HTTP/1.1" 200 -
2025-07-09 06:43:30,892 - [learn.AI/classify] - DEBUG - Using 5 features to classify!
2025-07-09 06:43:30,892 - [server/classify] - DEBUG - classifed for raaise-18-06 0 ms
127.0.0.1 - - [09/Jul/2025 06:43:30] "POST /classify HTTP/1.1" 200 -
2025-07-09 06:43:31,291 - [learn.AI/classify] - DEBUG - Using 5 features to classify!
2025-07-09 06:43:31,292 - [learn.AI/classify] - DEBUG - Using 5 features to classify!
2025-07-09 06:43:31,292 - [server/classify] - DEBUG - classifed for raaise-18-06 0 ms
127.0.0.1 - - [09/Jul/2025 06:43:31] "POST /classify HTTP/1.1" 200 -
2025-07-09 06:43:31,383 - [server/classify] - DEBUG - classifed for raaise-18-06 -91 ms
127.0.0.1 - - [09/Jul/2025 06:43:31] "POST /classify HTTP/1.1" 200 -
2025-07-09 06:43:31,406 - [learn.AI/classify] - DEBUG - Using 5 features to classify!
2025-07-09 06:43:31,407 - [server/classify] - DEBUG - classifed for raaise-18-06 -1 ms
127.0.0.1 - - [09/Jul/2025 06:43:31] "POST /classify HTTP/1.1" 200 -
2025-07-09 06:43:31,618 - [learn.AI/classify] - DEBUG - Using 5 features to classify!
2025-07-09 06:43:31,684 - [server/classify] - DEBUG - classifed for raaise-18-06 -66 ms
127.0.0.1 - - [09/Jul/2025 06:43:31] "POST /classify HTTP/1.1" 200 -
2025-07-09 06:43:31,733 - [learn.AI/classify] - DEBUG - Using 5 features to classify!
2025-07-09 06:43:31,751 - [server/classify] - DEBUG - classifed for raaise-18-06 -18 ms
127.0.0.1 - - [09/Jul/2025 06:43:31] "POST /classify HTTP/1.1" 200 -
2025-07-09 06:43:31,926 - [learn.AI/classify] - DEBUG - Using 5 features to classify!
2025-07-09 06:43:31,927 - [server/classify] - DEBUG - classifed for raaise-18-06 0 ms
127.0.0.1 - - [09/Jul/2025 06:43:31] "POST /classify HTTP/1.1" 200 -
2025-07-09 06:43:31,929 - [learn.AI/classify] - DEBUG - Using 5 features to classify!
2025-07-09 06:43:31,990 - [learn.AI/classify] - DEBUG - Using 5 features to classify!
2025-07-09 06:43:31,990 - [server/classify] - DEBUG - classifed for raaise-18-06 0 ms
127.0.0.1 - - [09/Jul/2025 06:43:31] "POST /classify HTTP/1.1" 200 -
2025-07-09 06:43:31,991 - [server/classify] - DEBUG - classifed for raaise-18-06 -62 ms
127.0.0.1 - - [09/Jul/2025 06:43:31] "POST /classify HTTP/1.1" 200 -
2025-07-09 06:43:32,129 - [learn.AI/classify] - DEBUG - Using 5 features to classify!
2025-07-09 06:43:32,129 - [server/classify] - DEBUG - classifed for raaise-18-06 0 ms
127.0.0.1 - - [09/Jul/2025 06:43:32] "POST /classify HTTP/1.1" 200 -
2025-07-09 06:43:32,385 - [learn.AI/classify] - DEBUG - Using 5 features to classify!
2025-07-09 06:43:32,386 - [learn.AI/classify] - DEBUG - Using 5 features to classify!
2025-07-09 06:43:32,443 - [server/classify] - DEBUG - classifed for raaise-18-06 -56 ms
127.0.0.1 - - [09/Jul/2025 06:43:32] "POST /classify HTTP/1.1" 200 -
2025-07-09 06:43:32,463 - [server/classify] - DEBUG - classifed for raaise-18-06 -77 ms
127.0.0.1 - - [09/Jul/2025 06:43:32] "POST /classify HTTP/1.1" 200 -
2025-07-09 06:43:32,467 - [learn.AI/classify] - DEBUG - Using 5 features to classify!
2025-07-09 06:43:32,467 - [server/classify] - DEBUG - classifed for raaise-18-06 -1 ms
127.0.0.1 - - [09/Jul/2025 06:43:32] "POST /classify HTTP/1.1" 200 -
2025-07-09 06:43:32,554 - [learn.AI/classify] - DEBUG - Using 5 features to classify!
2025-07-09 06:43:32,554 - [server/classify] - DEBUG - classifed for raaise-18-06 0 ms
127.0.0.1 - - [09/Jul/2025 06:43:32] "POST /classify HTTP/1.1" 200 -
2025-07-09 06:43:32,555 - [learn.AI/classify] - DEBUG - Using 5 features to classify!
2025-07-09 06:43:32,619 - [server/classify] - DEBUG - classifed for raaise-18-06 -64 ms
127.0.0.1 - - [09/Jul/2025 06:43:32] "POST /classify HTTP/1.1" 200 -
2025-07-09 06:43:33,073 - [learn.AI/classify] - DEBUG - Using 5 features to classify!
2025-07-09 06:43:33,073 - [learn.AI/classify] - DEBUG - Using 5 features to classify!
2025-07-09 06:43:33,115 - [learn.AI/classify] - DEBUG - Using 5 features to classify!
2025-07-09 06:43:33,139 - [server/classify] - DEBUG - classifed for raaise-18-06 -66 ms
127.0.0.1 - - [09/Jul/2025 06:43:33] "POST /classify HTTP/1.1" 200 -
2025-07-09 06:43:33,154 - [server/classify] - DEBUG - classifed for raaise-18-06 -81 ms
127.0.0.1 - - [09/Jul/2025 06:43:33] "POST /classify HTTP/1.1" 200 -
2025-07-09 06:43:33,198 - [server/classify] - DEBUG - classifed for raaise-18-06 -83 ms
127.0.0.1 - - [09/Jul/2025 06:43:33] "POST /classify HTTP/1.1" 200 -
2025-07-09 06:43:33,721 - [learn.AI/classify] - DEBUG - Using 5 features to classify!
2025-07-09 06:43:33,721 - [server/classify] - DEBUG - classifed for raaise-18-06 0 ms
127.0.0.1 - - [09/Jul/2025 06:43:33] "POST /classify HTTP/1.1" 200 -
2025-07-09 06:43:33,758 - [learn.AI/classify] - DEBUG - Using 5 features to classify!
2025-07-09 06:43:33,819 - [server/classify] - DEBUG - classifed for raaise-18-06 -60 ms
127.0.0.1 - - [09/Jul/2025 06:43:33] "POST /classify HTTP/1.1" 200 -
2025-07-09 06:43:33,848 - [learn.AI/classify] - DEBUG - Using 5 features to classify!
2025-07-09 06:43:33,939 - [server/classify] - DEBUG - classifed for raaise-18-06 -90 ms
127.0.0.1 - - [09/Jul/2025 06:43:33] "POST /classify HTTP/1.1" 200 -
2025-07-09 06:43:33,954 - [learn.AI/classify] - DEBUG - Using 5 features to classify!
2025-07-09 06:43:33,967 - [server/classify] - DEBUG - classifed for raaise-18-06 -12 ms
127.0.0.1 - - [09/Jul/2025 06:43:33] "POST /classify HTTP/1.1" 200 -
2025-07-09 06:43:34,100 - [learn.AI/classify] - DEBUG - Using 5 features to classify!
2025-07-09 06:43:34,195 - [server/classify] - DEBUG - classifed for raaise-18-06 -94 ms
127.0.0.1 - - [09/Jul/2025 06:43:34] "POST /classify HTTP/1.1" 200 -
2025-07-09 06:43:34,311 - [learn.AI/classify] - DEBUG - Using 5 features to classify!
2025-07-09 06:43:34,331 - [learn.AI/classify] - DEBUG - Using 5 features to classify!
2025-07-09 06:43:34,402 - [server/classify] - DEBUG - classifed for raaise-18-06 -71 ms
127.0.0.1 - - [09/Jul/2025 06:43:34] "POST /classify HTTP/1.1" 200 -
2025-07-09 06:43:34,406 - [server/classify] - DEBUG - classifed for raaise-18-06 -94 ms
127.0.0.1 - - [09/Jul/2025 06:43:34] "POST /classify HTTP/1.1" 200 -
2025-07-09 06:43:34,434 - [learn.AI/classify] - DEBUG - Using 5 features to classify!
2025-07-09 06:43:34,530 - [server/classify] - DEBUG - classifed for raaise-18-06 -95 ms
127.0.0.1 - - [09/Jul/2025 06:43:34] "POST /classify HTTP/1.1" 200 -
2025-07-09 06:43:34,966 - [learn.AI/classify] - DEBUG - Using 5 features to classify!
2025-07-09 06:43:34,966 - [server/classify] - DEBUG - classifed for raaise-18-06 0 ms
127.0.0.1 - - [09/Jul/2025 06:43:34] "POST /classify HTTP/1.1" 200 -
2025-07-09 06:43:35,089 - [learn.AI/classify] - DEBUG - Using 5 features to classify!
2025-07-09 06:43:35,124 - [learn.AI/classify] - DEBUG - Using 5 features to classify!
2025-07-09 06:43:35,164 - [server/classify] - DEBUG - classifed for raaise-18-06 -75 ms
127.0.0.1 - - [09/Jul/2025 06:43:35] "POST /classify HTTP/1.1" 200 -
2025-07-09 06:43:35,174 - [server/classify] - DEBUG - classifed for raaise-18-06 -50 ms
127.0.0.1 - - [09/Jul/2025 06:43:35] "POST /classify HTTP/1.1" 200 -
2025-07-09 06:43:35,248 - [learn.AI/classify] - DEBUG - Using 5 features to classify!
2025-07-09 06:43:35,248 - [server/classify] - DEBUG - classifed for raaise-18-06 0 ms
127.0.0.1 - - [09/Jul/2025 06:43:35] "POST /classify HTTP/1.1" 200 -
2025-07-09 06:43:35,332 - [learn.AI/classify] - DEBUG - Using 5 features to classify!
2025-07-09 06:43:35,338 - [learn.AI/classify] - DEBUG - Using 5 features to classify!
2025-07-09 06:43:35,338 - [server/classify] - DEBUG - classifed for raaise-18-06 0 ms
127.0.0.1 - - [09/Jul/2025 06:43:35] "POST /classify HTTP/1.1" 200 -
2025-07-09 06:43:35,404 - [server/classify] - DEBUG - classifed for raaise-18-06 -72 ms
127.0.0.1 - - [09/Jul/2025 06:43:35] "POST /classify HTTP/1.1" 200 -
2025-07-09 06:43:35,703 - [learn.AI/classify] - DEBUG - Using 5 features to classify!
2025-07-09 06:43:35,703 - [server/classify] - DEBUG - classifed for raaise-18-06 0 ms
127.0.0.1 - - [09/Jul/2025 06:43:35] "POST /classify HTTP/1.1" 200 -
2025-07-09 06:43:35,788 - [learn.AI/classify] - DEBUG - Using 5 features to classify!
2025-07-09 06:43:35,788 - [learn.AI/classify] - DEBUG - Using 5 features to classify!
2025-07-09 06:43:35,788 - [server/classify] - DEBUG - classifed for raaise-18-06 0 ms
127.0.0.1 - - [09/Jul/2025 06:43:35] "POST /classify HTTP/1.1" 200 -
2025-07-09 06:43:35,851 - [learn.AI/classify] - DEBUG - Using 5 features to classify!
2025-07-09 06:43:35,851 - [learn.AI/classify] - DEBUG - Using 5 features to classify!
2025-07-09 06:43:35,851 - [server/classify] - DEBUG - classifed for raaise-18-06 0 ms
127.0.0.1 - - [09/Jul/2025 06:43:35] "POST /classify HTTP/1.1" 200 -
2025-07-09 06:43:35,866 - [server/classify] - DEBUG - classifed for raaise-18-06 -78 ms
127.0.0.1 - - [09/Jul/2025 06:43:35] "POST /classify HTTP/1.1" 200 -
2025-07-09 06:43:35,878 - [learn.AI/classify] - DEBUG - Using 5 features to classify!
2025-07-09 06:43:35,878 - [server/classify] - DEBUG - classifed for raaise-18-06 0 ms
127.0.0.1 - - [09/Jul/2025 06:43:35] "POST /classify HTTP/1.1" 200 -
2025-07-09 06:43:35,935 - [server/classify] - DEBUG - classifed for raaise-18-06 -84 ms
127.0.0.1 - - [09/Jul/2025 06:43:35] "POST /classify HTTP/1.1" 200 -
2025-07-09 06:43:36,201 - [learn.AI/classify] - DEBUG - Using 5 features to classify!
2025-07-09 06:43:36,273 - [server/classify] - DEBUG - classifed for raaise-18-06 -71 ms
127.0.0.1 - - [09/Jul/2025 06:43:36] "POST /classify HTTP/1.1" 200 -
2025-07-09 06:43:36,351 - [learn.AI/classify] - DEBUG - Using 5 features to classify!
2025-07-09 06:43:36,351 - [server/classify] - DEBUG - classifed for raaise-18-06 0 ms
127.0.0.1 - - [09/Jul/2025 06:43:36] "POST /classify HTTP/1.1" 200 -
2025-07-09 06:43:36,352 - [learn.AI/classify] - DEBUG - Using 5 features to classify!
2025-07-09 06:43:36,352 - [server/classify] - DEBUG - classifed for raaise-18-06 0 ms
127.0.0.1 - - [09/Jul/2025 06:43:36] "POST /classify HTTP/1.1" 200 -
2025-07-09 06:43:36,388 - [learn.AI/classify] - DEBUG - Using 5 features to classify!
2025-07-09 06:43:36,451 - [server/classify] - DEBUG - classifed for raaise-18-06 -63 ms
127.0.0.1 - - [09/Jul/2025 06:43:36] "POST /classify HTTP/1.1" 200 -
2025-07-09 06:43:36,865 - [learn.AI/classify] - DEBUG - Using 5 features to classify!
2025-07-09 06:43:36,866 - [learn.AI/classify] - DEBUG - Using 5 features to classify!
2025-07-09 06:43:36,975 - [learn.AI/classify] - DEBUG - Using 5 features to classify!
2025-07-09 06:43:36,976 - [server/classify] - DEBUG - classifed for raaise-18-06 -1 ms
127.0.0.1 - - [09/Jul/2025 06:43:36] "POST /classify HTTP/1.1" 200 -
2025-07-09 06:43:36,979 - [server/classify] - DEBUG - classifed for raaise-18-06 -113 ms
127.0.0.1 - - [09/Jul/2025 06:43:36] "POST /classify HTTP/1.1" 200 -
2025-07-09 06:43:37,017 - [learn.AI/classify] - DEBUG - Using 5 features to classify!
2025-07-09 06:43:37,017 - [server/classify] - DEBUG - classifed for raaise-18-06 0 ms
127.0.0.1 - - [09/Jul/2025 06:43:37] "POST /classify HTTP/1.1" 200 -
2025-07-09 06:43:37,022 - [server/classify] - DEBUG - classifed for raaise-18-06 -156 ms
127.0.0.1 - - [09/Jul/2025 06:43:37] "POST /classify HTTP/1.1" 200 -
2025-07-09 06:43:37,558 - [learn.AI/classify] - DEBUG - Using 5 features to classify!
2025-07-09 06:43:37,642 - [server/classify] - DEBUG - classifed for raaise-18-06 -84 ms
127.0.0.1 - - [09/Jul/2025 06:43:37] "POST /classify HTTP/1.1" 200 -
2025-07-09 06:43:37,658 - [learn.AI/classify] - DEBUG - Using 5 features to classify!
2025-07-09 06:43:37,750 - [server/classify] - DEBUG - classifed for raaise-18-06 -91 ms
127.0.0.1 - - [09/Jul/2025 06:43:37] "POST /classify HTTP/1.1" 200 -
2025-07-09 06:43:37,905 - [learn.AI/classify] - DEBUG - Using 5 features to classify!
2025-07-09 06:43:37,986 - [server/classify] - DEBUG - classifed for raaise-18-06 -81 ms
127.0.0.1 - - [09/Jul/2025 06:43:37] "POST /classify HTTP/1.1" 200 -
2025-07-09 06:43:38,431 - [learn.AI/classify] - DEBUG - Using 5 features to classify!
2025-07-09 06:43:38,528 - [server/classify] - DEBUG - classifed for raaise-18-06 -97 ms
127.0.0.1 - - [09/Jul/2025 06:43:38] "POST /classify HTTP/1.1" 200 -
2025-07-09 06:43:38,848 - [learn.AI/classify] - DEBUG - Using 5 features to classify!
2025-07-09 06:43:38,892 - [learn.AI/classify] - DEBUG - Using 5 features to classify!
2025-07-09 06:43:38,893 - [server/classify] - DEBUG - classifed for raaise-18-06 0 ms
127.0.0.1 - - [09/Jul/2025 06:43:38] "POST /classify HTTP/1.1" 200 -
2025-07-09 06:43:38,930 - [server/classify] - DEBUG - classifed for raaise-18-06 -82 ms
127.0.0.1 - - [09/Jul/2025 06:43:38] "POST /classify HTTP/1.1" 200 -
2025-07-09 06:43:39,204 - [learn.AI/classify] - DEBUG - Using 5 features to classify!
2025-07-09 06:43:39,267 - [server/classify] - DEBUG - classifed for raaise-18-06 -63 ms
127.0.0.1 - - [09/Jul/2025 06:43:39] "POST /classify HTTP/1.1" 200 -
2025-07-09 06:43:39,370 - [learn.AI/classify] - DEBUG - Using 5 features to classify!
2025-07-09 06:43:39,370 - [server/classify] - DEBUG - classifed for raaise-18-06 0 ms
127.0.0.1 - - [09/Jul/2025 06:43:39] "POST /classify HTTP/1.1" 200 -
2025-07-09 06:43:39,451 - [learn.AI/classify] - DEBUG - Using 5 features to classify!
2025-07-09 06:43:39,478 - [server/classify] - DEBUG - classifed for raaise-18-06 -26 ms
127.0.0.1 - - [09/Jul/2025 06:43:39] "POST /classify HTTP/1.1" 200 -
2025-07-09 06:43:39,650 - [learn.AI/classify] - DEBUG - Using 5 features to classify!
2025-07-09 06:43:39,713 - [server/classify] - DEBUG - classifed for raaise-18-06 -63 ms
127.0.0.1 - - [09/Jul/2025 06:43:39] "POST /classify HTTP/1.1" 200 -
2025-07-09 06:43:39,735 - [learn.AI/classify] - DEBUG - Using 5 features to classify!
2025-07-09 06:43:39,740 - [server/classify] - DEBUG - classifed for raaise-18-06 -5 ms
127.0.0.1 - - [09/Jul/2025 06:43:39] "POST /classify HTTP/1.1" 200 -
2025-07-09 06:43:39,801 - [learn.AI/classify] - DEBUG - Using 5 features to classify!
2025-07-09 06:43:39,866 - [server/classify] - DEBUG - classifed for raaise-18-06 -65 ms
127.0.0.1 - - [09/Jul/2025 06:43:39] "POST /classify HTTP/1.1" 200 -
2025-07-09 06:43:39,930 - [learn.AI/classify] - DEBUG - Using 5 features to classify!
2025-07-09 06:43:39,998 - [server/classify] - DEBUG - classifed for raaise-18-06 -68 ms
127.0.0.1 - - [09/Jul/2025 06:43:39] "POST /classify HTTP/1.1" 200 -
2025-07-09 06:43:40,101 - [learn.AI/classify] - DEBUG - Using 5 features to classify!
2025-07-09 06:43:40,178 - [server/classify] - DEBUG - classifed for raaise-18-06 -77 ms
127.0.0.1 - - [09/Jul/2025 06:43:40] "POST /classify HTTP/1.1" 200 -
2025-07-09 06:43:40,220 - [learn.AI/classify] - DEBUG - Using 5 features to classify!
2025-07-09 06:43:40,220 - [server/classify] - DEBUG - classifed for raaise-18-06 0 ms
127.0.0.1 - - [09/Jul/2025 06:43:40] "POST /classify HTTP/1.1" 200 -
2025-07-09 06:43:40,378 - [learn.AI/classify] - DEBUG - Using 5 features to classify!
2025-07-09 06:43:40,378 - [server/classify] - DEBUG - classifed for raaise-18-06 0 ms
127.0.0.1 - - [09/Jul/2025 06:43:40] "POST /classify HTTP/1.1" 200 -
2025-07-09 06:43:40,444 - [learn.AI/classify] - DEBUG - Using 5 features to classify!
2025-07-09 06:43:40,527 - [server/classify] - DEBUG - classifed for raaise-18-06 -83 ms
127.0.0.1 - - [09/Jul/2025 06:43:40] "POST /classify HTTP/1.1" 200 -
2025-07-09 06:43:40,589 - [learn.AI/classify] - DEBUG - Using 5 features to classify!
2025-07-09 06:43:40,589 - [server/classify] - DEBUG - classifed for raaise-18-06 0 ms
127.0.0.1 - - [09/Jul/2025 06:43:40] "POST /classify HTTP/1.1" 200 -
2025-07-09 06:43:40,871 - [learn.AI/classify] - DEBUG - Using 5 features to classify!
2025-07-09 06:43:40,942 - [server/classify] - DEBUG - classifed for raaise-18-06 -70 ms
127.0.0.1 - - [09/Jul/2025 06:43:40] "POST /classify HTTP/1.1" 200 -
2025-07-09 06:43:40,968 - [learn.AI/classify] - DEBUG - Using 5 features to classify!
2025-07-09 06:43:40,997 - [learn.AI/classify] - DEBUG - Using 5 features to classify!
2025-07-09 06:43:41,031 - [server/classify] - DEBUG - classifed for raaise-18-06 -63 ms
127.0.0.1 - - [09/Jul/2025 06:43:41] "POST /classify HTTP/1.1" 200 -
2025-07-09 06:43:41,080 - [server/classify] - DEBUG - classifed for raaise-18-06 -83 ms
127.0.0.1 - - [09/Jul/2025 06:43:41] "POST /classify HTTP/1.1" 200 -
2025-07-09 06:43:41,094 - [learn.AI/classify] - DEBUG - Using 5 features to classify!
2025-07-09 06:43:41,142 - [server/classify] - DEBUG - classifed for raaise-18-06 -48 ms
127.0.0.1 - - [09/Jul/2025 06:43:41] "POST /classify HTTP/1.1" 200 -
2025-07-09 06:43:41,229 - [learn.AI/classify] - DEBUG - Using 5 features to classify!
2025-07-09 06:43:41,311 - [server/classify] - DEBUG - classifed for raaise-18-06 -82 ms
127.0.0.1 - - [09/Jul/2025 06:43:41] "POST /classify HTTP/1.1" 200 -
2025-07-09 06:43:41,400 - [learn.AI/classify] - DEBUG - Using 5 features to classify!
2025-07-09 06:43:41,401 - [server/classify] - DEBUG - classifed for raaise-18-06 0 ms
127.0.0.1 - - [09/Jul/2025 06:43:41] "POST /classify HTTP/1.1" 200 -
2025-07-09 06:43:41,401 - [learn.AI/classify] - DEBUG - Using 5 features to classify!
2025-07-09 06:43:41,467 - [server/classify] - DEBUG - classifed for raaise-18-06 -65 ms
127.0.0.1 - - [09/Jul/2025 06:43:41] "POST /classify HTTP/1.1" 200 -
2025-07-09 06:43:41,657 - [learn.AI/classify] - DEBUG - Using 5 features to classify!
2025-07-09 06:43:41,721 - [server/classify] - DEBUG - classifed for raaise-18-06 -64 ms
127.0.0.1 - - [09/Jul/2025 06:43:41] "POST /classify HTTP/1.1" 200 -
2025-07-09 06:43:41,825 - [learn.AI/classify] - DEBUG - Using 5 features to classify!
2025-07-09 06:43:41,901 - [server/classify] - DEBUG - classifed for raaise-18-06 -76 ms
127.0.0.1 - - [09/Jul/2025 06:43:41] "POST /classify HTTP/1.1" 200 -
2025-07-09 06:43:41,910 - [learn.AI/classify] - DEBUG - Using 5 features to classify!
2025-07-09 06:43:41,994 - [server/classify] - DEBUG - classifed for raaise-18-06 -84 ms
127.0.0.1 - - [09/Jul/2025 06:43:41] "POST /classify HTTP/1.1" 200 -
2025-07-09 06:43:42,073 - [learn.AI/classify] - DEBUG - Using 5 features to classify!
2025-07-09 06:43:42,073 - [server/classify] - DEBUG - classifed for raaise-18-06 0 ms
127.0.0.1 - - [09/Jul/2025 06:43:42] "POST /classify HTTP/1.1" 200 -
2025-07-09 06:43:42,356 - [learn.AI/classify] - DEBUG - Using 5 features to classify!
2025-07-09 06:43:42,373 - [server/classify] - DEBUG - classifed for raaise-18-06 -17 ms
127.0.0.1 - - [09/Jul/2025 06:43:42] "POST /classify HTTP/1.1" 200 -
2025-07-09 06:43:42,501 - [learn.AI/classify] - DEBUG - Using 5 features to classify!
2025-07-09 06:43:42,564 - [server/classify] - DEBUG - classifed for raaise-18-06 -62 ms
127.0.0.1 - - [09/Jul/2025 06:43:42] "POST /classify HTTP/1.1" 200 -
2025-07-09 06:43:42,645 - [learn.AI/classify] - DEBUG - Using 5 features to classify!
2025-07-09 06:43:42,646 - [learn.AI/classify] - DEBUG - Using 5 features to classify!
2025-07-09 06:43:42,647 - [learn.AI/classify] - DEBUG - Using 5 features to classify!
2025-07-09 06:43:42,660 - [learn.AI/classify] - DEBUG - Using 5 features to classify!
2025-07-09 06:43:42,661 - [server/classify] - DEBUG - classifed for raaise-18-06 -1 ms
127.0.0.1 - - [09/Jul/2025 06:43:42] "POST /classify HTTP/1.1" 200 -
2025-07-09 06:43:42,703 - [server/classify] - DEBUG - classifed for raaise-18-06 -55 ms
127.0.0.1 - - [09/Jul/2025 06:43:42] "POST /classify HTTP/1.1" 200 -
2025-07-09 06:43:42,733 - [server/classify] - DEBUG - classifed for raaise-18-06 -87 ms
127.0.0.1 - - [09/Jul/2025 06:43:42] "POST /classify HTTP/1.1" 200 -
2025-07-09 06:43:42,750 - [server/classify] - DEBUG - classifed for raaise-18-06 -105 ms
127.0.0.1 - - [09/Jul/2025 06:43:42] "POST /classify HTTP/1.1" 200 -
2025-07-09 06:43:42,871 - [learn.AI/classify] - DEBUG - Using 5 features to classify!
2025-07-09 06:43:42,909 - [learn.AI/classify] - DEBUG - Using 5 features to classify!
2025-07-09 06:43:42,911 - [server/classify] - DEBUG - classifed for raaise-18-06 -2 ms
127.0.0.1 - - [09/Jul/2025 06:43:42] "POST /classify HTTP/1.1" 200 -
2025-07-09 06:43:42,945 - [server/classify] - DEBUG - classifed for raaise-18-06 -73 ms
127.0.0.1 - - [09/Jul/2025 06:43:42] "POST /classify HTTP/1.1" 200 -
2025-07-09 06:43:43,089 - [learn.AI/classify] - DEBUG - Using 5 features to classify!
2025-07-09 06:43:43,089 - [server/classify] - DEBUG - classifed for raaise-18-06 0 ms
127.0.0.1 - - [09/Jul/2025 06:43:43] "POST /classify HTTP/1.1" 200 -
2025-07-09 06:43:43,281 - [learn.AI/classify] - DEBUG - Using 5 features to classify!
2025-07-09 06:43:43,342 - [server/classify] - DEBUG - classifed for raaise-18-06 -61 ms
127.0.0.1 - - [09/Jul/2025 06:43:43] "POST /classify HTTP/1.1" 200 -
2025-07-09 06:43:43,369 - [learn.AI/classify] - DEBUG - Using 5 features to classify!
2025-07-09 06:43:43,369 - [server/classify] - DEBUG - classifed for raaise-18-06 -1 ms
127.0.0.1 - - [09/Jul/2025 06:43:43] "POST /classify HTTP/1.1" 200 -
2025-07-09 06:43:43,369 - [learn.AI/classify] - DEBUG - Using 5 features to classify!
2025-07-09 06:43:43,427 - [server/classify] - DEBUG - classifed for raaise-18-06 -57 ms
127.0.0.1 - - [09/Jul/2025 06:43:43] "POST /classify HTTP/1.1" 200 -
2025-07-09 06:43:43,476 - [learn.AI/classify] - DEBUG - Using 5 features to classify!
2025-07-09 06:43:43,559 - [server/classify] - DEBUG - classifed for raaise-18-06 -83 ms
127.0.0.1 - - [09/Jul/2025 06:43:43] "POST /classify HTTP/1.1" 200 -
2025-07-09 06:43:43,770 - [learn.AI/classify] - DEBUG - Using 5 features to classify!
2025-07-09 06:43:43,770 - [server/classify] - DEBUG - classifed for raaise-18-06 0 ms
127.0.0.1 - - [09/Jul/2025 06:43:43] "POST /classify HTTP/1.1" 200 -
2025-07-09 06:43:43,896 - [learn.AI/classify] - DEBUG - Using 5 features to classify!
2025-07-09 06:43:43,971 - [server/classify] - DEBUG - classifed for raaise-18-06 -74 ms
127.0.0.1 - - [09/Jul/2025 06:43:43] "POST /classify HTTP/1.1" 200 -
2025-07-09 06:43:44,088 - [learn.AI/classify] - DEBUG - Using 5 features to classify!
2025-07-09 06:43:44,134 - [learn.AI/classify] - DEBUG - Using 5 features to classify!
2025-07-09 06:43:44,159 - [server/classify] - DEBUG - classifed for raaise-18-06 -70 ms
127.0.0.1 - - [09/Jul/2025 06:43:44] "POST /classify HTTP/1.1" 200 -
2025-07-09 06:43:44,222 - [server/classify] - DEBUG - classifed for raaise-18-06 -87 ms
127.0.0.1 - - [09/Jul/2025 06:43:44] "POST /classify HTTP/1.1" 200 -
2025-07-09 06:43:44,341 - [learn.AI/classify] - DEBUG - Using 5 features to classify!
2025-07-09 06:43:44,342 - [server/classify] - DEBUG - classifed for raaise-18-06 -1 ms
127.0.0.1 - - [09/Jul/2025 06:43:44] "POST /classify HTTP/1.1" 200 -
2025-07-09 06:43:44,437 - [learn.AI/classify] - DEBUG - Using 5 features to classify!
2025-07-09 06:43:44,511 - [server/classify] - DEBUG - classifed for raaise-18-06 -74 ms
127.0.0.1 - - [09/Jul/2025 06:43:44] "POST /classify HTTP/1.1" 200 -
2025-07-09 06:43:44,784 - [learn.AI/classify] - DEBUG - Using 5 features to classify!
2025-07-09 06:43:44,836 - [learn.AI/classify] - DEBUG - Using 5 features to classify!
2025-07-09 06:43:44,837 - [server/classify] - DEBUG - classifed for raaise-18-06 -53 ms
127.0.0.1 - - [09/Jul/2025 06:43:44] "POST /classify HTTP/1.1" 200 -
2025-07-09 06:43:44,847 - [server/classify] - DEBUG - classifed for raaise-18-06 -13 ms
127.0.0.1 - - [09/Jul/2025 06:43:44] "POST /classify HTTP/1.1" 200 -
2025-07-09 06:43:44,870 - [learn.AI/classify] - DEBUG - Using 5 features to classify!
2025-07-09 06:43:44,930 - [server/classify] - DEBUG - classifed for raaise-18-06 -60 ms
127.0.0.1 - - [09/Jul/2025 06:43:44] "POST /classify HTTP/1.1" 200 -
2025-07-09 06:43:44,954 - [learn.AI/classify] - DEBUG - Using 5 features to classify!
2025-07-09 06:43:45,019 - [server/classify] - DEBUG - classifed for raaise-18-06 -65 ms
127.0.0.1 - - [09/Jul/2025 06:43:45] "POST /classify HTTP/1.1" 200 -
2025-07-09 06:43:45,024 - [learn.AI/classify] - DEBUG - Using 5 features to classify!
2025-07-09 06:43:45,024 - [server/classify] - DEBUG - classifed for raaise-18-06 0 ms
127.0.0.1 - - [09/Jul/2025 06:43:45] "POST /classify HTTP/1.1" 200 -
2025-07-09 06:43:45,312 - [learn.AI/classify] - DEBUG - Using 5 features to classify!
2025-07-09 06:43:45,313 - [learn.AI/classify] - DEBUG - Using 5 features to classify!
2025-07-09 06:43:45,362 - [server/classify] - DEBUG - classifed for raaise-18-06 -50 ms
127.0.0.1 - - [09/Jul/2025 06:43:45] "POST /classify HTTP/1.1" 200 -
2025-07-09 06:43:45,363 - [server/classify] - DEBUG - classifed for raaise-18-06 -50 ms
127.0.0.1 - - [09/Jul/2025 06:43:45] "POST /classify HTTP/1.1" 200 -
2025-07-09 06:43:45,481 - [learn.AI/classify] - DEBUG - Using 5 features to classify!
2025-07-09 06:43:45,517 - [server/classify] - DEBUG - classifed for raaise-18-06 -36 ms
127.0.0.1 - - [09/Jul/2025 06:43:45] "POST /classify HTTP/1.1" 200 -
2025-07-09 06:43:45,706 - [learn.AI/classify] - DEBUG - Using 5 features to classify!
2025-07-09 06:43:45,707 - [server/classify] - DEBUG - classifed for raaise-18-06 0 ms
127.0.0.1 - - [09/Jul/2025 06:43:45] "POST /classify HTTP/1.1" 200 -
2025-07-09 06:43:45,942 - [learn.AI/classify] - DEBUG - Using 5 features to classify!
2025-07-09 06:43:45,943 - [learn.AI/classify] - DEBUG - Using 5 features to classify!
2025-07-09 06:43:46,021 - [server/classify] - DEBUG - classifed for raaise-18-06 -78 ms
127.0.0.1 - - [09/Jul/2025 06:43:46] "POST /classify HTTP/1.1" 200 -
2025-07-09 06:43:46,025 - [server/classify] - DEBUG - classifed for raaise-18-06 -82 ms
127.0.0.1 - - [09/Jul/2025 06:43:46] "POST /classify HTTP/1.1" 200 -
2025-07-09 06:43:46,143 - [learn.AI/classify] - DEBUG - Using 5 features to classify!
2025-07-09 06:43:46,197 - [learn.AI/classify] - DEBUG - Using 5 features to classify!
2025-07-09 06:43:46,214 - [server/classify] - DEBUG - classifed for raaise-18-06 -70 ms
127.0.0.1 - - [09/Jul/2025 06:43:46] "POST /classify HTTP/1.1" 200 -
2025-07-09 06:43:46,257 - [server/classify] - DEBUG - classifed for raaise-18-06 -59 ms
127.0.0.1 - - [09/Jul/2025 06:43:46] "POST /classify HTTP/1.1" 200 -
2025-07-09 06:43:46,335 - [learn.AI/classify] - DEBUG - Using 5 features to classify!
2025-07-09 06:43:46,407 - [server/classify] - DEBUG - classifed for raaise-18-06 -72 ms
127.0.0.1 - - [09/Jul/2025 06:43:46] "POST /classify HTTP/1.1" 200 -
2025-07-09 06:43:46,485 - [learn.AI/classify] - DEBUG - Using 5 features to classify!
2025-07-09 06:43:46,491 - [server/classify] - DEBUG - classifed for raaise-18-06 -6 ms
127.0.0.1 - - [09/Jul/2025 06:43:46] "POST /classify HTTP/1.1" 200 -
2025-07-09 06:43:46,719 - [learn.AI/classify] - DEBUG - Using 5 features to classify!
2025-07-09 06:43:46,719 - [server/classify] - DEBUG - classifed for raaise-18-06 0 ms
127.0.0.1 - - [09/Jul/2025 06:43:46] "POST /classify HTTP/1.1" 200 -
2025-07-09 06:43:46,720 - [learn.AI/classify] - DEBUG - Using 5 features to classify!
2025-07-09 06:43:46,798 - [server/classify] - DEBUG - classifed for raaise-18-06 -78 ms
127.0.0.1 - - [09/Jul/2025 06:43:46] "POST /classify HTTP/1.1" 200 -
2025-07-09 06:43:46,938 - [learn.AI/classify] - DEBUG - Using 5 features to classify!
2025-07-09 06:43:46,950 - [learn.AI/classify] - DEBUG - Using 5 features to classify!
2025-07-09 06:43:46,950 - [server/classify] - DEBUG - classifed for raaise-18-06 0 ms
127.0.0.1 - - [09/Jul/2025 06:43:46] "POST /classify HTTP/1.1" 200 -
2025-07-09 06:43:47,007 - [server/classify] - DEBUG - classifed for raaise-18-06 -68 ms
127.0.0.1 - - [09/Jul/2025 06:43:47] "POST /classify HTTP/1.1" 200 -
2025-07-09 06:43:47,124 - [learn.AI/classify] - DEBUG - Using 5 features to classify!
2025-07-09 06:43:47,124 - [learn.AI/classify] - DEBUG - Using 5 features to classify!
2025-07-09 06:43:47,169 - [learn.AI/classify] - DEBUG - Using 5 features to classify!
2025-07-09 06:43:47,184 - [server/classify] - DEBUG - classifed for raaise-18-06 -59 ms
127.0.0.1 - - [09/Jul/2025 06:43:47] "POST /classify HTTP/1.1" 200 -
2025-07-09 06:43:47,205 - [server/classify] - DEBUG - classifed for raaise-18-06 -81 ms
127.0.0.1 - - [09/Jul/2025 06:43:47] "POST /classify HTTP/1.1" 200 -
2025-07-09 06:43:47,235 - [server/classify] - DEBUG - classifed for raaise-18-06 -66 ms
127.0.0.1 - - [09/Jul/2025 06:43:47] "POST /classify HTTP/1.1" 200 -
2025-07-09 06:43:47,326 - [learn.AI/classify] - DEBUG - Using 5 features to classify!
2025-07-09 06:43:47,390 - [learn.AI/classify] - DEBUG - Using 5 features to classify!
2025-07-09 06:43:47,423 - [server/classify] - DEBUG - classifed for raaise-18-06 -97 ms
127.0.0.1 - - [09/Jul/2025 06:43:47] "POST /classify HTTP/1.1" 200 -
2025-07-09 06:43:47,479 - [server/classify] - DEBUG - classifed for raaise-18-06 -89 ms
127.0.0.1 - - [09/Jul/2025 06:43:47] "POST /classify HTTP/1.1" 200 -
2025-07-09 06:43:47,553 - [learn.AI/classify] - DEBUG - Using 5 features to classify!
2025-07-09 06:43:47,631 - [server/classify] - DEBUG - classifed for raaise-18-06 -78 ms
127.0.0.1 - - [09/Jul/2025 06:43:47] "POST /classify HTTP/1.1" 200 -
2025-07-09 06:43:47,984 - [learn.AI/classify] - DEBUG - Using 5 features to classify!
2025-07-09 06:43:48,059 - [server/classify] - DEBUG - classifed for raaise-18-06 -75 ms
127.0.0.1 - - [09/Jul/2025 06:43:48] "POST /classify HTTP/1.1" 200 -
2025-07-09 06:43:48,135 - [learn.AI/classify] - DEBUG - Using 5 features to classify!
2025-07-09 06:43:48,178 - [learn.AI/classify] - DEBUG - Using 5 features to classify!
2025-07-09 06:43:48,179 - [learn.AI/classify] - DEBUG - Using 5 features to classify!
2025-07-09 06:43:48,219 - [server/classify] - DEBUG - classifed for raaise-18-06 -83 ms
127.0.0.1 - - [09/Jul/2025 06:43:48] "POST /classify HTTP/1.1" 200 -
2025-07-09 06:43:48,270 - [server/classify] - DEBUG - classifed for raaise-18-06 -91 ms
127.0.0.1 - - [09/Jul/2025 06:43:48] "POST /classify HTTP/1.1" 200 -
2025-07-09 06:43:48,278 - [server/classify] - DEBUG - classifed for raaise-18-06 -100 ms
127.0.0.1 - - [09/Jul/2025 06:43:48] "POST /classify HTTP/1.1" 200 -
2025-07-09 06:43:48,304 - [learn.AI/classify] - DEBUG - Using 5 features to classify!
2025-07-09 06:43:48,304 - [server/classify] - DEBUG - classifed for raaise-18-06 0 ms
127.0.0.1 - - [09/Jul/2025 06:43:48] "POST /classify HTTP/1.1" 200 -
2025-07-09 06:43:48,348 - [learn.AI/classify] - DEBUG - Using 5 features to classify!
2025-07-09 06:43:48,348 - [server/classify] - DEBUG - classifed for raaise-18-06 0 ms
127.0.0.1 - - [09/Jul/2025 06:43:48] "POST /classify HTTP/1.1" 200 -
2025-07-09 06:43:48,409 - [learn.AI/classify] - DEBUG - Using 5 features to classify!
2025-07-09 06:43:48,466 - [server/classify] - DEBUG - classifed for raaise-18-06 -57 ms
127.0.0.1 - - [09/Jul/2025 06:43:48] "POST /classify HTTP/1.1" 200 -
2025-07-09 06:43:48,647 - [learn.AI/classify] - DEBUG - Using 5 features to classify!
2025-07-09 06:43:48,647 - [server/classify] - DEBUG - classifed for raaise-18-06 0 ms
127.0.0.1 - - [09/Jul/2025 06:43:48] "POST /classify HTTP/1.1" 200 -
2025-07-09 06:43:48,648 - [learn.AI/classify] - DEBUG - Using 5 features to classify!
2025-07-09 06:43:48,717 - [server/classify] - DEBUG - classifed for raaise-18-06 -68 ms
127.0.0.1 - - [09/Jul/2025 06:43:48] "POST /classify HTTP/1.1" 200 -
2025-07-09 06:43:48,842 - [learn.AI/classify] - DEBUG - Using 5 features to classify!
2025-07-09 06:43:48,842 - [server/classify] - DEBUG - classifed for raaise-18-06 0 ms
127.0.0.1 - - [09/Jul/2025 06:43:48] "POST /classify HTTP/1.1" 200 -
2025-07-09 06:43:48,880 - [learn.AI/classify] - DEBUG - Using 5 features to classify!
2025-07-09 06:43:48,880 - [server/classify] - DEBUG - classifed for raaise-18-06 -1 ms
127.0.0.1 - - [09/Jul/2025 06:43:48] "POST /classify HTTP/1.1" 200 -
2025-07-09 06:43:49,212 - [learn.AI/classify] - DEBUG - Using 5 features to classify!
2025-07-09 06:43:49,222 - [learn.AI/classify] - DEBUG - Using 5 features to classify!
2025-07-09 06:43:49,222 - [learn.AI/classify] - DEBUG - Using 5 features to classify!
2025-07-09 06:43:49,272 - [server/classify] - DEBUG - classifed for raaise-18-06 -59 ms
127.0.0.1 - - [09/Jul/2025 06:43:49] "POST /classify HTTP/1.1" 200 -
2025-07-09 06:43:49,292 - [server/classify] - DEBUG - classifed for raaise-18-06 -69 ms
127.0.0.1 - - [09/Jul/2025 06:43:49] "POST /classify HTTP/1.1" 200 -
2025-07-09 06:43:49,297 - [server/classify] - DEBUG - classifed for raaise-18-06 -75 ms
127.0.0.1 - - [09/Jul/2025 06:43:49] "POST /classify HTTP/1.1" 200 -
2025-07-09 06:43:49,340 - [learn.AI/classify] - DEBUG - Using 5 features to classify!
2025-07-09 06:43:49,412 - [server/classify] - DEBUG - classifed for raaise-18-06 -72 ms
127.0.0.1 - - [09/Jul/2025 06:43:49] "POST /classify HTTP/1.1" 200 -
2025-07-09 06:43:49,447 - [learn.AI/classify] - DEBUG - Using 5 features to classify!
2025-07-09 06:43:49,447 - [server/classify] - DEBUG - classifed for raaise-18-06 0 ms
127.0.0.1 - - [09/Jul/2025 06:43:49] "POST /classify HTTP/1.1" 200 -
2025-07-09 06:43:49,588 - [learn.AI/classify] - DEBUG - Using 5 features to classify!
2025-07-09 06:43:49,588 - [server/classify] - DEBUG - classifed for raaise-18-06 0 ms
127.0.0.1 - - [09/Jul/2025 06:43:49] "POST /classify HTTP/1.1" 200 -
2025-07-09 06:43:49,798 - [learn.AI/classify] - DEBUG - Using 5 features to classify!
2025-07-09 06:43:49,866 - [server/classify] - DEBUG - classifed for raaise-18-06 -68 ms
127.0.0.1 - - [09/Jul/2025 06:43:49] "POST /classify HTTP/1.1" 200 -
2025-07-09 06:43:49,898 - [learn.AI/classify] - DEBUG - Using 5 features to classify!
2025-07-09 06:43:49,898 - [server/classify] - DEBUG - classifed for raaise-18-06 0 ms
127.0.0.1 - - [09/Jul/2025 06:43:49] "POST /classify HTTP/1.1" 200 -
2025-07-09 06:43:49,941 - [learn.AI/classify] - DEBUG - Using 5 features to classify!
2025-07-09 06:43:49,941 - [server/classify] - DEBUG - classifed for raaise-18-06 0 ms
127.0.0.1 - - [09/Jul/2025 06:43:49] "POST /classify HTTP/1.1" 200 -
2025-07-09 06:43:49,941 - [learn.AI/classify] - DEBUG - Using 5 features to classify!
2025-07-09 06:43:49,942 - [server/classify] - DEBUG - classifed for raaise-18-06 0 ms
127.0.0.1 - - [09/Jul/2025 06:43:49] "POST /classify HTTP/1.1" 200 -
2025-07-09 06:43:50,046 - [learn.AI/classify] - DEBUG - Using 5 features to classify!
2025-07-09 06:43:50,047 - [server/classify] - DEBUG - classifed for raaise-18-06 0 ms
127.0.0.1 - - [09/Jul/2025 06:43:50] "POST /classify HTTP/1.1" 200 -
2025-07-09 06:43:50,369 - [learn.AI/classify] - DEBUG - Using 5 features to classify!
2025-07-09 06:43:50,370 - [server/classify] - DEBUG - classifed for raaise-18-06 0 ms
127.0.0.1 - - [09/Jul/2025 06:43:50] "POST /classify HTTP/1.1" 200 -
2025-07-09 06:43:50,369 - [learn.AI/classify] - DEBUG - Using 5 features to classify!
2025-07-09 06:43:50,434 - [server/classify] - DEBUG - classifed for raaise-18-06 -64 ms
127.0.0.1 - - [09/Jul/2025 06:43:50] "POST /classify HTTP/1.1" 200 -
2025-07-09 06:43:50,521 - [learn.AI/classify] - DEBUG - Using 5 features to classify!
2025-07-09 06:43:50,522 - [learn.AI/classify] - DEBUG - Using 5 features to classify!
2025-07-09 06:43:50,594 - [server/classify] - DEBUG - classifed for raaise-18-06 -72 ms
127.0.0.1 - - [09/Jul/2025 06:43:50] "POST /classify HTTP/1.1" 200 -
2025-07-09 06:43:50,599 - [server/classify] - DEBUG - classifed for raaise-18-06 -77 ms
127.0.0.1 - - [09/Jul/2025 06:43:50] "POST /classify HTTP/1.1" 200 -
2025-07-09 06:43:50,726 - [learn.AI/classify] - DEBUG - Using 5 features to classify!
2025-07-09 06:43:50,806 - [server/classify] - DEBUG - classifed for raaise-18-06 -80 ms
127.0.0.1 - - [09/Jul/2025 06:43:50] "POST /classify HTTP/1.1" 200 -
2025-07-09 06:43:50,979 - [learn.AI/classify] - DEBUG - Using 5 features to classify!
2025-07-09 06:43:50,979 - [server/classify] - DEBUG - classifed for raaise-18-06 0 ms
127.0.0.1 - - [09/Jul/2025 06:43:50] "POST /classify HTTP/1.1" 200 -
2025-07-09 06:43:51,230 - [learn.AI/classify] - DEBUG - Using 5 features to classify!
2025-07-09 06:43:51,231 - [learn.AI/classify] - DEBUG - Using 5 features to classify!
2025-07-09 06:43:51,282 - [server/classify] - DEBUG - classifed for raaise-18-06 -52 ms
127.0.0.1 - - [09/Jul/2025 06:43:51] "POST /classify HTTP/1.1" 200 -
2025-07-09 06:43:51,320 - [server/classify] - DEBUG - classifed for raaise-18-06 -89 ms
127.0.0.1 - - [09/Jul/2025 06:43:51] "POST /classify HTTP/1.1" 200 -
2025-07-09 06:43:51,395 - [learn.AI/classify] - DEBUG - Using 5 features to classify!
2025-07-09 06:43:51,395 - [server/classify] - DEBUG - classifed for raaise-18-06 0 ms
127.0.0.1 - - [09/Jul/2025 06:43:51] "POST /classify HTTP/1.1" 200 -
2025-07-09 06:43:51,396 - [learn.AI/classify] - DEBUG - Using 5 features to classify!
2025-07-09 06:43:51,396 - [server/classify] - DEBUG - classifed for raaise-18-06 0 ms
127.0.0.1 - - [09/Jul/2025 06:43:51] "POST /classify HTTP/1.1" 200 -
2025-07-09 06:43:51,428 - [learn.AI/classify] - DEBUG - Using 5 features to classify!
2025-07-09 06:43:51,499 - [server/classify] - DEBUG - classifed for raaise-18-06 -70 ms
127.0.0.1 - - [09/Jul/2025 06:43:51] "POST /classify HTTP/1.1" 200 -
2025-07-09 06:43:51,645 - [learn.AI/classify] - DEBUG - Using 5 features to classify!
2025-07-09 06:43:51,719 - [server/classify] - DEBUG - classifed for raaise-18-06 -73 ms
127.0.0.1 - - [09/Jul/2025 06:43:51] "POST /classify HTTP/1.1" 200 -
2025-07-09 06:43:51,891 - [learn.AI/classify] - DEBUG - Using 5 features to classify!
2025-07-09 06:43:51,891 - [server/classify] - DEBUG - classifed for raaise-18-06 0 ms
127.0.0.1 - - [09/Jul/2025 06:43:51] "POST /classify HTTP/1.1" 200 -
2025-07-09 06:43:51,892 - [learn.AI/classify] - DEBUG - Using 5 features to classify!
2025-07-09 06:43:51,892 - [server/classify] - DEBUG - classifed for raaise-18-06 0 ms
127.0.0.1 - - [09/Jul/2025 06:43:51] "POST /classify HTTP/1.1" 200 -
2025-07-09 06:43:52,279 - [learn.AI/classify] - DEBUG - Using 5 features to classify!
2025-07-09 06:43:52,322 - [learn.AI/classify] - DEBUG - Using 5 features to classify!
2025-07-09 06:43:52,323 - [learn.AI/classify] - DEBUG - Using 5 features to classify!
2025-07-09 06:43:52,323 - [server/classify] - DEBUG - classifed for raaise-18-06 0 ms
127.0.0.1 - - [09/Jul/2025 06:43:52] "POST /classify HTTP/1.1" 200 -
2025-07-09 06:43:52,362 - [server/classify] - DEBUG - classifed for raaise-18-06 -83 ms
127.0.0.1 - - [09/Jul/2025 06:43:52] "POST /classify HTTP/1.1" 200 -
2025-07-09 06:43:52,363 - [learn.AI/classify] - DEBUG - Using 5 features to classify!
2025-07-09 06:43:52,363 - [server/classify] - DEBUG - classifed for raaise-18-06 0 ms
127.0.0.1 - - [09/Jul/2025 06:43:52] "POST /classify HTTP/1.1" 200 -
2025-07-09 06:43:52,415 - [server/classify] - DEBUG - classifed for raaise-18-06 -92 ms
127.0.0.1 - - [09/Jul/2025 06:43:52] "POST /classify HTTP/1.1" 200 -
2025-07-09 06:43:52,607 - [learn.AI/classify] - DEBUG - Using 5 features to classify!
2025-07-09 06:43:52,639 - [server/classify] - DEBUG - classifed for raaise-18-06 -32 ms
127.0.0.1 - - [09/Jul/2025 06:43:52] "POST /classify HTTP/1.1" 200 -
2025-07-09 06:43:52,648 - [learn.AI/classify] - DEBUG - Using 5 features to classify!
2025-07-09 06:43:52,718 - [server/classify] - DEBUG - classifed for raaise-18-06 -70 ms
127.0.0.1 - - [09/Jul/2025 06:43:52] "POST /classify HTTP/1.1" 200 -
2025-07-09 06:43:52,765 - [learn.AI/classify] - DEBUG - Using 5 features to classify!
2025-07-09 06:43:52,799 - [learn.AI/classify] - DEBUG - Using 5 features to classify!
2025-07-09 06:43:52,828 - [server/classify] - DEBUG - classifed for raaise-18-06 -62 ms
127.0.0.1 - - [09/Jul/2025 06:43:52] "POST /classify HTTP/1.1" 200 -
2025-07-09 06:43:52,873 - [server/classify] - DEBUG - classifed for raaise-18-06 -74 ms
127.0.0.1 - - [09/Jul/2025 06:43:52] "POST /classify HTTP/1.1" 200 -
2025-07-09 06:43:52,886 - [learn.AI/classify] - DEBUG - Using 5 features to classify!
2025-07-09 06:43:52,887 - [learn.AI/classify] - DEBUG - Using 5 features to classify!
2025-07-09 06:43:52,954 - [server/classify] - DEBUG - classifed for raaise-18-06 -66 ms
127.0.0.1 - - [09/Jul/2025 06:43:52] "POST /classify HTTP/1.1" 200 -
2025-07-09 06:43:52,955 - [server/classify] - DEBUG - classifed for raaise-18-06 -68 ms
127.0.0.1 - - [09/Jul/2025 06:43:52] "POST /classify HTTP/1.1" 200 -
2025-07-09 06:43:53,119 - [learn.AI/classify] - DEBUG - Using 5 features to classify!
2025-07-09 06:43:53,211 - [server/classify] - DEBUG - classifed for raaise-18-06 -92 ms
127.0.0.1 - - [09/Jul/2025 06:43:53] "POST /classify HTTP/1.1" 200 -
2025-07-09 06:43:53,369 - [learn.AI/classify] - DEBUG - Using 5 features to classify!
2025-07-09 06:43:53,369 - [server/classify] - DEBUG - classifed for raaise-18-06 0 ms
127.0.0.1 - - [09/Jul/2025 06:43:53] "POST /classify HTTP/1.1" 200 -
2025-07-09 06:43:53,619 - [learn.AI/classify] - DEBUG - Using 5 features to classify!
2025-07-09 06:43:53,619 - [learn.AI/classify] - DEBUG - Using 5 features to classify!
2025-07-09 06:43:53,710 - [server/classify] - DEBUG - classifed for raaise-18-06 -91 ms
127.0.0.1 - - [09/Jul/2025 06:43:53] "POST /classify HTTP/1.1" 200 -
2025-07-09 06:43:53,711 - [server/classify] - DEBUG - classifed for raaise-18-06 -91 ms
127.0.0.1 - - [09/Jul/2025 06:43:53] "POST /classify HTTP/1.1" 200 -
2025-07-09 06:43:53,812 - [learn.AI/classify] - DEBUG - Using 5 features to classify!
2025-07-09 06:43:53,834 - [learn.AI/classify] - DEBUG - Using 5 features to classify!
2025-07-09 06:43:53,835 - [server/classify] - DEBUG - classifed for raaise-18-06 0 ms
127.0.0.1 - - [09/Jul/2025 06:43:53] "POST /classify HTTP/1.1" 200 -
2025-07-09 06:43:53,883 - [server/classify] - DEBUG - classifed for raaise-18-06 -71 ms
127.0.0.1 - - [09/Jul/2025 06:43:53] "POST /classify HTTP/1.1" 200 -
2025-07-09 06:43:53,974 - [learn.AI/classify] - DEBUG - Using 5 features to classify!
2025-07-09 06:43:53,975 - [learn.AI/classify] - DEBUG - Using 5 features to classify!
2025-07-09 06:43:53,976 - [learn.AI/classify] - DEBUG - Using 5 features to classify!
2025-07-09 06:43:54,041 - [server/classify] - DEBUG - classifed for raaise-18-06 -65 ms
127.0.0.1 - - [09/Jul/2025 06:43:54] "POST /classify HTTP/1.1" 200 -
2025-07-09 06:43:54,042 - [server/classify] - DEBUG - classifed for raaise-18-06 -68 ms
127.0.0.1 - - [09/Jul/2025 06:43:54] "POST /classify HTTP/1.1" 200 -
2025-07-09 06:43:54,071 - [server/classify] - DEBUG - classifed for raaise-18-06 -95 ms
127.0.0.1 - - [09/Jul/2025 06:43:54] "POST /classify HTTP/1.1" 200 -
2025-07-09 06:43:54,145 - [learn.AI/classify] - DEBUG - Using 5 features to classify!
2025-07-09 06:43:54,146 - [learn.AI/classify] - DEBUG - Using 5 features to classify!
2025-07-09 06:43:54,215 - [server/classify] - DEBUG - classifed for raaise-18-06 -69 ms
127.0.0.1 - - [09/Jul/2025 06:43:54] "POST /classify HTTP/1.1" 200 -
2025-07-09 06:43:54,222 - [server/classify] - DEBUG - classifed for raaise-18-06 -76 ms
127.0.0.1 - - [09/Jul/2025 06:43:54] "POST /classify HTTP/1.1" 200 -
2025-07-09 06:43:54,391 - [learn.AI/classify] - DEBUG - Using 5 features to classify!
2025-07-09 06:43:54,463 - [server/classify] - DEBUG - classifed for raaise-18-06 -71 ms
127.0.0.1 - - [09/Jul/2025 06:43:54] "POST /classify HTTP/1.1" 200 -
2025-07-09 06:43:54,804 - [learn.AI/classify] - DEBUG - Using 5 features to classify!
2025-07-09 06:43:54,861 - [learn.AI/classify] - DEBUG - Using 5 features to classify!
2025-07-09 06:43:54,879 - [server/classify] - DEBUG - classifed for raaise-18-06 -75 ms
127.0.0.1 - - [09/Jul/2025 06:43:54] "POST /classify HTTP/1.1" 200 -
2025-07-09 06:43:54,931 - [server/classify] - DEBUG - classifed for raaise-18-06 -70 ms
127.0.0.1 - - [09/Jul/2025 06:43:54] "POST /classify HTTP/1.1" 200 -
2025-07-09 06:43:54,965 - [learn.AI/classify] - DEBUG - Using 5 features to classify!
2025-07-09 06:43:54,965 - [server/classify] - DEBUG - classifed for raaise-18-06 0 ms
2025-07-09 06:43:54,965 - [learn.AI/classify] - DEBUG - Using 5 features to classify!
127.0.0.1 - - [09/Jul/2025 06:43:54] "POST /classify HTTP/1.1" 200 -
2025-07-09 06:43:54,966 - [server/classify] - DEBUG - classifed for raaise-18-06 0 ms
127.0.0.1 - - [09/Jul/2025 06:43:54] "POST /classify HTTP/1.1" 200 -
2025-07-09 06:43:55,008 - [learn.AI/classify] - DEBUG - Using 5 features to classify!
2025-07-09 06:43:55,070 - [server/classify] - DEBUG - classifed for raaise-18-06 -62 ms
127.0.0.1 - - [09/Jul/2025 06:43:55] "POST /classify HTTP/1.1" 200 -
2025-07-09 06:43:55,289 - [learn.AI/classify] - DEBUG - Using 5 features to classify!
2025-07-09 06:43:55,308 - [learn.AI/classify] - DEBUG - Using 5 features to classify!
2025-07-09 06:43:55,365 - [server/classify] - DEBUG - classifed for raaise-18-06 -76 ms
127.0.0.1 - - [09/Jul/2025 06:43:55] "POST /classify HTTP/1.1" 200 -
2025-07-09 06:43:55,371 - [learn.AI/classify] - DEBUG - Using 5 features to classify!
2025-07-09 06:43:55,381 - [server/classify] - DEBUG - classifed for raaise-18-06 -72 ms
127.0.0.1 - - [09/Jul/2025 06:43:55] "POST /classify HTTP/1.1" 200 -
2025-07-09 06:43:55,404 - [server/classify] - DEBUG - classifed for raaise-18-06 -32 ms
127.0.0.1 - - [09/Jul/2025 06:43:55] "POST /classify HTTP/1.1" 200 -
2025-07-09 06:43:55,499 - [learn.AI/classify] - DEBUG - Using 5 features to classify!
2025-07-09 06:43:55,554 - [server/classify] - DEBUG - classifed for raaise-18-06 -55 ms
127.0.0.1 - - [09/Jul/2025 06:43:55] "POST /classify HTTP/1.1" 200 -
2025-07-09 06:43:55,799 - [learn.AI/classify] - DEBUG - Using 5 features to classify!
2025-07-09 06:43:55,868 - [server/classify] - DEBUG - classifed for raaise-18-06 -68 ms
127.0.0.1 - - [09/Jul/2025 06:43:55] "POST /classify HTTP/1.1" 200 -
2025-07-09 06:43:56,035 - [learn.AI/classify] - DEBUG - Using 5 features to classify!
2025-07-09 06:43:56,035 - [server/classify] - DEBUG - classifed for raaise-18-06 0 ms
127.0.0.1 - - [09/Jul/2025 06:43:56] "POST /classify HTTP/1.1" 200 -
2025-07-09 06:43:56,237 - [learn.AI/classify] - DEBUG - Using 5 features to classify!
2025-07-09 06:43:56,292 - [server/classify] - DEBUG - classifed for raaise-18-06 -54 ms
127.0.0.1 - - [09/Jul/2025 06:43:56] "POST /classify HTTP/1.1" 200 -
2025-07-09 06:43:56,428 - [learn.AI/classify] - DEBUG - Using 5 features to classify!
2025-07-09 06:43:56,433 - [server/classify] - DEBUG - classifed for raaise-18-06 -5 ms
127.0.0.1 - - [09/Jul/2025 06:43:56] "POST /classify HTTP/1.1" 200 -
2025-07-09 06:43:56,469 - [learn.AI/classify] - DEBUG - Using 5 features to classify!
2025-07-09 06:43:56,470 - [learn.AI/classify] - DEBUG - Using 5 features to classify!
2025-07-09 06:43:56,479 - [server/classify] - DEBUG - classifed for raaise-18-06 -10 ms
127.0.0.1 - - [09/Jul/2025 06:43:56] "POST /classify HTTP/1.1" 200 -
2025-07-09 06:43:56,486 - [server/classify] - DEBUG - classifed for raaise-18-06 -16 ms
127.0.0.1 - - [09/Jul/2025 06:43:56] "POST /classify HTTP/1.1" 200 -
2025-07-09 06:43:56,583 - [learn.AI/classify] - DEBUG - Using 5 features to classify!
2025-07-09 06:43:56,646 - [server/classify] - DEBUG - classifed for raaise-18-06 -63 ms
127.0.0.1 - - [09/Jul/2025 06:43:56] "POST /classify HTTP/1.1" 200 -
2025-07-09 06:43:56,737 - [learn.AI/classify] - DEBUG - Using 5 features to classify!
2025-07-09 06:43:56,738 - [server/classify] - DEBUG - classifed for raaise-18-06 0 ms
127.0.0.1 - - [09/Jul/2025 06:43:56] "POST /classify HTTP/1.1" 200 -
2025-07-09 06:43:56,875 - [learn.AI/classify] - DEBUG - Using 5 features to classify!
2025-07-09 06:43:56,875 - [server/classify] - DEBUG - classifed for raaise-18-06 0 ms
127.0.0.1 - - [09/Jul/2025 06:43:56] "POST /classify HTTP/1.1" 200 -
2025-07-09 06:43:56,908 - [learn.AI/classify] - DEBUG - Using 5 features to classify!
2025-07-09 06:43:56,908 - [server/classify] - DEBUG - classifed for raaise-18-06 0 ms
127.0.0.1 - - [09/Jul/2025 06:43:56] "POST /classify HTTP/1.1" 200 -
2025-07-09 06:43:56,992 - [learn.AI/classify] - DEBUG - Using 5 features to classify!
2025-07-09 06:43:57,055 - [server/classify] - DEBUG - classifed for raaise-18-06 -63 ms
127.0.0.1 - - [09/Jul/2025 06:43:57] "POST /classify HTTP/1.1" 200 -
2025-07-09 06:43:57,128 - [learn.AI/classify] - DEBUG - Using 5 features to classify!
2025-07-09 06:43:57,129 - [server/classify] - DEBUG - classifed for raaise-18-06 0 ms
127.0.0.1 - - [09/Jul/2025 06:43:57] "POST /classify HTTP/1.1" 200 -
2025-07-09 06:43:57,237 - [learn.AI/classify] - DEBUG - Using 5 features to classify!
2025-07-09 06:43:57,318 - [server/classify] - DEBUG - classifed for raaise-18-06 -81 ms
127.0.0.1 - - [09/Jul/2025 06:43:57] "POST /classify HTTP/1.1" 200 -
2025-07-09 06:43:57,428 - [learn.AI/classify] - DEBUG - Using 5 features to classify!
2025-07-09 06:43:57,429 - [server/classify] - DEBUG - classifed for raaise-18-06 0 ms
127.0.0.1 - - [09/Jul/2025 06:43:57] "POST /classify HTTP/1.1" 200 -
2025-07-09 06:43:57,502 - [learn.AI/classify] - DEBUG - Using 5 features to classify!
2025-07-09 06:43:57,503 - [server/classify] - DEBUG - classifed for raaise-18-06 0 ms
127.0.0.1 - - [09/Jul/2025 06:43:57] "POST /classify HTTP/1.1" 200 -
2025-07-09 06:43:57,503 - [learn.AI/classify] - DEBUG - Using 5 features to classify!
2025-07-09 06:43:57,504 - [learn.AI/classify] - DEBUG - Using 5 features to classify!
2025-07-09 06:43:57,537 - [learn.AI/classify] - DEBUG - Using 5 features to classify!
2025-07-09 06:43:57,537 - [server/classify] - DEBUG - classifed for raaise-18-06 0 ms
127.0.0.1 - - [09/Jul/2025 06:43:57] "POST /classify HTTP/1.1" 200 -
2025-07-09 06:43:57,575 - [server/classify] - DEBUG - classifed for raaise-18-06 -71 ms
127.0.0.1 - - [09/Jul/2025 06:43:57] "POST /classify HTTP/1.1" 200 -
2025-07-09 06:43:57,580 - [server/classify] - DEBUG - classifed for raaise-18-06 -77 ms
127.0.0.1 - - [09/Jul/2025 06:43:57] "POST /classify HTTP/1.1" 200 -
2025-07-09 06:43:57,877 - [learn.AI/classify] - DEBUG - Using 5 features to classify!
2025-07-09 06:43:57,877 - [server/classify] - DEBUG - classifed for raaise-18-06 0 ms
127.0.0.1 - - [09/Jul/2025 06:43:57] "POST /classify HTTP/1.1" 200 -
2025-07-09 06:43:57,934 - [learn.AI/classify] - DEBUG - Using 5 features to classify!
2025-07-09 06:43:57,934 - [learn.AI/classify] - DEBUG - Using 5 features to classify!
2025-07-09 06:43:58,006 - [server/classify] - DEBUG - classifed for raaise-18-06 -72 ms
127.0.0.1 - - [09/Jul/2025 06:43:58] "POST /classify HTTP/1.1" 200 -
2025-07-09 06:43:58,007 - [server/classify] - DEBUG - classifed for raaise-18-06 -72 ms
127.0.0.1 - - [09/Jul/2025 06:43:58] "POST /classify HTTP/1.1" 200 -
2025-07-09 06:43:58,016 - [learn.AI/classify] - DEBUG - Using 5 features to classify!
2025-07-09 06:43:58,086 - [server/classify] - DEBUG - classifed for raaise-18-06 -69 ms
127.0.0.1 - - [09/Jul/2025 06:43:58] "POST /classify HTTP/1.1" 200 -
2025-07-09 06:43:58,168 - [learn.AI/classify] - DEBUG - Using 5 features to classify!
2025-07-09 06:43:58,168 - [server/classify] - DEBUG - classifed for raaise-18-06 0 ms
127.0.0.1 - - [09/Jul/2025 06:43:58] "POST /classify HTTP/1.1" 200 -
2025-07-09 06:43:58,497 - [learn.AI/classify] - DEBUG - Using 5 features to classify!
2025-07-09 06:43:58,497 - [learn.AI/classify] - DEBUG - Using 5 features to classify!
2025-07-09 06:43:58,497 - [server/classify] - DEBUG - classifed for raaise-18-06 0 ms
127.0.0.1 - - [09/Jul/2025 06:43:58] "POST /classify HTTP/1.1" 200 -
2025-07-09 06:43:58,569 - [server/classify] - DEBUG - classifed for raaise-18-06 -72 ms
127.0.0.1 - - [09/Jul/2025 06:43:58] "POST /classify HTTP/1.1" 200 -
2025-07-09 06:43:58,960 - [learn.AI/classify] - DEBUG - Using 5 features to classify!
2025-07-09 06:43:59,003 - [learn.AI/classify] - DEBUG - Using 5 features to classify!
2025-07-09 06:43:59,003 - [server/classify] - DEBUG - classifed for raaise-18-06 0 ms
127.0.0.1 - - [09/Jul/2025 06:43:59] "POST /classify HTTP/1.1" 200 -
2025-07-09 06:43:59,040 - [server/classify] - DEBUG - classifed for raaise-18-06 -79 ms
127.0.0.1 - - [09/Jul/2025 06:43:59] "POST /classify HTTP/1.1" 200 -
2025-07-09 06:43:59,118 - [learn.AI/classify] - DEBUG - Using 5 features to classify!
2025-07-09 06:43:59,118 - [server/classify] - DEBUG - classifed for raaise-18-06 0 ms
127.0.0.1 - - [09/Jul/2025 06:43:59] "POST /classify HTTP/1.1" 200 -
2025-07-09 06:43:59,252 - [learn.AI/classify] - DEBUG - Using 5 features to classify!
2025-07-09 06:43:59,275 - [learn.AI/classify] - DEBUG - Using 5 features to classify!
2025-07-09 06:43:59,275 - [server/classify] - DEBUG - classifed for raaise-18-06 0 ms
127.0.0.1 - - [09/Jul/2025 06:43:59] "POST /classify HTTP/1.1" 200 -
2025-07-09 06:43:59,334 - [server/classify] - DEBUG - classifed for raaise-18-06 -82 ms
127.0.0.1 - - [09/Jul/2025 06:43:59] "POST /classify HTTP/1.1" 200 -
2025-07-09 06:43:59,358 - [learn.AI/classify] - DEBUG - Using 5 features to classify!
2025-07-09 06:43:59,358 - [server/classify] - DEBUG - classifed for raaise-18-06 0 ms
127.0.0.1 - - [09/Jul/2025 06:43:59] "POST /classify HTTP/1.1" 200 -
2025-07-09 06:43:59,401 - [learn.AI/classify] - DEBUG - Using 5 features to classify!
2025-07-09 06:43:59,401 - [server/classify] - DEBUG - classifed for raaise-18-06 0 ms
127.0.0.1 - - [09/Jul/2025 06:43:59] "POST /classify HTTP/1.1" 200 -
2025-07-09 06:43:59,516 - [learn.AI/classify] - DEBUG - Using 5 features to classify!
2025-07-09 06:43:59,516 - [server/classify] - DEBUG - classifed for raaise-18-06 0 ms
127.0.0.1 - - [09/Jul/2025 06:43:59] "POST /classify HTTP/1.1" 200 -
2025-07-09 06:43:59,636 - [learn.AI/classify] - DEBUG - Using 5 features to classify!
2025-07-09 06:43:59,705 - [server/classify] - DEBUG - classifed for raaise-18-06 -69 ms
127.0.0.1 - - [09/Jul/2025 06:43:59] "POST /classify HTTP/1.1" 200 -
2025-07-09 06:43:59,764 - [learn.AI/classify] - DEBUG - Using 5 features to classify!
2025-07-09 06:43:59,847 - [server/classify] - DEBUG - classifed for raaise-18-06 -83 ms
127.0.0.1 - - [09/Jul/2025 06:43:59] "POST /classify HTTP/1.1" 200 -
2025-07-09 06:43:59,891 - [learn.AI/classify] - DEBUG - Using 5 features to classify!
2025-07-09 06:43:59,891 - [server/classify] - DEBUG - classifed for raaise-18-06 0 ms
127.0.0.1 - - [09/Jul/2025 06:43:59] "POST /classify HTTP/1.1" 200 -
2025-07-09 06:43:59,892 - [learn.AI/classify] - DEBUG - Using 5 features to classify!
2025-07-09 06:43:59,892 - [server/classify] - DEBUG - classifed for raaise-18-06 0 ms
127.0.0.1 - - [09/Jul/2025 06:43:59] "POST /classify HTTP/1.1" 200 -
2025-07-09 06:43:59,893 - [learn.AI/classify] - DEBUG - Using 5 features to classify!
2025-07-09 06:43:59,958 - [server/classify] - DEBUG - classifed for raaise-18-06 -65 ms
127.0.0.1 - - [09/Jul/2025 06:43:59] "POST /classify HTTP/1.1" 200 -
2025-07-09 06:44:00,012 - [learn.AI/classify] - DEBUG - Using 5 features to classify!
2025-07-09 06:44:00,084 - [server/classify] - DEBUG - classifed for raaise-18-06 -71 ms
127.0.0.1 - - [09/Jul/2025 06:44:00] "POST /classify HTTP/1.1" 200 -
2025-07-09 06:44:00,158 - [learn.AI/classify] - DEBUG - Using 5 features to classify!
2025-07-09 06:44:00,158 - [server/classify] - DEBUG - classifed for raaise-18-06 0 ms
127.0.0.1 - - [09/Jul/2025 06:44:00] "POST /classify HTTP/1.1" 200 -
2025-07-09 06:44:00,531 - [learn.AI/classify] - DEBUG - Using 5 features to classify!
2025-07-09 06:44:00,532 - [learn.AI/classify] - DEBUG - Using 5 features to classify!
2025-07-09 06:44:00,542 - [learn.AI/classify] - DEBUG - Using 5 features to classify!
2025-07-09 06:44:00,587 - [server/classify] - DEBUG - classifed for raaise-18-06 -54 ms
127.0.0.1 - - [09/Jul/2025 06:44:00] "POST /classify HTTP/1.1" 200 -
2025-07-09 06:44:00,591 - [server/classify] - DEBUG - classifed for raaise-18-06 -59 ms
127.0.0.1 - - [09/Jul/2025 06:44:00] "POST /classify HTTP/1.1" 200 -
2025-07-09 06:44:00,614 - [server/classify] - DEBUG - classifed for raaise-18-06 -71 ms
127.0.0.1 - - [09/Jul/2025 06:44:00] "POST /classify HTTP/1.1" 200 -
2025-07-09 06:44:00,827 - [learn.AI/classify] - DEBUG - Using 5 features to classify!
2025-07-09 06:44:00,891 - [learn.AI/classify] - DEBUG - Using 5 features to classify!
2025-07-09 06:44:00,902 - [server/classify] - DEBUG - classifed for raaise-18-06 -75 ms
127.0.0.1 - - [09/Jul/2025 06:44:00] "POST /classify HTTP/1.1" 200 -
2025-07-09 06:44:00,967 - [server/classify] - DEBUG - classifed for raaise-18-06 -76 ms
127.0.0.1 - - [09/Jul/2025 06:44:00] "POST /classify HTTP/1.1" 200 -
2025-07-09 06:44:01,200 - [learn.AI/classify] - DEBUG - Using 5 features to classify!
2025-07-09 06:44:01,266 - [server/classify] - DEBUG - classifed for raaise-18-06 -66 ms
127.0.0.1 - - [09/Jul/2025 06:44:01] "POST /classify HTTP/1.1" 200 -
2025-07-09 06:44:01,363 - [learn.AI/classify] - DEBUG - Using 5 features to classify!
2025-07-09 06:44:01,439 - [learn.AI/classify] - DEBUG - Using 5 features to classify!
2025-07-09 06:44:01,439 - [server/classify] - DEBUG - classifed for raaise-18-06 0 ms
127.0.0.1 - - [09/Jul/2025 06:44:01] "POST /classify HTTP/1.1" 200 -
2025-07-09 06:44:01,448 - [server/classify] - DEBUG - classifed for raaise-18-06 -84 ms
127.0.0.1 - - [09/Jul/2025 06:44:01] "POST /classify HTTP/1.1" 200 -
2025-07-09 06:44:01,631 - [learn.AI/classify] - DEBUG - Using 5 features to classify!
2025-07-09 06:44:01,631 - [learn.AI/classify] - DEBUG - Using 5 features to classify!
2025-07-09 06:44:01,696 - [server/classify] - DEBUG - classifed for raaise-18-06 -65 ms
127.0.0.1 - - [09/Jul/2025 06:44:01] "POST /classify HTTP/1.1" 200 -
2025-07-09 06:44:01,709 - [server/classify] - DEBUG - classifed for raaise-18-06 -77 ms
127.0.0.1 - - [09/Jul/2025 06:44:01] "POST /classify HTTP/1.1" 200 -
2025-07-09 06:44:01,759 - [learn.AI/classify] - DEBUG - Using 5 features to classify!
2025-07-09 06:44:01,759 - [server/classify] - DEBUG - classifed for raaise-18-06 0 ms
127.0.0.1 - - [09/Jul/2025 06:44:01] "POST /classify HTTP/1.1" 200 -
2025-07-09 06:44:01,870 - [learn.AI/classify] - DEBUG - Using 5 features to classify!
2025-07-09 06:44:01,870 - [server/classify] - DEBUG - classifed for raaise-18-06 0 ms
127.0.0.1 - - [09/Jul/2025 06:44:01] "POST /classify HTTP/1.1" 200 -
2025-07-09 06:44:01,871 - [learn.AI/classify] - DEBUG - Using 5 features to classify!
2025-07-09 06:44:01,871 - [server/classify] - DEBUG - classifed for raaise-18-06 0 ms
127.0.0.1 - - [09/Jul/2025 06:44:01] "POST /classify HTTP/1.1" 200 -
2025-07-09 06:44:02,021 - [learn.AI/classify] - DEBUG - Using 5 features to classify!
2025-07-09 06:44:02,099 - [server/classify] - DEBUG - classifed for raaise-18-06 -77 ms
127.0.0.1 - - [09/Jul/2025 06:44:02] "POST /classify HTTP/1.1" 200 -
2025-07-09 06:44:02,266 - [learn.AI/classify] - DEBUG - Using 5 features to classify!
2025-07-09 06:44:02,267 - [learn.AI/classify] - DEBUG - Using 5 features to classify!
2025-07-09 06:44:02,267 - [server/classify] - DEBUG - classifed for raaise-18-06 0 ms
127.0.0.1 - - [09/Jul/2025 06:44:02] "POST /classify HTTP/1.1" 200 -
2025-07-09 06:44:02,340 - [server/classify] - DEBUG - classifed for raaise-18-06 -73 ms
127.0.0.1 - - [09/Jul/2025 06:44:02] "POST /classify HTTP/1.1" 200 -
2025-07-09 06:44:02,373 - [learn.AI/classify] - DEBUG - Using 5 features to classify!
2025-07-09 06:44:02,374 - [learn.AI/classify] - DEBUG - Using 5 features to classify!
2025-07-09 06:44:02,393 - [learn.AI/classify] - DEBUG - Using 5 features to classify!
2025-07-09 06:44:02,442 - [server/classify] - DEBUG - classifed for raaise-18-06 -69 ms
127.0.0.1 - - [09/Jul/2025 06:44:02] "POST /classify HTTP/1.1" 200 -
2025-07-09 06:44:02,450 - [server/classify] - DEBUG - classifed for raaise-18-06 -75 ms
127.0.0.1 - - [09/Jul/2025 06:44:02] "POST /classify HTTP/1.1" 200 -
2025-07-09 06:44:02,462 - [server/classify] - DEBUG - classifed for raaise-18-06 -69 ms
127.0.0.1 - - [09/Jul/2025 06:44:02] "POST /classify HTTP/1.1" 200 -
2025-07-09 06:44:02,688 - [learn.AI/classify] - DEBUG - Using 5 features to classify!
2025-07-09 06:44:02,763 - [server/classify] - DEBUG - classifed for raaise-18-06 -74 ms
127.0.0.1 - - [09/Jul/2025 06:44:02] "POST /classify HTTP/1.1" 200 -
2025-07-09 06:44:02,794 - [learn.AI/classify] - DEBUG - Using 5 features to classify!
2025-07-09 06:44:02,794 - [server/classify] - DEBUG - classifed for raaise-18-06 0 ms
127.0.0.1 - - [09/Jul/2025 06:44:02] "POST /classify HTTP/1.1" 200 -
2025-07-09 06:44:03,205 - [learn.AI/classify] - DEBUG - Using 5 features to classify!
2025-07-09 06:44:03,272 - [learn.AI/classify] - DEBUG - Using 5 features to classify!
2025-07-09 06:44:03,272 - [server/classify] - DEBUG - classifed for raaise-18-06 0 ms
127.0.0.1 - - [09/Jul/2025 06:44:03] "POST /classify HTTP/1.1" 200 -
2025-07-09 06:44:03,273 - [learn.AI/classify] - DEBUG - Using 5 features to classify!
2025-07-09 06:44:03,282 - [server/classify] - DEBUG - classifed for raaise-18-06 -77 ms
127.0.0.1 - - [09/Jul/2025 06:44:03] "POST /classify HTTP/1.1" 200 -
2025-07-09 06:44:03,337 - [server/classify] - DEBUG - classifed for raaise-18-06 -64 ms
127.0.0.1 - - [09/Jul/2025 06:44:03] "POST /classify HTTP/1.1" 200 -
2025-07-09 06:44:03,377 - [learn.AI/classify] - DEBUG - Using 5 features to classify!
2025-07-09 06:44:03,437 - [server/classify] - DEBUG - classifed for raaise-18-06 -60 ms
127.0.0.1 - - [09/Jul/2025 06:44:03] "POST /classify HTTP/1.1" 200 -
2025-07-09 06:44:03,746 - [learn.AI/classify] - DEBUG - Using 5 features to classify!
2025-07-09 06:44:03,747 - [learn.AI/classify] - DEBUG - Using 5 features to classify!
2025-07-09 06:44:03,747 - [server/classify] - DEBUG - classifed for raaise-18-06 0 ms
127.0.0.1 - - [09/Jul/2025 06:44:03] "POST /classify HTTP/1.1" 200 -
2025-07-09 06:44:03,806 - [learn.AI/classify] - DEBUG - Using 5 features to classify!
2025-07-09 06:44:03,806 - [server/classify] - DEBUG - classifed for raaise-18-06 0 ms
127.0.0.1 - - [09/Jul/2025 06:44:03] "POST /classify HTTP/1.1" 200 -
2025-07-09 06:44:03,807 - [learn.AI/classify] - DEBUG - Using 5 features to classify!
2025-07-09 06:44:03,810 - [server/classify] - DEBUG - classifed for raaise-18-06 -63 ms
127.0.0.1 - - [09/Jul/2025 06:44:03] "POST /classify HTTP/1.1" 200 -
2025-07-09 06:44:03,882 - [server/classify] - DEBUG - classifed for raaise-18-06 -75 ms
127.0.0.1 - - [09/Jul/2025 06:44:03] "POST /classify HTTP/1.1" 200 -
2025-07-09 06:44:04,028 - [learn.AI/classify] - DEBUG - Using 5 features to classify!
2025-07-09 06:44:04,028 - [server/classify] - DEBUG - classifed for raaise-18-06 0 ms
127.0.0.1 - - [09/Jul/2025 06:44:04] "POST /classify HTTP/1.1" 200 -
2025-07-09 06:44:04,029 - [learn.AI/classify] - DEBUG - Using 5 features to classify!
2025-07-09 06:44:04,102 - [server/classify] - DEBUG - classifed for raaise-18-06 -73 ms
127.0.0.1 - - [09/Jul/2025 06:44:04] "POST /classify HTTP/1.1" 200 -
2025-07-09 06:44:04,136 - [learn.AI/classify] - DEBUG - Using 5 features to classify!
2025-07-09 06:44:04,136 - [server/classify] - DEBUG - classifed for raaise-18-06 0 ms
127.0.0.1 - - [09/Jul/2025 06:44:04] "POST /classify HTTP/1.1" 200 -
2025-07-09 06:44:04,231 - [learn.AI/classify] - DEBUG - Using 5 features to classify!
2025-07-09 06:44:04,327 - [server/classify] - DEBUG - classifed for raaise-18-06 -95 ms
127.0.0.1 - - [09/Jul/2025 06:44:04] "POST /classify HTTP/1.1" 200 -
2025-07-09 06:44:04,454 - [learn.AI/classify] - DEBUG - Using 5 features to classify!
2025-07-09 06:44:04,454 - [server/classify] - DEBUG - classifed for raaise-18-06 0 ms
127.0.0.1 - - [09/Jul/2025 06:44:04] "POST /classify HTTP/1.1" 200 -
2025-07-09 06:44:04,475 - [learn.AI/classify] - DEBUG - Using 5 features to classify!
2025-07-09 06:44:04,560 - [learn.AI/classify] - DEBUG - Using 5 features to classify!
2025-07-09 06:44:04,568 - [server/classify] - DEBUG - classifed for raaise-18-06 -92 ms
127.0.0.1 - - [09/Jul/2025 06:44:04] "POST /classify HTTP/1.1" 200 -
2025-07-09 06:44:04,623 - [server/classify] - DEBUG - classifed for raaise-18-06 -62 ms
127.0.0.1 - - [09/Jul/2025 06:44:04] "POST /classify HTTP/1.1" 200 -
2025-07-09 06:44:04,893 - [learn.AI/classify] - DEBUG - Using 5 features to classify!
2025-07-09 06:44:04,893 - [server/classify] - DEBUG - classifed for raaise-18-06 0 ms
127.0.0.1 - - [09/Jul/2025 06:44:04] "POST /classify HTTP/1.1" 200 -
2025-07-09 06:44:05,000 - [learn.AI/classify] - DEBUG - Using 5 features to classify!
2025-07-09 06:44:05,064 - [server/classify] - DEBUG - classifed for raaise-18-06 -64 ms
127.0.0.1 - - [09/Jul/2025 06:44:05] "POST /classify HTTP/1.1" 200 -
2025-07-09 06:44:05,125 - [learn.AI/classify] - DEBUG - Using 5 features to classify!
2025-07-09 06:44:05,198 - [server/classify] - DEBUG - classifed for raaise-18-06 -73 ms
127.0.0.1 - - [09/Jul/2025 06:44:05] "POST /classify HTTP/1.1" 200 -
2025-07-09 06:44:05,257 - [learn.AI/classify] - DEBUG - Using 5 features to classify!
2025-07-09 06:44:05,258 - [learn.AI/classify] - DEBUG - Using 5 features to classify!
2025-07-09 06:44:05,321 - [server/classify] - DEBUG - classifed for raaise-18-06 -62 ms
127.0.0.1 - - [09/Jul/2025 06:44:05] "POST /classify HTTP/1.1" 200 -
2025-07-09 06:44:05,329 - [server/classify] - DEBUG - classifed for raaise-18-06 -72 ms
127.0.0.1 - - [09/Jul/2025 06:44:05] "POST /classify HTTP/1.1" 200 -
2025-07-09 06:44:05,333 - [learn.AI/classify] - DEBUG - Using 5 features to classify!
2025-07-09 06:44:05,374 - [learn.AI/classify] - DEBUG - Using 5 features to classify!
2025-07-09 06:44:05,407 - [server/classify] - DEBUG - classifed for raaise-18-06 -74 ms
127.0.0.1 - - [09/Jul/2025 06:44:05] "POST /classify HTTP/1.1" 200 -
2025-07-09 06:44:05,436 - [server/classify] - DEBUG - classifed for raaise-18-06 -61 ms
127.0.0.1 - - [09/Jul/2025 06:44:05] "POST /classify HTTP/1.1" 200 -
2025-07-09 06:44:05,473 - [learn.AI/classify] - DEBUG - Using 5 features to classify!
2025-07-09 06:44:05,473 - [server/classify] - DEBUG - classifed for raaise-18-06 0 ms
127.0.0.1 - - [09/Jul/2025 06:44:05] "POST /classify HTTP/1.1" 200 -
2025-07-09 06:44:05,539 - [learn.AI/classify] - DEBUG - Using 5 features to classify!
2025-07-09 06:44:05,539 - [server/classify] - DEBUG - classifed for raaise-18-06 0 ms
127.0.0.1 - - [09/Jul/2025 06:44:05] "POST /classify HTTP/1.1" 200 -
2025-07-09 06:44:05,731 - [learn.AI/classify] - DEBUG - Using 5 features to classify!
2025-07-09 06:44:05,731 - [server/classify] - DEBUG - classifed for raaise-18-06 0 ms
127.0.0.1 - - [09/Jul/2025 06:44:05] "POST /classify HTTP/1.1" 200 -
127.0.0.1 - - [09/Jul/2025 06:44:09] "POST /plot HTTP/1.1" 200 -
make: *** [production] Terminated
/usr/local/lib/python3.6/dist-packages/sklearn/ensemble/weight_boosting.py:29: DeprecationWarning: numpy.core.umath_tests is an internal NumPy module and should not be imported. It will be removed in a future NumPy release.
  from numpy.core.umath_tests import inner1d
 * Running on http://127.0.0.1:8002/ (Press CTRL+C to quit)
/usr/local/lib/python3.6/dist-packages/sklearn/ensemble/weight_boosting.py:29: DeprecationWarning: numpy.core.umath_tests is an internal NumPy module and should not be imported. It will be removed in a future NumPy release.
  from numpy.core.umath_tests import inner1d
 * Running on http://127.0.0.1:8002/ (Press CTRL+C to quit)
2025-07-16 03:23:00,338 - [server/learn] - DEBUG - /data/data
2025-07-16 03:23:00,340 - [learn.AI/learn] - DEBUG - Using 6 features for the AI: ['location', 'wifi-5e:62:8b:28:95:da', 'wifi-5e:62:8b:28:93:ae', 'wifi-5e:62:8b:28:97:ae', 'wifi-5e:62:8b:28:99:e2', 'wifi-5e:62:8b:28:98:fa']
2025-07-16 03:23:00,340 - [learn.AI/learn] - DEBUG - row 0: [0, -53.0, -45.0, -100.0, -100.0, -100.0]
2025-07-16 03:23:00,340 - [learn.AI/learn] - DEBUG - row 1: [0, -100.0, -100.0, -100.0, -100.0, -100.0]
2025-07-16 03:23:00,340 - [learn.AI/learn] - DEBUG - row 2: [0, -53.0, -33.0, -55.0, -100.0, -100.0]
2025-07-16 03:23:00,340 - [learn.AI/learn] - DEBUG - row 3: [0, -59.0, -52.0, -100.0, -68.0, -81.0]
2025-07-16 03:23:00,340 - [learn.AI/learn] - DEBUG - row 4: [0, -100.0, -61.0, -69.0, -100.0, -100.0]
2025-07-16 03:23:00,341 - [learn.AI/learn] - DEBUG - row 5: [0, -62.0, -100.0, -100.0, -100.0, -74.0]
2025-07-16 03:23:00,341 - [learn.AI/learn] - DEBUG - row 6: [0, -64.0, -53.0, -100.0, -100.0, -77.0]
2025-07-16 03:23:00,341 - [learn.AI/learn] - DEBUG - row 7: [0, -62.0, -63.0, -100.0, -100.0, -100.0]
2025-07-16 03:23:00,341 - [learn.AI/learn] - DEBUG - row 8: [0, -50.0, -42.0, -100.0, -100.0, -100.0]
2025-07-16 03:23:00,341 - [learn.AI/learn] - DEBUG - row 9: [0, -63.0, -64.0, -100.0, -66.0, -75.0]
2025-07-16 03:23:00,341 - [learn.AI/learn] - DEBUG - row 10: [0, -64.0, -60.0, -68.0, -100.0, -100.0]
2025-07-16 03:23:00,341 - [learn.AI/learn] - DEBUG - row 11: [0, -100.0, -100.0, -100.0, -100.0, -100.0]
2025-07-16 03:23:00,341 - [learn.AI/learn] - DEBUG - row 12: [0, -64.0, -61.0, -68.0, -100.0, -74.0]
2025-07-16 03:23:00,341 - [learn.AI/learn] - DEBUG - row 13: [0, -51.0, -33.0, -57.0, -100.0, -100.0]
2025-07-16 03:23:00,341 - [learn.AI/learn] - DEBUG - row 14: [0, -64.0, -64.0, -69.0, -66.0, -74.0]
2025-07-16 03:23:00,341 - [learn.AI/learn] - DEBUG - row 15: [0, -54.0, -53.0, -69.0, -70.0, -100.0]
2025-07-16 03:23:00,341 - [learn.AI/learn] - DEBUG - row 16: [0, -51.0, -33.0, -56.0, -100.0, -100.0]
2025-07-16 03:23:00,341 - [learn.AI/learn] - DEBUG - row 17: [0, -65.0, -63.0, -68.0, -100.0, -100.0]
2025-07-16 03:23:00,341 - [learn.AI/learn] - DEBUG - row 18: [0, -59.0, -61.0, -100.0, -100.0, -100.0]
2025-07-16 03:23:00,342 - [learn.AI/learn] - DEBUG - row 19: [0, -64.0, -63.0, -100.0, -100.0, -100.0]
2025-07-16 03:23:00,342 - [learn.AI/learn] - DEBUG - row 20: [0, -48.0, -51.0, -100.0, -100.0, -100.0]
2025-07-16 03:23:00,342 - [learn.AI/learn] - DEBUG - row 21: [0, -53.0, -33.0, -100.0, -100.0, -100.0]
2025-07-16 03:23:00,342 - [learn.AI/learn] - DEBUG - row 22: [0, -62.0, -60.0, -68.0, -100.0, -100.0]
2025-07-16 03:23:00,342 - [learn.AI/learn] - DEBUG - row 23: [0, -48.0, -43.0, -100.0, -72.0, -100.0]
2025-07-16 03:23:00,342 - [learn.AI/learn] - DEBUG - row 24: [0, -61.0, -59.0, -67.0, -100.0, -75.0]
2025-07-16 03:23:00,342 - [learn.AI/learn] - DEBUG - row 25: [0, -54.0, -33.0, -56.0, -100.0, -100.0]
2025-07-16 03:23:00,342 - [learn.AI/learn] - DEBUG - row 26: [0, -63.0, -64.0, -100.0, -64.0, -75.0]
2025-07-16 03:23:00,342 - [learn.AI/learn] - DEBUG - row 27: [0, -64.0, -53.0, -100.0, -100.0, -100.0]
2025-07-16 03:23:00,342 - [learn.AI/learn] - DEBUG - row 28: [0, -64.0, -63.0, -69.0, -100.0, -100.0]
2025-07-16 03:23:00,342 - [learn.AI/learn] - DEBUG - row 29: [0, -61.0, -59.0, -100.0, -74.0, -100.0]
2025-07-16 03:23:00,342 - [learn.AI/learn] - DEBUG - row 30: [0, -63.0, -61.0, -100.0, -66.0, -74.0]
2025-07-16 03:23:00,342 - [learn.AI/learn] - DEBUG - row 31: [0, -57.0, -58.0, -100.0, -100.0, -100.0]
2025-07-16 03:23:00,342 - [learn.AI/learn] - DEBUG - row 32: [0, -100.0, -67.0, -72.0, -38.0, -100.0]
2025-07-16 03:23:00,342 - [learn.AI/learn] - DEBUG - row 33: [0, -53.0, -57.0, -69.0, -100.0, -100.0]
2025-07-16 03:23:00,343 - [learn.AI/learn] - DEBUG - row 34: [0, -60.0, -100.0, -100.0, -100.0, -100.0]
2025-07-16 03:23:00,343 - [learn.AI/learn] - DEBUG - row 35: [0, -100.0, -61.0, -68.0, -68.0, -76.0]
2025-07-16 03:23:00,343 - [learn.AI/learn] - DEBUG - row 36: [0, -100.0, -60.0, -100.0, -100.0, -100.0]
2025-07-16 03:23:00,343 - [learn.AI/learn] - DEBUG - row 37: [0, -56.0, -55.0, -100.0, -68.0, -100.0]
2025-07-16 03:23:00,343 - [learn.AI/learn] - DEBUG - row 38: [0, -61.0, -55.0, -100.0, -67.0, -73.0]
2025-07-16 03:23:00,343 - [learn.AI/learn] - DEBUG - row 39: [0, -62.0, -52.0, -64.0, -100.0, -100.0]
2025-07-16 03:23:00,343 - [learn.AI/learn] - DEBUG - row 40: [0, -54.0, -33.0, -57.0, -100.0, -100.0]
2025-07-16 03:23:00,343 - [learn.AI/learn] - DEBUG - row 41: [0, -55.0, -54.0, -69.0, -100.0, -73.0]
2025-07-16 03:23:00,343 - [learn.AI/learn] - DEBUG - row 42: [0, -58.0, -58.0, -100.0, -69.0, -79.0]
2025-07-16 03:23:00,343 - [learn.AI/learn] - DEBUG - row 43: [0, -61.0, -60.0, -100.0, -67.0, -100.0]
2025-07-16 03:23:00,343 - [learn.AI/learn] - DEBUG - row 44: [0, -56.0, -52.0, -100.0, -100.0, -100.0]
2025-07-16 03:23:00,343 - [learn.AI/learn] - DEBUG - row 45: [0, -52.0, -42.0, -100.0, -100.0, -100.0]
2025-07-16 03:23:00,343 - [learn.AI/learn] - DEBUG - row 46: [0, -63.0, -63.0, -65.0, -100.0, -100.0]
2025-07-16 03:23:00,343 - [learn.AI/learn] - DEBUG - row 47: [0, -53.0, -100.0, -100.0, -100.0, -72.0]
2025-07-16 03:23:00,343 - [learn.AI/learn] - DEBUG - row 48: [0, -53.0, -33.0, -56.0, -100.0, -100.0]
2025-07-16 03:23:00,343 - [learn.AI/learn] - DEBUG - row 49: [0, -100.0, -54.0, -100.0, -100.0, -100.0]
2025-07-16 03:23:00,344 - [learn.AI/learn] - DEBUG - row 50: [1, -45.0, -36.0, -46.0, -100.0, -100.0]
2025-07-16 03:23:00,344 - [learn.AI/learn] - DEBUG - row 51: [1, -46.0, -36.0, -100.0, -100.0, -100.0]
2025-07-16 03:23:00,344 - [learn.AI/learn] - DEBUG - row 52: [1, -49.0, -39.0, -51.0, -61.0, -61.0]
2025-07-16 03:23:00,344 - [learn.AI/learn] - DEBUG - row 53: [1, -100.0, -40.0, -100.0, -100.0, -100.0]
2025-07-16 03:23:00,344 - [learn.AI/learn] - DEBUG - row 54: [1, -48.0, -46.0, -51.0, -60.0, -64.0]
2025-07-16 03:23:00,344 - [learn.AI/learn] - DEBUG - row 55: [1, -46.0, -36.0, -46.0, -100.0, -100.0]
2025-07-16 03:23:00,344 - [learn.AI/learn] - DEBUG - row 56: [1, -48.0, -40.0, -59.0, -100.0, -100.0]
2025-07-16 03:23:00,344 - [learn.AI/learn] - DEBUG - row 57: [1, -48.0, -42.0, -56.0, -100.0, -67.0]
2025-07-16 03:23:00,344 - [learn.AI/learn] - DEBUG - row 58: [1, -47.0, -47.0, -100.0, -100.0, -100.0]
2025-07-16 03:23:00,344 - [learn.AI/learn] - DEBUG - row 59: [1, -54.0, -41.0, -50.0, -100.0, -100.0]
2025-07-16 03:23:00,344 - [learn.AI/learn] - DEBUG - row 60: [1, -53.0, -46.0, -51.0, -100.0, -67.0]
2025-07-16 03:23:00,344 - [learn.AI/learn] - DEBUG - row 61: [1, -53.0, -41.0, -100.0, -100.0, -64.0]
2025-07-16 03:23:00,344 - [learn.AI/learn] - DEBUG - row 62: [1, -52.0, -43.0, -50.0, -100.0, -69.0]
2025-07-16 03:23:00,344 - [learn.AI/learn] - DEBUG - row 63: [1, -47.0, -40.0, -51.0, -100.0, -60.0]
2025-07-16 03:23:00,345 - [learn.AI/learn] - DEBUG - row 64: [1, -48.0, -42.0, -100.0, -63.0, -100.0]
2025-07-16 03:23:00,345 - [learn.AI/learn] - DEBUG - row 65: [1, -46.0, -36.0, -46.0, -69.0, -100.0]
2025-07-16 03:23:00,345 - [learn.AI/learn] - DEBUG - row 66: [1, -45.0, -36.0, -46.0, -100.0, -100.0]
2025-07-16 03:23:00,345 - [learn.AI/learn] - DEBUG - row 67: [1, -48.0, -41.0, -100.0, -100.0, -100.0]
2025-07-16 03:23:00,345 - [learn.AI/learn] - DEBUG - row 68: [1, -46.0, -49.0, -55.0, -100.0, -100.0]
2025-07-16 03:23:00,345 - [learn.AI/learn] - DEBUG - row 69: [1, -48.0, -47.0, -100.0, -100.0, -100.0]
2025-07-16 03:23:00,345 - [learn.AI/learn] - DEBUG - row 70: [1, -100.0, -46.0, -51.0, -100.0, -100.0]
2025-07-16 03:23:00,345 - [learn.AI/learn] - DEBUG - row 71: [1, -45.0, -36.0, -46.0, -100.0, -100.0]
2025-07-16 03:23:00,345 - [learn.AI/learn] - DEBUG - row 72: [1, -52.0, -38.0, -57.0, -100.0, -100.0]
2025-07-16 03:23:00,345 - [learn.AI/learn] - DEBUG - row 73: [1, -47.0, -36.0, -46.0, -100.0, -100.0]
2025-07-16 03:23:00,345 - [learn.AI/learn] - DEBUG - row 74: [1, -45.0, -36.0, -47.0, -100.0, -100.0]
2025-07-16 03:23:00,345 - [learn.AI/learn] - DEBUG - row 75: [1, -39.0, -39.0, -50.0, -59.0, -100.0]
2025-07-16 03:23:00,345 - [learn.AI/learn] - DEBUG - row 76: [1, -46.0, -34.0, -46.0, -100.0, -64.0]
2025-07-16 03:23:00,345 - [learn.AI/learn] - DEBUG - row 77: [1, -48.0, -36.0, -50.0, -100.0, -100.0]
2025-07-16 03:23:00,345 - [learn.AI/learn] - DEBUG - row 78: [1, -46.0, -36.0, -46.0, -100.0, -100.0]
2025-07-16 03:23:00,346 - [learn.AI/learn] - DEBUG - row 79: [1, -100.0, -100.0, -100.0, -62.0, -100.0]
2025-07-16 03:23:00,346 - [learn.AI/learn] - DEBUG - row 80: [1, -45.0, -36.0, -46.0, -100.0, -100.0]
2025-07-16 03:23:00,346 - [learn.AI/learn] - DEBUG - row 81: [1, -44.0, -36.0, -46.0, -100.0, -100.0]
2025-07-16 03:23:00,346 - [learn.AI/learn] - DEBUG - row 82: [1, -45.0, -45.0, -53.0, -100.0, -61.0]
2025-07-16 03:23:00,346 - [learn.AI/learn] - DEBUG - row 83: [1, -44.0, -45.0, -52.0, -100.0, -100.0]
2025-07-16 03:23:00,346 - [learn.AI/learn] - DEBUG - row 84: [1, -46.0, -35.0, -46.0, -68.0, -62.0]
2025-07-16 03:23:00,346 - [learn.AI/learn] - DEBUG - row 85: [1, -49.0, -42.0, -51.0, -100.0, -100.0]
2025-07-16 03:23:00,346 - [learn.AI/learn] - DEBUG - row 86: [1, -46.0, -36.0, -45.0, -100.0, -100.0]
2025-07-16 03:23:00,346 - [learn.AI/learn] - DEBUG - row 87: [1, -43.0, -45.0, -100.0, -100.0, -100.0]
2025-07-16 03:23:00,346 - [learn.AI/learn] - DEBUG - row 88: [1, -53.0, -41.0, -100.0, -100.0, -64.0]
2025-07-16 03:23:00,346 - [learn.AI/learn] - DEBUG - row 89: [1, -57.0, -44.0, -49.0, -100.0, -100.0]
2025-07-16 03:23:00,346 - [learn.AI/learn] - DEBUG - row 90: [1, -46.0, -49.0, -51.0, -100.0, -100.0]
2025-07-16 03:23:00,346 - [learn.AI/learn] - DEBUG - row 91: [1, -46.0, -41.0, -100.0, -100.0, -68.0]
2025-07-16 03:23:00,346 - [learn.AI/learn] - DEBUG - row 92: [1, -45.0, -36.0, -46.0, -100.0, -100.0]
2025-07-16 03:23:00,347 - [learn.AI/learn] - DEBUG - row 93: [1, -55.0, -41.0, -49.0, -100.0, -100.0]
2025-07-16 03:23:00,347 - [learn.AI/learn] - DEBUG - row 94: [1, -55.0, -38.0, -100.0, -100.0, -100.0]
2025-07-16 03:23:00,347 - [learn.AI/learn] - DEBUG - row 95: [1, -44.0, -36.0, -46.0, -70.0, -100.0]
2025-07-16 03:23:00,347 - [learn.AI/learn] - DEBUG - row 96: [1, -43.0, -43.0, -51.0, -100.0, -100.0]
2025-07-16 03:23:00,347 - [learn.AI/learn] - DEBUG - row 97: [1, -100.0, -44.0, -59.0, -100.0, -65.0]
2025-07-16 03:23:00,347 - [learn.AI/learn] - DEBUG - row 98: [1, -48.0, -40.0, -52.0, -100.0, -100.0]
2025-07-16 03:23:00,347 - [learn.AI/learn] - DEBUG - row 99: [1, -48.0, -49.0, -53.0, -100.0, -100.0]
2025-07-16 03:23:00,347 - [learn.AI/learn] - DEBUG - row 100: [1, -51.0, -37.0, -100.0, -100.0, -100.0]
2025-07-16 03:23:00,347 - [learn.AI/learn] - DEBUG - row 101: [1, -100.0, -100.0, -100.0, -100.0, -100.0]
2025-07-16 03:23:00,347 - [learn.AI/learn] - DEBUG - row 102: [1, -48.0, -45.0, -51.0, -100.0, -100.0]
2025-07-16 03:23:00,347 - [learn.AI/learn] - DEBUG - row 103: [2, -33.0, -49.0, -55.0, -100.0, -100.0]
2025-07-16 03:23:00,347 - [learn.AI/learn] - DEBUG - row 104: [2, -37.0, -63.0, -63.0, -100.0, -100.0]
2025-07-16 03:23:00,347 - [learn.AI/learn] - DEBUG - row 105: [2, -38.0, -100.0, -64.0, -100.0, -100.0]
2025-07-16 03:23:00,347 - [learn.AI/learn] - DEBUG - row 106: [2, -42.0, -58.0, -59.0, -100.0, -80.0]
2025-07-16 03:23:00,347 - [learn.AI/learn] - DEBUG - row 107: [2, -42.0, -58.0, -100.0, -79.0, -100.0]
2025-07-16 03:23:00,348 - [learn.AI/learn] - DEBUG - row 108: [2, -100.0, -100.0, -100.0, -100.0, -100.0]
2025-07-16 03:23:00,348 - [learn.AI/learn] - DEBUG - row 109: [2, -36.0, -60.0, -61.0, -75.0, -100.0]
2025-07-16 03:23:00,348 - [learn.AI/learn] - DEBUG - row 110: [2, -33.0, -57.0, -100.0, -100.0, -100.0]
2025-07-16 03:23:00,348 - [learn.AI/learn] - DEBUG - row 111: [2, -31.0, -59.0, -100.0, -100.0, -100.0]
2025-07-16 03:23:00,348 - [learn.AI/learn] - DEBUG - row 112: [2, -37.0, -64.0, -63.0, -76.0, -100.0]
2025-07-16 03:23:00,348 - [learn.AI/learn] - DEBUG - row 113: [2, -37.0, -59.0, -63.0, -100.0, -75.0]
2025-07-16 03:23:00,348 - [learn.AI/learn] - DEBUG - row 114: [2, -36.0, -100.0, -62.0, -100.0, -100.0]
2025-07-16 03:23:00,348 - [learn.AI/learn] - DEBUG - row 115: [2, -37.0, -62.0, -100.0, -77.0, -100.0]
2025-07-16 03:23:00,348 - [learn.AI/learn] - DEBUG - row 116: [2, -42.0, -53.0, -100.0, -79.0, -80.0]
2025-07-16 03:23:00,349 - [learn.AI/learn] - DEBUG - row 117: [2, -40.0, -56.0, -53.0, -100.0, -100.0]
2025-07-16 03:23:00,349 - [learn.AI/learn] - DEBUG - row 118: [2, -28.0, -55.0, -50.0, -68.0, -100.0]
2025-07-16 03:23:00,349 - [learn.AI/learn] - DEBUG - row 119: [2, -40.0, -100.0, -53.0, -100.0, -100.0]
2025-07-16 03:23:00,349 - [learn.AI/learn] - DEBUG - row 120: [2, -37.0, -62.0, -63.0, -100.0, -100.0]
2025-07-16 03:23:00,349 - [learn.AI/learn] - DEBUG - row 121: [2, -43.0, -58.0, -60.0, -79.0, -100.0]
2025-07-16 03:23:00,349 - [learn.AI/learn] - DEBUG - row 122: [2, -37.0, -100.0, -63.0, -100.0, -100.0]
2025-07-16 03:23:00,349 - [learn.AI/learn] - DEBUG - row 123: [2, -42.0, -58.0, -100.0, -100.0, -100.0]
2025-07-16 03:23:00,349 - [learn.AI/learn] - DEBUG - row 124: [2, -44.0, -100.0, -100.0, -100.0, -80.0]
2025-07-16 03:23:00,349 - [learn.AI/learn] - DEBUG - row 125: [2, -42.0, -100.0, -100.0, -100.0, -81.0]
2025-07-16 03:23:00,349 - [learn.AI/learn] - DEBUG - row 126: [2, -29.0, -56.0, -49.0, -100.0, -76.0]
2025-07-16 03:23:00,349 - [learn.AI/learn] - DEBUG - row 127: [2, -41.0, -65.0, -100.0, -100.0, -100.0]
2025-07-16 03:23:00,349 - [learn.AI/learn] - DEBUG - row 128: [2, -37.0, -63.0, -64.0, -76.0, -100.0]
2025-07-16 03:23:00,349 - [learn.AI/learn] - DEBUG - row 129: [2, -41.0, -58.0, -61.0, -78.0, -100.0]
2025-07-16 03:23:00,349 - [learn.AI/learn] - DEBUG - row 130: [2, -34.0, -49.0, -44.0, -100.0, -100.0]
2025-07-16 03:23:00,350 - [learn.AI/learn] - DEBUG - row 131: [2, -37.0, -61.0, -61.0, -100.0, -100.0]
2025-07-16 03:23:00,350 - [learn.AI/learn] - DEBUG - row 132: [2, -38.0, -64.0, -100.0, -77.0, -100.0]
2025-07-16 03:23:00,350 - [learn.AI/learn] - DEBUG - row 133: [2, -41.0, -58.0, -60.0, -100.0, -100.0]
2025-07-16 03:23:00,350 - [learn.AI/learn] - DEBUG - row 134: [2, -39.0, -100.0, -100.0, -75.0, -100.0]
2025-07-16 03:23:00,350 - [learn.AI/learn] - DEBUG - row 135: [2, -53.0, -48.0, -62.0, -100.0, -100.0]
2025-07-16 03:23:00,350 - [learn.AI/learn] - DEBUG - row 136: [2, -42.0, -58.0, -59.0, -100.0, -100.0]
2025-07-16 03:23:00,350 - [learn.AI/learn] - DEBUG - row 137: [2, -30.0, -57.0, -50.0, -69.0, -100.0]
2025-07-16 03:23:00,350 - [learn.AI/learn] - DEBUG - row 138: [2, -37.0, -100.0, -100.0, -76.0, -100.0]
2025-07-16 03:23:00,350 - [learn.AI/learn] - DEBUG - row 139: [2, -43.0, -54.0, -100.0, -74.0, -100.0]
2025-07-16 03:23:00,350 - [learn.AI/learn] - DEBUG - row 140: [2, -41.0, -58.0, -100.0, -100.0, -100.0]
2025-07-16 03:23:00,350 - [learn.AI/learn] - DEBUG - row 141: [2, -37.0, -63.0, -100.0, -100.0, -100.0]
2025-07-16 03:23:00,350 - [learn.AI/learn] - DEBUG - row 142: [2, -43.0, -58.0, -60.0, -100.0, -100.0]
2025-07-16 03:23:00,350 - [learn.AI/learn] - DEBUG - row 143: [2, -37.0, -64.0, -56.0, -76.0, -100.0]
2025-07-16 03:23:00,351 - [learn.AI/learn] - DEBUG - row 144: [2, -37.0, -100.0, -63.0, -100.0, -100.0]
2025-07-16 03:23:00,354 - [learn.AI/learn] - DEBUG - row 145: [2, -42.0, -54.0, -100.0, -73.0, -100.0]
2025-07-16 03:23:00,355 - [learn.AI/learn] - DEBUG - row 146: [2, -29.0, -100.0, -49.0, -100.0, -100.0]
2025-07-16 03:23:00,355 - [learn.AI/learn] - DEBUG - row 147: [2, -42.0, -58.0, -60.0, -78.0, -100.0]
2025-07-16 03:23:00,355 - [learn.AI/learn] - DEBUG - row 148: [2, -43.0, -55.0, -100.0, -100.0, -100.0]
2025-07-16 03:23:00,355 - [learn.AI/learn] - DEBUG - row 149: [2, -43.0, -100.0, -54.0, -100.0, -100.0]
2025-07-16 03:23:00,355 - [learn.AI/learn] - DEBUG - row 150: [2, -37.0, -55.0, -57.0, -75.0, -100.0]
2025-07-16 03:23:00,355 - [learn.AI/learn] - DEBUG - row 151: [2, -37.0, -63.0, -63.0, -76.0, -75.0]
2025-07-16 03:23:00,355 - [learn.AI/learn] - DEBUG - row 152: [2, -37.0, -63.0, -60.0, -100.0, -100.0]
2025-07-16 03:23:00,355 - [learn.AI/learn] - DEBUG - row 153: [2, -51.0, -48.0, -62.0, -100.0, -72.0]
2025-07-16 03:23:00,355 - [learn.AI/learn] - DEBUG - row 154: [2, -43.0, -54.0, -100.0, -74.0, -100.0]
2025-07-16 03:23:00,355 - [learn.AI/learn] - DEBUG - row 155: [2, -43.0, -58.0, -59.0, -100.0, -100.0]
2025-07-16 03:23:00,355 - [learn.AI/learn] - DEBUG - row 156: [3, -100.0, -38.0, -49.0, -100.0, -100.0]
2025-07-16 03:23:00,355 - [learn.AI/learn] - DEBUG - row 157: [3, -100.0, -44.0, -44.0, -54.0, -100.0]
2025-07-16 03:23:00,355 - [learn.AI/learn] - DEBUG - row 158: [3, -100.0, -45.0, -47.0, -100.0, -100.0]
2025-07-16 03:23:00,356 - [learn.AI/learn] - DEBUG - row 159: [3, -100.0, -39.0, -100.0, -60.0, -59.0]
2025-07-16 03:23:00,356 - [learn.AI/learn] - DEBUG - row 160: [3, -100.0, -100.0, -100.0, -100.0, -100.0]
2025-07-16 03:23:00,356 - [learn.AI/learn] - DEBUG - row 161: [3, -100.0, -39.0, -100.0, -60.0, -59.0]
2025-07-16 03:23:00,356 - [learn.AI/learn] - DEBUG - row 162: [3, -100.0, -44.0, -100.0, -54.0, -53.0]
2025-07-16 03:23:00,356 - [learn.AI/learn] - DEBUG - row 163: [3, -100.0, -44.0, -53.0, -57.0, -61.0]
2025-07-16 03:23:00,356 - [learn.AI/learn] - DEBUG - row 164: [3, -60.0, -46.0, -51.0, -52.0, -100.0]
2025-07-16 03:23:00,356 - [learn.AI/learn] - DEBUG - row 165: [3, -100.0, -45.0, -47.0, -52.0, -53.0]
2025-07-16 03:23:00,356 - [learn.AI/learn] - DEBUG - row 166: [3, -100.0, -100.0, -47.0, -48.0, -100.0]
2025-07-16 03:23:00,356 - [learn.AI/learn] - DEBUG - row 167: [3, -60.0, -42.0, -100.0, -50.0, -55.0]
2025-07-16 03:23:00,356 - [learn.AI/learn] - DEBUG - row 168: [3, -100.0, -45.0, -48.0, -55.0, -52.0]
2025-07-16 03:23:00,356 - [learn.AI/learn] - DEBUG - row 169: [3, -100.0, -45.0, -47.0, -100.0, -51.0]
2025-07-16 03:23:00,356 - [learn.AI/learn] - DEBUG - row 170: [3, -100.0, -40.0, -48.0, -100.0, -100.0]
2025-07-16 03:23:00,357 - [learn.AI/learn] - DEBUG - row 171: [3, -100.0, -40.0, -50.0, -54.0, -100.0]
2025-07-16 03:23:00,357 - [learn.AI/learn] - DEBUG - row 172: [3, -63.0, -40.0, -53.0, -51.0, -60.0]
2025-07-16 03:23:00,357 - [learn.AI/learn] - DEBUG - row 173: [3, -100.0, -46.0, -49.0, -54.0, -55.0]
2025-07-16 03:23:00,357 - [learn.AI/learn] - DEBUG - row 174: [3, -100.0, -39.0, -52.0, -100.0, -100.0]
2025-07-16 03:23:00,357 - [learn.AI/learn] - DEBUG - row 175: [3, -100.0, -44.0, -44.0, -54.0, -52.0]
2025-07-16 03:23:00,357 - [learn.AI/learn] - DEBUG - row 176: [3, -100.0, -38.0, -49.0, -61.0, -56.0]
2025-07-16 03:23:00,357 - [learn.AI/learn] - DEBUG - row 177: [3, -100.0, -47.0, -49.0, -51.0, -52.0]
2025-07-16 03:23:00,357 - [learn.AI/learn] - DEBUG - row 178: [3, -100.0, -45.0, -48.0, -53.0, -53.0]
2025-07-16 03:23:00,357 - [learn.AI/learn] - DEBUG - row 179: [3, -64.0, -44.0, -49.0, -100.0, -52.0]
2025-07-16 03:23:00,357 - [learn.AI/learn] - DEBUG - row 180: [3, -100.0, -100.0, -100.0, -100.0, -100.0]
2025-07-16 03:23:00,357 - [learn.AI/learn] - DEBUG - row 181: [3, -100.0, -40.0, -48.0, -100.0, -100.0]
2025-07-16 03:23:00,357 - [learn.AI/learn] - DEBUG - row 182: [3, -100.0, -40.0, -48.0, -100.0, -58.0]
2025-07-16 03:23:00,357 - [learn.AI/learn] - DEBUG - row 183: [3, -55.0, -39.0, -100.0, -58.0, -100.0]
2025-07-16 03:23:00,358 - [learn.AI/learn] - DEBUG - row 184: [3, -100.0, -46.0, -47.0, -52.0, -51.0]
2025-07-16 03:23:00,358 - [learn.AI/learn] - DEBUG - row 185: [3, -100.0, -47.0, -48.0, -100.0, -100.0]
2025-07-16 03:23:00,358 - [learn.AI/learn] - DEBUG - row 186: [3, -100.0, -100.0, -100.0, -100.0, -52.0]
2025-07-16 03:23:00,358 - [learn.AI/learn] - DEBUG - row 187: [3, -100.0, -100.0, -100.0, -100.0, -100.0]
2025-07-16 03:23:00,358 - [learn.AI/learn] - DEBUG - row 188: [3, -100.0, -47.0, -46.0, -100.0, -54.0]
2025-07-16 03:23:00,358 - [learn.AI/learn] - DEBUG - row 189: [3, -100.0, -46.0, -49.0, -52.0, -51.0]
2025-07-16 03:23:00,358 - [learn.AI/learn] - DEBUG - row 190: [3, -100.0, -45.0, -100.0, -100.0, -100.0]
2025-07-16 03:23:00,358 - [learn.AI/learn] - DEBUG - row 191: [3, -100.0, -45.0, -48.0, -100.0, -52.0]
2025-07-16 03:23:00,358 - [learn.AI/learn] - DEBUG - row 192: [3, -64.0, -46.0, -49.0, -100.0, -51.0]
2025-07-16 03:23:00,358 - [learn.AI/learn] - DEBUG - row 193: [3, -55.0, -49.0, -55.0, -100.0, -100.0]
2025-07-16 03:23:00,358 - [learn.AI/learn] - DEBUG - row 194: [3, -100.0, -44.0, -48.0, -100.0, -100.0]
2025-07-16 03:23:00,358 - [learn.AI/learn] - DEBUG - row 195: [3, -100.0, -37.0, -52.0, -59.0, -100.0]
2025-07-16 03:23:00,358 - [learn.AI/learn] - DEBUG - row 196: [3, -100.0, -40.0, -49.0, -100.0, -100.0]
2025-07-16 03:23:00,358 - [learn.AI/learn] - DEBUG - row 197: [3, -100.0, -100.0, -100.0, -63.0, -100.0]
2025-07-16 03:23:00,358 - [learn.AI/learn] - DEBUG - row 198: [3, -64.0, -44.0, -47.0, -100.0, -100.0]
2025-07-16 03:23:00,359 - [learn.AI/learn] - DEBUG - row 199: [3, -100.0, -40.0, -100.0, -49.0, -100.0]
2025-07-16 03:23:00,359 - [learn.AI/learn] - DEBUG - row 200: [3, -100.0, -44.0, -49.0, -100.0, -52.0]
2025-07-16 03:23:00,359 - [learn.AI/learn] - DEBUG - row 201: [3, -100.0, -45.0, -49.0, -48.0, -52.0]
2025-07-16 03:23:00,359 - [learn.AI/learn] - DEBUG - row 202: [3, -100.0, -45.0, -100.0, -53.0, -53.0]
2025-07-16 03:23:00,359 - [learn.AI/learn] - DEBUG - row 203: [3, -61.0, -46.0, -48.0, -100.0, -100.0]
2025-07-16 03:23:00,359 - [learn.AI/learn] - DEBUG - row 204: [3, -100.0, -42.0, -100.0, -56.0, -100.0]
2025-07-16 03:23:00,359 - [learn.AI/learn] - DEBUG - row 205: [3, -100.0, -44.0, -48.0, -100.0, -52.0]
2025-07-16 03:23:00,359 - [learn.AI/learn] - DEBUG - row 206: [3, -100.0, -45.0, -49.0, -100.0, -100.0]
2025-07-16 03:23:00,359 - [learn.AI/learn] - DEBUG - row 207: [3, -100.0, -43.0, -47.0, -100.0, -53.0]
2025-07-16 03:23:00,359 - [learn.AI/learn] - DEBUG - row 208: [3, -66.0, -41.0, -50.0, -100.0, -100.0]
2025-07-16 03:23:00,359 - [learn.AI/learn] - DEBUG - row 209: [3, -63.0, -47.0, -49.0, -49.0, -53.0]
2025-07-16 03:23:00,359 - [learn.AI/learn] - DEBUG - row 210: [4, -79.0, -100.0, -60.0, -58.0, -42.0]
2025-07-16 03:23:00,359 - [learn.AI/learn] - DEBUG - row 211: [4, -100.0, -100.0, -100.0, -40.0, -49.0]
2025-07-16 03:23:00,359 - [learn.AI/learn] - DEBUG - row 212: [4, -79.0, -100.0, -60.0, -58.0, -42.0]
2025-07-16 03:23:00,359 - [learn.AI/learn] - DEBUG - row 213: [4, -100.0, -100.0, -59.0, -100.0, -55.0]
2025-07-16 03:23:00,359 - [learn.AI/learn] - DEBUG - row 214: [4, -100.0, -68.0, -100.0, -39.0, -48.0]
2025-07-16 03:23:00,359 - [learn.AI/learn] - DEBUG - row 215: [4, -100.0, -63.0, -62.0, -50.0, -40.0]
2025-07-16 03:23:00,360 - [learn.AI/learn] - DEBUG - row 216: [4, -100.0, -68.0, -100.0, -45.0, -46.0]
2025-07-16 03:23:00,360 - [learn.AI/learn] - DEBUG - row 217: [4, -100.0, -61.0, -54.0, -39.0, -100.0]
2025-07-16 03:23:00,360 - [learn.AI/learn] - DEBUG - row 218: [4, -100.0, -100.0, -100.0, -33.0, -55.0]
2025-07-16 03:23:00,360 - [learn.AI/learn] - DEBUG - row 219: [4, -100.0, -100.0, -100.0, -44.0, -49.0]
2025-07-16 03:23:00,360 - [learn.AI/learn] - DEBUG - row 220: [4, -100.0, -100.0, -100.0, -36.0, -42.0]
2025-07-16 03:23:00,360 - [learn.AI/learn] - DEBUG - row 221: [4, -100.0, -100.0, -62.0, -33.0, -53.0]
2025-07-16 03:23:00,360 - [learn.AI/learn] - DEBUG - row 222: [4, -100.0, -100.0, -59.0, -42.0, -38.0]
2025-07-16 03:23:00,360 - [learn.AI/learn] - DEBUG - row 223: [4, -73.0, -68.0, -52.0, -40.0, -41.0]
2025-07-16 03:23:00,360 - [learn.AI/learn] - DEBUG - row 224: [4, -74.0, -100.0, -100.0, -42.0, -49.0]
2025-07-16 03:23:00,360 - [learn.AI/learn] - DEBUG - row 225: [4, -100.0, -100.0, -53.0, -38.0, -43.0]
2025-07-16 03:23:00,360 - [learn.AI/learn] - DEBUG - row 226: [4, -100.0, -64.0, -61.0, -33.0, -55.0]
2025-07-16 03:23:00,360 - [learn.AI/learn] - DEBUG - row 227: [4, -100.0, -100.0, -100.0, -33.0, -53.0]
2025-07-16 03:23:00,360 - [learn.AI/learn] - DEBUG - row 228: [4, -100.0, -64.0, -60.0, -33.0, -100.0]
2025-07-16 03:23:00,360 - [learn.AI/learn] - DEBUG - row 229: [4, -73.0, -100.0, -100.0, -38.0, -41.0]
2025-07-16 03:23:00,360 - [learn.AI/learn] - DEBUG - row 230: [4, -76.0, -66.0, -100.0, -46.0, -50.0]
2025-07-16 03:23:00,360 - [learn.AI/learn] - DEBUG - row 231: [4, -100.0, -100.0, -100.0, -41.0, -46.0]
2025-07-16 03:23:00,360 - [learn.AI/learn] - DEBUG - row 232: [4, -100.0, -66.0, -57.0, -33.0, -55.0]
2025-07-16 03:23:00,361 - [learn.AI/learn] - DEBUG - row 233: [4, -100.0, -57.0, -56.0, -38.0, -49.0]
2025-07-16 03:23:00,361 - [learn.AI/learn] - DEBUG - row 234: [4, -73.0, -100.0, -100.0, -40.0, -41.0]
2025-07-16 03:23:00,361 - [learn.AI/learn] - DEBUG - row 235: [4, -100.0, -100.0, -54.0, -40.0, -39.0]
2025-07-16 03:23:00,361 - [learn.AI/learn] - DEBUG - row 236: [4, -100.0, -58.0, -57.0, -36.0, -48.0]
2025-07-16 03:23:00,361 - [learn.AI/learn] - DEBUG - row 237: [4, -100.0, -100.0, -61.0, -33.0, -55.0]
2025-07-16 03:23:00,361 - [learn.AI/learn] - DEBUG - row 238: [4, -100.0, -100.0, -54.0, -38.0, -42.0]
2025-07-16 03:23:00,361 - [learn.AI/learn] - DEBUG - row 239: [4, -100.0, -67.0, -53.0, -41.0, -42.0]
2025-07-16 03:23:00,361 - [learn.AI/learn] - DEBUG - row 240: [4, -100.0, -100.0, -60.0, -33.0, -55.0]
2025-07-16 03:23:00,361 - [learn.AI/learn] - DEBUG - row 241: [4, -100.0, -66.0, -53.0, -40.0, -42.0]
2025-07-16 03:23:00,361 - [learn.AI/learn] - DEBUG - row 242: [4, -100.0, -66.0, -50.0, -39.0, -53.0]
2025-07-16 03:23:00,361 - [learn.AI/learn] - DEBUG - row 243: [4, -100.0, -68.0, -100.0, -41.0, -42.0]
2025-07-16 03:23:00,361 - [learn.AI/learn] - DEBUG - row 244: [4, -100.0, -65.0, -100.0, -33.0, -55.0]
2025-07-16 03:23:00,361 - [learn.AI/learn] - DEBUG - row 245: [4, -100.0, -63.0, -100.0, -33.0, -52.0]
2025-07-16 03:23:00,361 - [learn.AI/learn] - DEBUG - row 246: [4, -100.0, -69.0, -100.0, -42.0, -53.0]
2025-07-16 03:23:00,361 - [learn.AI/learn] - DEBUG - row 247: [4, -74.0, -100.0, -59.0, -47.0, -49.0]
2025-07-16 03:23:00,361 - [learn.AI/learn] - DEBUG - row 248: [4, -100.0, -65.0, -61.0, -34.0, -56.0]
2025-07-16 03:23:00,362 - [learn.AI/learn] - DEBUG - row 249: [4, -100.0, -100.0, -60.0, -33.0, -57.0]
2025-07-16 03:23:00,362 - [learn.AI/learn] - DEBUG - row 250: [4, -100.0, -100.0, -100.0, -41.0, -42.0]
2025-07-16 03:23:00,362 - [learn.AI/learn] - DEBUG - row 251: [4, -78.0, -100.0, -100.0, -34.0, -55.0]
2025-07-16 03:23:00,362 - [learn.AI/learn] - DEBUG - row 252: [4, -100.0, -100.0, -59.0, -40.0, -47.0]
2025-07-16 03:23:00,362 - [learn.AI/learn] - DEBUG - row 253: [4, -100.0, -100.0, -56.0, -39.0, -49.0]
2025-07-16 03:23:00,362 - [learn.AI/learn] - DEBUG - row 254: [4, -100.0, -100.0, -100.0, -40.0, -40.0]
2025-07-16 03:23:00,362 - [learn.AI/learn] - DEBUG - row 255: [5, -53.0, -100.0, -39.0, -62.0, -59.0]
2025-07-16 03:23:00,362 - [learn.AI/learn] - DEBUG - row 256: [5, -100.0, -100.0, -100.0, -100.0, -100.0]
2025-07-16 03:23:00,362 - [learn.AI/learn] - DEBUG - row 257: [5, -60.0, -100.0, -44.0, -59.0, -55.0]
2025-07-16 03:23:00,362 - [learn.AI/learn] - DEBUG - row 258: [5, -100.0, -68.0, -36.0, -51.0, -100.0]
2025-07-16 03:23:00,362 - [learn.AI/learn] - DEBUG - row 259: [5, -100.0, -100.0, -37.0, -57.0, -100.0]
2025-07-16 03:23:00,362 - [learn.AI/learn] - DEBUG - row 260: [5, -54.0, -100.0, -38.0, -100.0, -100.0]
2025-07-16 03:23:00,362 - [learn.AI/learn] - DEBUG - row 261: [5, -100.0, -68.0, -38.0, -100.0, -100.0]
2025-07-16 03:23:00,362 - [learn.AI/learn] - DEBUG - row 262: [5, -100.0, -64.0, -37.0, -100.0, -62.0]
2025-07-16 03:23:00,362 - [learn.AI/learn] - DEBUG - row 263: [5, -100.0, -100.0, -37.0, -100.0, -56.0]
2025-07-16 03:23:00,362 - [learn.AI/learn] - DEBUG - row 264: [5, -58.0, -100.0, -45.0, -100.0, -100.0]
2025-07-16 03:23:00,362 - [learn.AI/learn] - DEBUG - row 265: [5, -57.0, -100.0, -37.0, -62.0, -100.0]
2025-07-16 03:23:00,362 - [learn.AI/learn] - DEBUG - row 266: [5, -100.0, -100.0, -44.0, -100.0, -100.0]
2025-07-16 03:23:00,363 - [learn.AI/learn] - DEBUG - row 267: [5, -51.0, -100.0, -37.0, -100.0, -100.0]
2025-07-16 03:23:00,363 - [learn.AI/learn] - DEBUG - row 268: [5, -50.0, -66.0, -37.0, -66.0, -58.0]
2025-07-16 03:23:00,363 - [learn.AI/learn] - DEBUG - row 269: [5, -59.0, -69.0, -45.0, -59.0, -55.0]
2025-07-16 03:23:00,363 - [learn.AI/learn] - DEBUG - row 270: [5, -56.0, -62.0, -39.0, -100.0, -100.0]
2025-07-16 03:23:00,363 - [learn.AI/learn] - DEBUG - row 271: [5, -55.0, -100.0, -41.0, -100.0, -100.0]
2025-07-16 03:23:00,363 - [learn.AI/learn] - DEBUG - row 272: [5, -51.0, -100.0, -36.0, -100.0, -100.0]
2025-07-16 03:23:00,363 - [learn.AI/learn] - DEBUG - row 273: [5, -53.0, -73.0, -45.0, -100.0, -56.0]
2025-07-16 03:23:00,363 - [learn.AI/learn] - DEBUG - row 274: [5, -52.0, -100.0, -32.0, -51.0, -100.0]
2025-07-16 03:23:00,363 - [learn.AI/learn] - DEBUG - row 275: [5, -100.0, -100.0, -33.0, -54.0, -65.0]
2025-07-16 03:23:00,363 - [learn.AI/learn] - DEBUG - row 276: [5, -52.0, -100.0, -35.0, -48.0, -100.0]
2025-07-16 03:23:00,363 - [learn.AI/learn] - DEBUG - row 277: [5, -51.0, -100.0, -38.0, -61.0, -100.0]
2025-07-16 03:23:00,363 - [learn.AI/learn] - DEBUG - row 278: [5, -59.0, -100.0, -46.0, -100.0, -100.0]
2025-07-16 03:23:00,363 - [learn.AI/learn] - DEBUG - row 279: [5, -100.0, -72.0, -43.0, -100.0, -100.0]
2025-07-16 03:23:00,363 - [learn.AI/learn] - DEBUG - row 280: [5, -56.0, -69.0, -31.0, -55.0, -59.0]
2025-07-16 03:23:00,363 - [learn.AI/learn] - DEBUG - row 281: [5, -57.0, -62.0, -31.0, -63.0, -67.0]
2025-07-16 03:23:00,363 - [learn.AI/learn] - DEBUG - row 282: [5, -52.0, -100.0, -36.0, -100.0, -100.0]
2025-07-16 03:23:00,363 - [learn.AI/learn] - DEBUG - row 283: [5, -51.0, -100.0, -37.0, -60.0, -59.0]
2025-07-16 03:23:00,364 - [learn.AI/learn] - DEBUG - row 284: [5, -51.0, -100.0, -37.0, -100.0, -60.0]
2025-07-16 03:23:00,364 - [learn.AI/learn] - DEBUG - row 285: [5, -55.0, -100.0, -42.0, -57.0, -100.0]
2025-07-16 03:23:00,364 - [learn.AI/learn] - DEBUG - row 286: [5, -100.0, -100.0, -46.0, -100.0, -100.0]
2025-07-16 03:23:00,364 - [learn.AI/learn] - DEBUG - row 287: [5, -52.0, -100.0, -37.0, -62.0, -100.0]
2025-07-16 03:23:00,364 - [learn.AI/learn] - DEBUG - row 288: [5, -59.0, -68.0, -45.0, -59.0, -57.0]
2025-07-16 03:23:00,364 - [learn.AI/learn] - DEBUG - row 289: [5, -55.0, -100.0, -38.0, -55.0, -100.0]
2025-07-16 03:23:00,364 - [learn.AI/learn] - DEBUG - row 290: [5, -52.0, -60.0, -39.0, -51.0, -56.0]
2025-07-16 03:23:00,364 - [learn.AI/learn] - DEBUG - row 291: [5, -52.0, -100.0, -42.0, -100.0, -62.0]
2025-07-16 03:23:00,364 - [learn.AI/learn] - DEBUG - row 292: [5, -51.0, -100.0, -38.0, -60.0, -100.0]
2025-07-16 03:23:00,364 - [learn.AI/learn] - DEBUG - row 293: [5, -52.0, -68.0, -38.0, -59.0, -60.0]
2025-07-16 03:23:00,364 - [learn.AI/learn] - DEBUG - row 294: [5, -100.0, -100.0, -100.0, -100.0, -100.0]
2025-07-16 03:23:00,364 - [learn.AI/learn] - DEBUG - row 295: [5, -56.0, -100.0, -46.0, -100.0, -54.0]
2025-07-16 03:23:00,364 - [learn.AI/learn] - DEBUG - row 296: [5, -52.0, -100.0, -41.0, -51.0, -100.0]
2025-07-16 03:23:00,364 - [learn.AI/learn] - DEBUG - row 297: [5, -100.0, -100.0, -38.0, -100.0, -61.0]
2025-07-16 03:23:00,364 - [learn.AI/learn] - DEBUG - row 298: [5, -54.0, -62.0, -39.0, -100.0, -62.0]
2025-07-16 03:23:00,365 - [learn.AI/learn] - DEBUG - row 299: [5, -58.0, -67.0, -46.0, -58.0, -55.0]
2025-07-16 03:23:00,365 - [learn.AI/learn] - DEBUG - row 300: [5, -58.0, -67.0, -46.0, -58.0, -55.0]
2025-07-16 03:23:00,365 - [learn.AI/learn] - DEBUG - row 301: [5, -53.0, -100.0, -37.0, -60.0, -65.0]
2025-07-16 03:23:00,365 - [learn.AI/learn] - DEBUG - row 302: [5, -54.0, -100.0, -38.0, -55.0, -100.0]
2025-07-16 03:23:00,365 - [learn.AI/learn] - DEBUG - row 303: [5, -53.0, -100.0, -41.0, -52.0, -100.0]
2025-07-16 03:23:00,365 - [learn.AI/learn] - DEBUG - row 304: [5, -100.0, -100.0, -45.0, -100.0, -54.0]
2025-07-16 03:23:00,365 - [learn.AI/learn] - DEBUG - row 305: [5, -100.0, -70.0, -43.0, -100.0, -100.0]
2025-07-16 03:23:00,365 - [learn.AI/learn] - DEBUG - row 306: [5, -58.0, -100.0, -38.0, -57.0, -54.0]
2025-07-16 03:23:00,366 - [learn.AI/learn] - DEBUG - row 307: [5, -57.0, -100.0, -40.0, -58.0, -100.0]
2025-07-16 03:23:00,366 - [learn.AI/learn] - DEBUG - row 308: [5, -57.0, -70.0, -46.0, -100.0, -58.0]
2025-07-16 03:23:00,366 - [learn.AI/learn] - DEBUG - row 309: [5, -100.0, -100.0, -100.0, -65.0, -100.0]
2025-07-16 03:23:00,366 - [learn.AI/learn] - DEBUG - row 310: [5, -57.0, -65.0, -38.0, -61.0, -61.0]
2025-07-16 03:23:00,366 - [learn.AI/learn] - DEBUG - row 311: [6, -42.0, -100.0, -47.0, -100.0, -100.0]
2025-07-16 03:23:00,367 - [learn.AI/learn] - DEBUG - row 312: [6, -46.0, -100.0, -41.0, -100.0, -67.0]
2025-07-16 03:23:00,367 - [learn.AI/learn] - DEBUG - row 313: [6, -44.0, -100.0, -43.0, -100.0, -100.0]
2025-07-16 03:23:00,367 - [learn.AI/learn] - DEBUG - row 314: [6, -49.0, -62.0, -39.0, -100.0, -100.0]
2025-07-16 03:23:00,367 - [learn.AI/learn] - DEBUG - row 315: [6, -41.0, -100.0, -43.0, -100.0, -100.0]
2025-07-16 03:23:00,367 - [learn.AI/learn] - DEBUG - row 316: [6, -46.0, -56.0, -41.0, -100.0, -100.0]
2025-07-16 03:23:00,367 - [learn.AI/learn] - DEBUG - row 317: [6, -49.0, -100.0, -43.0, -100.0, -64.0]
2025-07-16 03:23:00,367 - [learn.AI/learn] - DEBUG - row 318: [6, -38.0, -53.0, -47.0, -100.0, -67.0]
2025-07-16 03:23:00,367 - [learn.AI/learn] - DEBUG - row 319: [6, -44.0, -57.0, -41.0, -69.0, -100.0]
2025-07-16 03:23:00,367 - [learn.AI/learn] - DEBUG - row 320: [6, -42.0, -55.0, -100.0, -100.0, -100.0]
2025-07-16 03:23:00,367 - [learn.AI/learn] - DEBUG - row 321: [6, -49.0, -100.0, -57.0, -100.0, -100.0]
2025-07-16 03:23:00,367 - [learn.AI/learn] - DEBUG - row 322: [6, -42.0, -100.0, -44.0, -62.0, -100.0]
2025-07-16 03:23:00,367 - [learn.AI/learn] - DEBUG - row 323: [6, -44.0, -100.0, -44.0, -100.0, -100.0]
2025-07-16 03:23:00,367 - [learn.AI/learn] - DEBUG - row 324: [6, -43.0, -100.0, -42.0, -62.0, -69.0]
2025-07-16 03:23:00,367 - [learn.AI/learn] - DEBUG - row 325: [6, -42.0, -100.0, -43.0, -100.0, -100.0]
2025-07-16 03:23:00,367 - [learn.AI/learn] - DEBUG - row 326: [6, -44.0, -57.0, -43.0, -68.0, -66.0]
2025-07-16 03:23:00,367 - [learn.AI/learn] - DEBUG - row 327: [6, -43.0, -56.0, -43.0, -100.0, -69.0]
2025-07-16 03:23:00,367 - [learn.AI/learn] - DEBUG - row 328: [6, -38.0, -100.0, -47.0, -100.0, -67.0]
2025-07-16 03:23:00,367 - [learn.AI/learn] - DEBUG - row 329: [6, -40.0, -55.0, -45.0, -100.0, -100.0]
2025-07-16 03:23:00,368 - [learn.AI/learn] - DEBUG - row 330: [6, -39.0, -57.0, -43.0, -100.0, -64.0]
2025-07-16 03:23:00,368 - [learn.AI/learn] - DEBUG - row 331: [6, -47.0, -100.0, -44.0, -100.0, -100.0]
2025-07-16 03:23:00,368 - [learn.AI/learn] - DEBUG - row 332: [6, -100.0, -100.0, -100.0, -100.0, -100.0]
2025-07-16 03:23:00,368 - [learn.AI/learn] - DEBUG - row 333: [6, -45.0, -100.0, -43.0, -69.0, -67.0]
2025-07-16 03:23:00,368 - [learn.AI/learn] - DEBUG - row 334: [6, -44.0, -57.0, -42.0, -100.0, -100.0]
2025-07-16 03:23:00,368 - [learn.AI/learn] - DEBUG - row 335: [6, -48.0, -52.0, -39.0, -100.0, -100.0]
2025-07-16 03:23:00,368 - [learn.AI/learn] - DEBUG - row 336: [6, -40.0, -100.0, -39.0, -61.0, -100.0]
2025-07-16 03:23:00,368 - [learn.AI/learn] - DEBUG - row 337: [6, -40.0, -54.0, -44.0, -65.0, -69.0]
2025-07-16 03:23:00,368 - [learn.AI/learn] - DEBUG - row 338: [6, -43.0, -57.0, -48.0, -100.0, -100.0]
2025-07-16 03:23:00,368 - [learn.AI/learn] - DEBUG - row 339: [6, -47.0, -100.0, -41.0, -100.0, -100.0]
2025-07-16 03:23:00,368 - [learn.AI/learn] - DEBUG - row 340: [6, -44.0, -56.0, -43.0, -100.0, -100.0]
2025-07-16 03:23:00,368 - [learn.AI/learn] - DEBUG - row 341: [6, -47.0, -56.0, -42.0, -100.0, -100.0]
2025-07-16 03:23:00,368 - [learn.AI/learn] - DEBUG - row 342: [6, -42.0, -100.0, -45.0, -70.0, -66.0]
2025-07-16 03:23:00,368 - [learn.AI/learn] - DEBUG - row 343: [6, -42.0, -100.0, -48.0, -60.0, -66.0]
2025-07-16 03:23:00,368 - [learn.AI/learn] - DEBUG - row 344: [6, -42.0, -60.0, -42.0, -100.0, -100.0]
2025-07-16 03:23:00,368 - [learn.AI/learn] - DEBUG - row 345: [6, -45.0, -100.0, -41.0, -100.0, -100.0]
2025-07-16 03:23:00,368 - [learn.AI/learn] - DEBUG - row 346: [6, -39.0, -100.0, -43.0, -100.0, -100.0]
2025-07-16 03:23:00,369 - [learn.AI/learn] - DEBUG - row 347: [6, -38.0, -57.0, -42.0, -58.0, -100.0]
2025-07-16 03:23:00,369 - [learn.AI/learn] - DEBUG - row 348: [6, -43.0, -100.0, -45.0, -100.0, -71.0]
2025-07-16 03:23:00,369 - [learn.AI/learn] - DEBUG - row 349: [6, -44.0, -57.0, -43.0, -100.0, -100.0]
2025-07-16 03:23:00,369 - [learn.AI/learn] - DEBUG - row 350: [6, -42.0, -100.0, -43.0, -100.0, -100.0]
2025-07-16 03:23:00,369 - [learn.AI/learn] - DEBUG - row 351: [6, -47.0, -100.0, -41.0, -100.0, -100.0]
2025-07-16 03:23:00,369 - [learn.AI/learn] - DEBUG - row 352: [6, -45.0, -100.0, -43.0, -69.0, -100.0]
2025-07-16 03:23:00,369 - [learn.AI/learn] - DEBUG - row 353: [6, -38.0, -57.0, -42.0, -59.0, -100.0]
2025-07-16 03:23:00,369 - [learn.AI/learn] - DEBUG - row 354: [6, -51.0, -100.0, -41.0, -63.0, -100.0]
2025-07-16 03:23:00,369 - [learn.AI/learn] - DEBUG - row 355: [6, -100.0, -100.0, -100.0, -100.0, -100.0]
2025-07-16 03:23:00,369 - [learn.AI/learn] - DEBUG - row 356: [6, -45.0, -100.0, -43.0, -100.0, -100.0]
2025-07-16 03:23:00,369 - [learn.AI/learn] - DEBUG - row 357: [6, -41.0, -57.0, -48.0, -100.0, -100.0]
2025-07-16 03:23:00,369 - [learn.AI/learn] - DEBUG - row 358: [6, -43.0, -63.0, -41.0, -100.0, -100.0]
2025-07-16 03:23:00,369 - [learn.AI/learn] - DEBUG - row 359: [6, -43.0, -57.0, -43.0, -100.0, -100.0]
2025-07-16 03:23:00,369 - [learn.AI/learn] - DEBUG - row 360: [6, -38.0, -100.0, -42.0, -67.0, -100.0]
2025-07-16 03:23:00,369 - [learn.AI/learn] - DEBUG - row 361: [6, -42.0, -55.0, -46.0, -63.0, -100.0]
2025-07-16 03:23:00,369 - [learn.AI/learn] - DEBUG - row 362: [6, -42.0, -54.0, -41.0, -100.0, -100.0]
2025-07-16 03:23:00,369 - [learn.AI/learn] - DEBUG - row 363: [6, -44.0, -52.0, -45.0, -100.0, -100.0]
2025-07-16 03:23:00,370 - [learn.AI/learn] - DEBUG - row 364: [6, -42.0, -54.0, -46.0, -100.0, -100.0]
2025-07-16 03:23:00,370 - [learn.AI/learn] - DEBUG - row 365: [6, -100.0, -54.0, -100.0, -100.0, -100.0]
2025-07-16 03:23:00,370 - [learn.AI/learn] - DEBUG - row 366: [6, -42.0, -49.0, -45.0, -100.0, -63.0]
2025-07-16 03:23:00,370 - [learn.AI/learn] - DEBUG - row 367: [6, -44.0, -100.0, -41.0, -100.0, -100.0]
2025-07-16 03:23:00,370 - [learn.AI/learn] - DEBUG - row 368: [6, -45.0, -100.0, -48.0, -100.0, -100.0]
2025-07-16 03:23:00,370 - [learn.AI/learn] - DEBUG - row 369: [6, -43.0, -57.0, -47.0, -100.0, -100.0]
2025-07-16 03:23:00,370 - [learn.AI/learn] - DEBUG - row 370: [6, -44.0, -100.0, -44.0, -100.0, -100.0]
2025-07-16 03:23:00,370 - [learn.AI/learn] - DEBUG - row 371: [6, -43.0, -57.0, -48.0, -100.0, -100.0]
2025-07-16 03:23:00,370 - [learn.AI/learn] - DEBUG - row 372: [6, -45.0, -55.0, -100.0, -100.0, -67.0]
2025-07-16 03:23:00,370 - [learn.AI/learn] - DEBUG - row 373: [6, -43.0, -56.0, -41.0, -100.0, -69.0]
2025-07-16 03:23:00,370 - [learn.AI/learn] - DEBUG - row 374: [6, -42.0, -56.0, -43.0, -64.0, -100.0]
2025-07-16 03:23:00,370 - [learn.AI/learn] - DEBUG - row 375: [6, -50.0, -56.0, -41.0, -100.0, -63.0]
2025-07-16 03:23:00,370 - [learn.AI/learn] - DEBUG - row 376: [6, -42.0, -100.0, -42.0, -100.0, -100.0]
2025-07-16 03:23:00,370 - [learn.AI/learn] - DEBUG - row 377: [6, -45.0, -56.0, -42.0, -100.0, -68.0]
2025-07-16 03:23:00,370 - [learn.AI/learn] - DEBUG - row 378: [6, -42.0, -56.0, -43.0, -100.0, -100.0]
2025-07-16 03:23:00,370 - [learn.AI/learn] - DEBUG - row 379: [6, -42.0, -52.0, -41.0, -100.0, -59.0]
2025-07-16 03:23:00,370 - [learn.AI/learn] - DEBUG - row 380: [6, -46.0, -100.0, -45.0, -100.0, -100.0]
2025-07-16 03:23:00,370 - [learn.AI/learn] - DEBUG - row 381: [6, -45.0, -100.0, -41.0, -100.0, -100.0]
2025-07-16 03:23:00,371 - [learn.AI/learn] - DEBUG - row 382: [6, -43.0, -100.0, -47.0, -100.0, -100.0]
2025-07-16 03:23:00,371 - [learn.AI/learn] - DEBUG - row 383: [6, -41.0, -55.0, -37.0, -100.0, -100.0]
2025-07-16 03:23:00,371 - [learn.AI/learn] - DEBUG - row 384: [6, -41.0, -55.0, -44.0, -61.0, -100.0]
2025-07-16 03:23:00,371 - [learn.AI/learn] - DEBUG - row 385: [7, -100.0, -100.0, -100.0, -100.0, -100.0]
2025-07-16 03:23:00,371 - [learn.AI/learn] - DEBUG - row 386: [7, -40.0, -49.0, -100.0, -100.0, -100.0]
2025-07-16 03:23:00,371 - [learn.AI/learn] - DEBUG - row 387: [7, -39.0, -100.0, -48.0, -67.0, -100.0]
2025-07-16 03:23:00,371 - [learn.AI/learn] - DEBUG - row 388: [7, -38.0, -49.0, -48.0, -100.0, -74.0]
2025-07-16 03:23:00,371 - [learn.AI/learn] - DEBUG - row 389: [7, -42.0, -51.0, -40.0, -68.0, -100.0]
2025-07-16 03:23:00,371 - [learn.AI/learn] - DEBUG - row 390: [7, -34.0, -49.0, -44.0, -100.0, -100.0]
2025-07-16 03:23:00,371 - [learn.AI/learn] - DEBUG - row 391: [7, -28.0, -52.0, -48.0, -73.0, -100.0]
2025-07-16 03:23:00,371 - [learn.AI/learn] - DEBUG - row 392: [7, -39.0, -53.0, -39.0, -62.0, -100.0]
2025-07-16 03:23:00,371 - [learn.AI/learn] - DEBUG - row 393: [7, -28.0, -53.0, -100.0, -100.0, -100.0]
2025-07-16 03:23:00,371 - [learn.AI/learn] - DEBUG - row 394: [7, -37.0, -100.0, -100.0, -100.0, -72.0]
2025-07-16 03:23:00,371 - [learn.AI/learn] - DEBUG - row 395: [7, -42.0, -100.0, -45.0, -100.0, -100.0]
2025-07-16 03:23:00,371 - [learn.AI/learn] - DEBUG - row 396: [7, -37.0, -53.0, -49.0, -100.0, -100.0]
2025-07-16 03:23:00,371 - [learn.AI/learn] - DEBUG - row 397: [7, -38.0, -49.0, -48.0, -100.0, -100.0]
2025-07-16 03:23:00,371 - [learn.AI/learn] - DEBUG - row 398: [7, -29.0, -100.0, -48.0, -100.0, -74.0]
2025-07-16 03:23:00,372 - [learn.AI/learn] - DEBUG - row 399: [7, -41.0, -50.0, -45.0, -100.0, -80.0]
2025-07-16 03:23:00,372 - [learn.AI/learn] - DEBUG - row 400: [7, -48.0, -100.0, -100.0, -100.0, -100.0]
2025-07-16 03:23:00,372 - [learn.AI/learn] - DEBUG - row 401: [7, -43.0, -100.0, -49.0, -100.0, -100.0]
2025-07-16 03:23:00,372 - [learn.AI/learn] - DEBUG - row 402: [7, -28.0, -53.0, -48.0, -73.0, -100.0]
2025-07-16 03:23:00,372 - [learn.AI/learn] - DEBUG - row 403: [7, -100.0, -100.0, -100.0, -63.0, -100.0]
2025-07-16 03:23:00,372 - [learn.AI/learn] - DEBUG - row 404: [7, -45.0, -51.0, -40.0, -100.0, -100.0]
2025-07-16 03:23:00,372 - [learn.AI/learn] - DEBUG - row 405: [7, -42.0, -50.0, -43.0, -65.0, -69.0]
2025-07-16 03:23:00,372 - [learn.AI/learn] - DEBUG - row 406: [7, -39.0, -100.0, -48.0, -67.0, -100.0]
2025-07-16 03:23:00,372 - [learn.AI/learn] - DEBUG - row 407: [7, -50.0, -100.0, -39.0, -100.0, -100.0]
2025-07-16 03:23:00,372 - [learn.AI/learn] - DEBUG - row 408: [7, -40.0, -100.0, -42.0, -100.0, -100.0]
2025-07-16 03:23:00,372 - [learn.AI/learn] - DEBUG - row 409: [7, -29.0, -100.0, -48.0, -100.0, -100.0]
2025-07-16 03:23:00,372 - [learn.AI/learn] - DEBUG - row 410: [7, -39.0, -100.0, -47.0, -100.0, -100.0]
2025-07-16 03:23:00,372 - [learn.AI/learn] - DEBUG - row 411: [7, -36.0, -100.0, -40.0, -65.0, -100.0]
2025-07-16 03:23:00,372 - [learn.AI/learn] - DEBUG - row 412: [7, -39.0, -100.0, -37.0, -100.0, -64.0]
2025-07-16 03:23:00,372 - [learn.AI/learn] - DEBUG - row 413: [7, -45.0, -49.0, -40.0, -100.0, -69.0]
2025-07-16 03:23:00,372 - [learn.AI/learn] - DEBUG - row 414: [7, -36.0, -50.0, -40.0, -65.0, -100.0]
2025-07-16 03:23:00,372 - [learn.AI/learn] - DEBUG - row 415: [7, -100.0, -51.0, -100.0, -100.0, -100.0]
2025-07-16 03:23:00,373 - [learn.AI/learn] - DEBUG - row 416: [7, -28.0, -53.0, -48.0, -100.0, -69.0]
2025-07-16 03:23:00,373 - [learn.AI/learn] - DEBUG - row 417: [7, -39.0, -49.0, -50.0, -100.0, -67.0]
2025-07-16 03:23:00,373 - [learn.AI/learn] - DEBUG - row 418: [7, -50.0, -55.0, -47.0, -100.0, -72.0]
2025-07-16 03:23:00,373 - [learn.AI/learn] - DEBUG - row 419: [7, -35.0, -48.0, -100.0, -100.0, -100.0]
2025-07-16 03:23:00,373 - [learn.AI/learn] - DEBUG - row 420: [7, -38.0, -48.0, -48.0, -100.0, -100.0]
2025-07-16 03:23:00,373 - [learn.AI/learn] - DEBUG - row 421: [7, -27.0, -53.0, -48.0, -100.0, -100.0]
2025-07-16 03:23:00,373 - [learn.AI/learn] - DEBUG - row 422: [7, -33.0, -49.0, -41.0, -100.0, -100.0]
2025-07-16 03:23:00,373 - [learn.AI/learn] - DEBUG - row 423: [7, -42.0, -52.0, -40.0, -63.0, -100.0]
2025-07-16 03:23:00,373 - [learn.AI/learn] - DEBUG - row 424: [7, -28.0, -100.0, -46.0, -77.0, -72.0]
2025-07-16 03:23:00,373 - [learn.AI/learn] - DEBUG - row 425: [7, -42.0, -56.0, -50.0, -100.0, -100.0]
2025-07-16 03:23:00,373 - [learn.AI/learn] - DEBUG - row 426: [7, -38.0, -100.0, -49.0, -68.0, -100.0]
2025-07-16 03:23:00,373 - [learn.AI/learn] - DEBUG - row 427: [7, -46.0, -54.0, -47.0, -69.0, -100.0]
2025-07-16 03:23:00,373 - [learn.AI/learn] - DEBUG - row 428: [7, -36.0, -50.0, -40.0, -64.0, -69.0]
2025-07-16 03:23:00,373 - [learn.AI/learn] - DEBUG - row 429: [7, -46.0, -54.0, -47.0, -69.0, -67.0]
2025-07-16 03:23:00,373 - [learn.AI/learn] - DEBUG - row 430: [7, -35.0, -49.0, -47.0, -100.0, -100.0]
2025-07-16 03:23:00,373 - [learn.AI/learn] - DEBUG - row 431: [7, -42.0, -100.0, -55.0, -73.0, -48.0]
2025-07-16 03:23:00,373 - [learn.AI/learn] - DEBUG - row 432: [7, -27.0, -53.0, -49.0, -100.0, -100.0]
2025-07-16 03:23:00,374 - [learn.AI/learn] - DEBUG - row 433: [7, -36.0, -100.0, -47.0, -100.0, -100.0]
2025-07-16 03:23:00,374 - [learn.AI/learn] - DEBUG - row 434: [7, -36.0, -47.0, -46.0, -67.0, -68.0]
2025-07-16 03:23:00,374 - [learn.AI/learn] - DEBUG - row 435: [7, -47.0, -54.0, -43.0, -69.0, -100.0]
2025-07-16 03:23:00,374 - [learn.AI/learn] - DEBUG - row 436: [7, -100.0, -58.0, -50.0, -100.0, -100.0]
2025-07-16 03:23:00,374 - [learn.AI/learn] - DEBUG - row 437: [7, -43.0, -56.0, -46.0, -100.0, -100.0]
2025-07-16 03:23:00,374 - [learn.AI/learn] - DEBUG - row 438: [7, -40.0, -52.0, -45.0, -100.0, -100.0]
2025-07-16 03:23:00,374 - [learn.AI/learn] - DEBUG - row 439: [7, -39.0, -100.0, -45.0, -65.0, -100.0]
2025-07-16 03:23:00,374 - [learn.AI/learn] - DEBUG - row 440: [7, -45.0, -100.0, -51.0, -100.0, -100.0]
2025-07-16 03:23:00,374 - [learn.AI/learn] - DEBUG - row 441: [7, -39.0, -53.0, -39.0, -62.0, -100.0]
2025-07-16 03:23:00,374 - [learn.AI/learn] - DEBUG - row 442: [7, -43.0, -52.0, -47.0, -100.0, -100.0]
2025-07-16 03:23:00,374 - [learn.AI/learn] - DEBUG - row 443: [7, -40.0, -44.0, -100.0, -100.0, -100.0]
2025-07-16 03:23:00,374 - [learn.AI/learn] - DEBUG - row 444: [7, -36.0, -50.0, -52.0, -100.0, -100.0]
2025-07-16 03:23:00,374 - [learn.AI/learn] - DEBUG - row 445: [7, -42.0, -51.0, -42.0, -100.0, -100.0]
2025-07-16 03:23:00,374 - [learn.AI/learn] - DEBUG - row 446: [7, -49.0, -100.0, -48.0, -100.0, -68.0]
2025-07-16 03:23:00,374 - [learn.AI/learn] - DEBUG - row 447: [7, -37.0, -51.0, -100.0, -100.0, -100.0]
2025-07-16 03:23:00,375 - [learn.AI/learn] - DEBUG - row 448: [7, -43.0, -100.0, -47.0, -68.0, -100.0]
2025-07-16 03:23:00,375 - [learn.AI/learn] - DEBUG - row 449: [7, -46.0, -55.0, -48.0, -100.0, -100.0]
2025-07-16 03:23:00,375 - [learn.AI/learn] - DEBUG - row 450: [7, -47.0, -100.0, -48.0, -100.0, -100.0]
2025-07-16 03:23:00,375 - [learn.AI/learn] - DEBUG - row 451: [7, -35.0, -100.0, -48.0, -100.0, -100.0]
2025-07-16 03:23:00,375 - [learn.AI/learn] - DEBUG - row 452: [8, -52.0, -46.0, -71.0, -72.0, -100.0]
2025-07-16 03:23:00,375 - [learn.AI/learn] - DEBUG - row 453: [8, -49.0, -42.0, -100.0, -100.0, -100.0]
2025-07-16 03:23:00,375 - [learn.AI/learn] - DEBUG - row 454: [8, -52.0, -42.0, -64.0, -100.0, -100.0]
2025-07-16 03:23:00,375 - [learn.AI/learn] - DEBUG - row 455: [8, -53.0, -42.0, -61.0, -100.0, -100.0]
2025-07-16 03:23:00,375 - [learn.AI/learn] - DEBUG - row 456: [8, -38.0, -53.0, -62.0, -68.0, -100.0]
2025-07-16 03:23:00,375 - [learn.AI/learn] - DEBUG - row 457: [8, -50.0, -37.0, -100.0, -100.0, -100.0]
2025-07-16 03:23:00,375 - [learn.AI/learn] - DEBUG - row 458: [8, -38.0, -52.0, -60.0, -100.0, -100.0]
2025-07-16 03:23:00,375 - [learn.AI/learn] - DEBUG - row 459: [8, -59.0, -53.0, -100.0, -74.0, -100.0]
2025-07-16 03:23:00,375 - [learn.AI/learn] - DEBUG - row 460: [8, -51.0, -48.0, -100.0, -100.0, -100.0]
2025-07-16 03:23:00,375 - [learn.AI/learn] - DEBUG - row 461: [8, -100.0, -100.0, -100.0, -100.0, -100.0]
2025-07-16 03:23:00,375 - [learn.AI/learn] - DEBUG - row 462: [8, -47.0, -42.0, -62.0, -100.0, -67.0]
2025-07-16 03:23:00,375 - [learn.AI/learn] - DEBUG - row 463: [8, -49.0, -46.0, -100.0, -100.0, -62.0]
2025-07-16 03:23:00,375 - [learn.AI/learn] - DEBUG - row 464: [8, -40.0, -54.0, -100.0, -68.0, -100.0]
2025-07-16 03:23:00,376 - [learn.AI/learn] - DEBUG - row 465: [8, -59.0, -53.0, -74.0, -74.0, -81.0]
2025-07-16 03:23:00,376 - [learn.AI/learn] - DEBUG - row 466: [8, -100.0, -54.0, -100.0, -100.0, -100.0]
2025-07-16 03:23:00,376 - [learn.AI/learn] - DEBUG - row 467: [8, -59.0, -54.0, -74.0, -100.0, -81.0]
2025-07-16 03:23:00,376 - [learn.AI/learn] - DEBUG - row 468: [8, -39.0, -55.0, -62.0, -67.0, -71.0]
2025-07-16 03:23:00,376 - [learn.AI/learn] - DEBUG - row 469: [8, -59.0, -54.0, -100.0, -100.0, -100.0]
2025-07-16 03:23:00,376 - [learn.AI/learn] - DEBUG - row 470: [8, -55.0, -44.0, -100.0, -68.0, -100.0]
2025-07-16 03:23:00,376 - [learn.AI/learn] - DEBUG - row 471: [8, -44.0, -42.0, -58.0, -100.0, -100.0]
2025-07-16 03:23:00,376 - [learn.AI/learn] - DEBUG - row 472: [8, -100.0, -39.0, -100.0, -100.0, -100.0]
2025-07-16 03:23:00,376 - [learn.AI/learn] - DEBUG - row 473: [8, -57.0, -47.0, -100.0, -68.0, -100.0]
2025-07-16 03:23:00,376 - [learn.AI/learn] - DEBUG - row 474: [8, -39.0, -55.0, -100.0, -100.0, -72.0]
2025-07-16 03:23:00,376 - [learn.AI/learn] - DEBUG - row 475: [8, -39.0, -54.0, -60.0, -100.0, -71.0]
2025-07-16 03:23:00,376 - [learn.AI/learn] - DEBUG - row 476: [8, -49.0, -48.0, -100.0, -66.0, -100.0]
2025-07-16 03:23:00,376 - [learn.AI/learn] - DEBUG - row 477: [8, -49.0, -45.0, -58.0, -100.0, -100.0]
2025-07-16 03:23:00,376 - [learn.AI/learn] - DEBUG - row 478: [8, -53.0, -47.0, -100.0, -100.0, -100.0]
2025-07-16 03:23:00,376 - [learn.AI/learn] - DEBUG - row 479: [8, -100.0, -48.0, -60.0, -100.0, -100.0]
2025-07-16 03:23:00,376 - [learn.AI/learn] - DEBUG - row 480: [8, -60.0, -54.0, -100.0, -74.0, -81.0]
2025-07-16 03:23:00,376 - [learn.AI/learn] - DEBUG - row 481: [8, -51.0, -47.0, -100.0, -100.0, -100.0]
2025-07-16 03:23:00,376 - [learn.AI/learn] - DEBUG - row 482: [8, -42.0, -45.0, -65.0, -100.0, -75.0]
2025-07-16 03:23:00,377 - [learn.AI/learn] - DEBUG - row 483: [8, -39.0, -54.0, -61.0, -67.0, -72.0]
2025-07-16 03:23:00,377 - [learn.AI/learn] - DEBUG - row 484: [8, -46.0, -43.0, -100.0, -70.0, -71.0]
2025-07-16 03:23:00,377 - [learn.AI/learn] - DEBUG - row 485: [8, -49.0, -41.0, -100.0, -100.0, -100.0]
2025-07-16 03:23:00,377 - [learn.AI/learn] - DEBUG - row 486: [8, -47.0, -41.0, -63.0, -100.0, -100.0]
2025-07-16 03:23:00,377 - [learn.AI/learn] - DEBUG - row 487: [8, -48.0, -40.0, -63.0, -66.0, -100.0]
2025-07-16 03:23:00,377 - [learn.AI/learn] - DEBUG - row 488: [8, -55.0, -49.0, -100.0, -67.0, -100.0]
2025-07-16 03:23:00,377 - [learn.AI/learn] - DEBUG - row 489: [8, -58.0, -50.0, -100.0, -65.0, -100.0]
2025-07-16 03:23:00,377 - [learn.AI/learn] - DEBUG - row 490: [8, -60.0, -54.0, -100.0, -100.0, -81.0]
2025-07-16 03:23:00,377 - [learn.AI/learn] - DEBUG - row 491: [8, -58.0, -52.0, -100.0, -72.0, -100.0]
2025-07-16 03:23:00,377 - [learn.AI/learn] - DEBUG - row 492: [8, -58.0, -54.0, -100.0, -74.0, -100.0]
2025-07-16 03:23:00,377 - [learn.AI/learn] - DEBUG - row 493: [8, -60.0, -53.0, -100.0, -100.0, -100.0]
2025-07-16 03:23:00,377 - [learn.AI/learn] - DEBUG - row 494: [8, -43.0, -46.0, -100.0, -100.0, -100.0]
2025-07-16 03:23:00,377 - [learn.AI/learn] - DEBUG - row 495: [9, -51.0, -33.0, -57.0, -100.0, -100.0]
2025-07-16 03:23:00,377 - [learn.AI/learn] - DEBUG - row 496: [9, -100.0, -100.0, -100.0, -100.0, -100.0]
2025-07-16 03:23:00,377 - [learn.AI/learn] - DEBUG - row 497: [9, -100.0, -36.0, -55.0, -57.0, -100.0]
2025-07-16 03:23:00,377 - [learn.AI/learn] - DEBUG - row 498: [9, -100.0, -34.0, -60.0, -100.0, -100.0]
2025-07-16 03:23:00,377 - [learn.AI/learn] - DEBUG - row 499: [9, -100.0, -37.0, -100.0, -62.0, -66.0]
2025-07-16 03:23:00,378 - [learn.AI/learn] - DEBUG - row 500: [9, -55.0, -37.0, -100.0, -100.0, -100.0]
2025-07-16 03:23:00,378 - [learn.AI/learn] - DEBUG - row 501: [9, -49.0, -33.0, -100.0, -100.0, -100.0]
2025-07-16 03:23:00,378 - [learn.AI/learn] - DEBUG - row 502: [9, -100.0, -37.0, -100.0, -100.0, -100.0]
2025-07-16 03:23:00,378 - [learn.AI/learn] - DEBUG - row 503: [9, -100.0, -34.0, -52.0, -100.0, -100.0]
2025-07-16 03:23:00,378 - [learn.AI/learn] - DEBUG - row 504: [9, -100.0, -37.0, -56.0, -54.0, -100.0]
2025-07-16 03:23:00,378 - [learn.AI/learn] - DEBUG - row 505: [9, -100.0, -100.0, -51.0, -100.0, -55.0]
2025-07-16 03:23:00,378 - [learn.AI/learn] - DEBUG - row 506: [9, -52.0, -37.0, -100.0, -100.0, -100.0]
2025-07-16 03:23:00,378 - [learn.AI/learn] - DEBUG - row 507: [9, -51.0, -34.0, -100.0, -100.0, -100.0]
2025-07-16 03:23:00,378 - [learn.AI/learn] - DEBUG - row 508: [9, -100.0, -35.0, -100.0, -100.0, -100.0]
2025-07-16 03:23:00,378 - [learn.AI/learn] - DEBUG - row 509: [9, -56.0, -38.0, -55.0, -100.0, -53.0]
2025-07-16 03:23:00,378 - [learn.AI/learn] - DEBUG - row 510: [9, -49.0, -35.0, -53.0, -100.0, -100.0]
2025-07-16 03:23:00,378 - [learn.AI/learn] - DEBUG - row 511: [9, -51.0, -33.0, -53.0, -59.0, -100.0]
2025-07-16 03:23:00,378 - [learn.AI/learn] - DEBUG - row 512: [9, -100.0, -37.0, -100.0, -56.0, -100.0]
2025-07-16 03:23:00,378 - [learn.AI/learn] - DEBUG - row 513: [9, -47.0, -38.0, -56.0, -100.0, -100.0]
2025-07-16 03:23:00,378 - [learn.AI/learn] - DEBUG - row 514: [9, -100.0, -36.0, -59.0, -100.0, -100.0]
2025-07-16 03:23:00,378 - [learn.AI/learn] - DEBUG - row 515: [9, -100.0, -38.0, -57.0, -100.0, -100.0]
2025-07-16 03:23:00,378 - [learn.AI/learn] - DEBUG - row 516: [9, -59.0, -37.0, -100.0, -62.0, -100.0]
2025-07-16 03:23:00,379 - [learn.AI/learn] - DEBUG - row 517: [9, -100.0, -34.0, -53.0, -100.0, -100.0]
2025-07-16 03:23:00,379 - [learn.AI/learn] - DEBUG - row 518: [9, -57.0, -37.0, -53.0, -56.0, -50.0]
2025-07-16 03:23:00,379 - [learn.AI/learn] - DEBUG - row 519: [9, -100.0, -37.0, -54.0, -56.0, -53.0]
2025-07-16 03:23:00,379 - [learn.AI/learn] - DEBUG - row 520: [9, -46.0, -33.0, -48.0, -100.0, -100.0]
2025-07-16 03:23:00,379 - [learn.AI/learn] - DEBUG - row 521: [9, -56.0, -39.0, -100.0, -100.0, -100.0]
2025-07-16 03:23:00,379 - [learn.AI/learn] - DEBUG - row 522: [9, -47.0, -41.0, -100.0, -100.0, -100.0]
2025-07-16 03:23:00,379 - [learn.AI/learn] - DEBUG - row 523: [9, -100.0, -38.0, -100.0, -58.0, -100.0]
2025-07-16 03:23:00,379 - [learn.AI/learn] - DEBUG - row 524: [9, -52.0, -33.0, -100.0, -65.0, -61.0]
2025-07-16 03:23:00,379 - [learn.AI/learn] - DEBUG - row 525: [9, -100.0, -34.0, -52.0, -100.0, -100.0]
2025-07-16 03:23:00,379 - [learn.AI/learn] - DEBUG - row 526: [9, -58.0, -34.0, -100.0, -100.0, -100.0]
2025-07-16 03:23:00,379 - [learn.AI/learn] - DEBUG - row 527: [9, -55.0, -34.0, -55.0, -57.0, -54.0]
2025-07-16 03:23:00,379 - [learn.AI/learn] - DEBUG - row 528: [9, -100.0, -33.0, -100.0, -100.0, -62.0]
2025-07-16 03:23:00,379 - [learn.AI/learn] - DEBUG - row 529: [9, -100.0, -37.0, -54.0, -58.0, -55.0]
2025-07-16 03:23:00,379 - [learn.AI/learn] - DEBUG - row 530: [9, -100.0, -33.0, -52.0, -100.0, -100.0]
2025-07-16 03:23:00,379 - [learn.AI/learn] - DEBUG - row 531: [9, -100.0, -38.0, -55.0, -100.0, -53.0]
2025-07-16 03:23:00,379 - [learn.AI/learn] - DEBUG - row 532: [9, -51.0, -39.0, -100.0, -100.0, -100.0]
2025-07-16 03:23:00,379 - [learn.AI/learn] - DEBUG - row 533: [9, -43.0, -38.0, -100.0, -60.0, -100.0]
2025-07-16 03:23:00,380 - [learn.AI/learn] - DEBUG - row 534: [9, -50.0, -33.0, -51.0, -100.0, -100.0]
2025-07-16 03:23:00,380 - [learn.AI/learn] - DEBUG - row 535: [9, -100.0, -37.0, -100.0, -100.0, -100.0]
2025-07-16 03:23:00,380 - [learn.AI/learn] - DEBUG - row 536: [9, -50.0, -33.0, -51.0, -100.0, -100.0]
2025-07-16 03:23:00,380 - [learn.AI/learn] - DEBUG - row 537: [9, -49.0, -32.0, -100.0, -100.0, -100.0]
2025-07-16 03:23:00,380 - [learn.AI/learn] - DEBUG - row 538: [9, -53.0, -37.0, -100.0, -100.0, -100.0]
2025-07-16 03:23:00,380 - [learn.AI/learn] - DEBUG - row 539: [9, -51.0, -39.0, -58.0, -100.0, -100.0]
2025-07-16 03:23:00,380 - [learn.AI/learn] - DEBUG - row 540: [9, -53.0, -36.0, -53.0, -100.0, -100.0]
2025-07-16 03:23:00,380 - [learn.AI/learn] - DEBUG - row 541: [9, -50.0, -41.0, -55.0, -60.0, -100.0]
2025-07-16 03:23:00,380 - [learn.AI/learn] - DEBUG - row 542: [9, -100.0, -37.0, -100.0, -100.0, -63.0]
2025-07-16 03:23:00,380 - [learn.AI/learn] - DEBUG - row 543: [9, -55.0, -40.0, -59.0, -61.0, -61.0]
2025-07-16 03:23:00,380 - [learn.AI/learn] - DEBUG - row 544: [9, -49.0, -37.0, -56.0, -60.0, -63.0]
2025-07-16 03:23:00,380 - [learn.AI/learn] - DEBUG - row 545: [9, -54.0, -27.0, -100.0, -100.0, -100.0]
2025-07-16 03:23:00,380 - [learn.AI/learn] - DEBUG - row 546: [9, -55.0, -37.0, -56.0, -62.0, -100.0]
2025-07-16 03:23:00,380 - [learn.AI/learn] - DEBUG - row 547: [9, -56.0, -39.0, -59.0, -57.0, -100.0]
2025-07-16 03:23:00,380 - [learn.AI/learn] - DEBUG - row 548: [9, -51.0, -34.0, -100.0, -100.0, -100.0]
2025-07-16 03:23:00,380 - [learn.AI/learn] - DEBUG - row 549: [9, -56.0, -37.0, -59.0, -57.0, -53.0]
2025-07-16 03:23:00,381 - [learn.AI/learn] - DEBUG - row 550: [9, -56.0, -38.0, -56.0, -100.0, -55.0]
2025-07-16 03:23:00,381 - [learn.AI/learn] - DEBUG - row 551: [9, -50.0, -27.0, -100.0, -60.0, -100.0]
2025-07-16 03:23:00,381 - [learn.AI/learn] - DEBUG - row 552: [9, -51.0, -37.0, -100.0, -100.0, -60.0]
2025-07-16 03:23:00,381 - [learn.AI/learn] - DEBUG - row 553: [9, -100.0, -100.0, -55.0, -100.0, -100.0]
2025-07-16 03:23:00,381 - [learn.AI/learn] - DEBUG - row 554: [9, -51.0, -33.0, -51.0, -100.0, -100.0]
2025-07-16 03:23:00,381 - [learn.AI/learn] - DEBUG - row 555: [9, -56.0, -38.0, -100.0, -57.0, -100.0]
2025-07-16 03:23:00,381 - [learn.AI/learn] - DEBUG - row 556: [10, -100.0, -62.0, -56.0, -49.0, -100.0]
2025-07-16 03:23:00,381 - [learn.AI/learn] - DEBUG - row 557: [10, -100.0, -100.0, -56.0, -56.0, -45.0]
2025-07-16 03:23:00,381 - [learn.AI/learn] - DEBUG - row 558: [10, -72.0, -100.0, -100.0, -54.0, -43.0]
2025-07-16 03:23:00,381 - [learn.AI/learn] - DEBUG - row 559: [10, -100.0, -100.0, -57.0, -55.0, -42.0]
2025-07-16 03:23:00,381 - [learn.AI/learn] - DEBUG - row 560: [10, -100.0, -61.0, -100.0, -52.0, -32.0]
2025-07-16 03:23:00,381 - [learn.AI/learn] - DEBUG - row 561: [10, -100.0, -45.0, -41.0, -53.0, -100.0]
2025-07-16 03:23:00,381 - [learn.AI/learn] - DEBUG - row 562: [10, -100.0, -71.0, -100.0, -100.0, -35.0]
2025-07-16 03:23:00,381 - [learn.AI/learn] - DEBUG - row 563: [10, -100.0, -63.0, -53.0, -51.0, -35.0]
2025-07-16 03:23:00,381 - [learn.AI/learn] - DEBUG - row 564: [10, -100.0, -65.0, -100.0, -100.0, -45.0]
2025-07-16 03:23:00,381 - [learn.AI/learn] - DEBUG - row 565: [10, -72.0, -67.0, -56.0, -100.0, -45.0]
2025-07-16 03:23:00,381 - [learn.AI/learn] - DEBUG - row 566: [10, -73.0, -100.0, -100.0, -51.0, -100.0]
2025-07-16 03:23:00,382 - [learn.AI/learn] - DEBUG - row 567: [10, -74.0, -71.0, -59.0, -51.0, -33.0]
2025-07-16 03:23:00,382 - [learn.AI/learn] - DEBUG - row 568: [10, -72.0, -100.0, -57.0, -51.0, -41.0]
2025-07-16 03:23:00,382 - [learn.AI/learn] - DEBUG - row 569: [10, -100.0, -100.0, -100.0, -100.0, -100.0]
2025-07-16 03:23:00,382 - [learn.AI/learn] - DEBUG - row 570: [10, -100.0, -58.0, -63.0, -100.0, -27.0]
2025-07-16 03:23:00,382 - [learn.AI/learn] - DEBUG - row 571: [10, -100.0, -70.0, -100.0, -52.0, -34.0]
2025-07-16 03:23:00,382 - [learn.AI/learn] - DEBUG - row 572: [10, -100.0, -100.0, -100.0, -49.0, -33.0]
2025-07-16 03:23:00,382 - [learn.AI/learn] - DEBUG - row 573: [10, -100.0, -74.0, -100.0, -53.0, -32.0]
2025-07-16 03:23:00,382 - [learn.AI/learn] - DEBUG - row 574: [10, -100.0, -65.0, -100.0, -56.0, -45.0]
2025-07-16 03:23:00,382 - [learn.AI/learn] - DEBUG - row 575: [10, -100.0, -100.0, -55.0, -46.0, -31.0]
2025-07-16 03:23:00,382 - [learn.AI/learn] - DEBUG - row 576: [10, -100.0, -68.0, -100.0, -52.0, -31.0]
2025-07-16 03:23:00,382 - [learn.AI/learn] - DEBUG - row 577: [10, -71.0, -100.0, -51.0, -52.0, -39.0]
2025-07-16 03:23:00,382 - [learn.AI/learn] - DEBUG - row 578: [10, -100.0, -100.0, -100.0, -100.0, -32.0]
2025-07-16 03:23:00,382 - [learn.AI/learn] - DEBUG - row 579: [10, -100.0, -100.0, -100.0, -50.0, -32.0]
2025-07-16 03:23:00,382 - [learn.AI/learn] - DEBUG - row 580: [10, -73.0, -100.0, -100.0, -53.0, -40.0]
2025-07-16 03:23:00,382 - [learn.AI/learn] - DEBUG - row 581: [10, -72.0, -100.0, -100.0, -52.0, -42.0]
2025-07-16 03:23:00,383 - [learn.AI/learn] - DEBUG - row 582: [10, -100.0, -100.0, -56.0, -56.0, -44.0]
2025-07-16 03:23:00,383 - [learn.AI/learn] - DEBUG - row 583: [10, -100.0, -100.0, -100.0, -51.0, -42.0]
2025-07-16 03:23:00,383 - [learn.AI/learn] - DEBUG - row 584: [10, -100.0, -100.0, -100.0, -100.0, -100.0]
2025-07-16 03:23:00,383 - [learn.AI/learn] - DEBUG - row 585: [10, -100.0, -100.0, -56.0, -57.0, -47.0]
2025-07-16 03:23:00,383 - [learn.AI/learn] - DEBUG - row 586: [10, -100.0, -100.0, -56.0, -51.0, -36.0]
2025-07-16 03:23:00,383 - [learn.AI/learn] - DEBUG - row 587: [10, -100.0, -100.0, -57.0, -52.0, -40.0]
2025-07-16 03:23:00,383 - [learn.AI/learn] - DEBUG - row 588: [10, -100.0, -100.0, -100.0, -56.0, -45.0]
2025-07-16 03:23:00,383 - [learn.AI/learn] - DEBUG - row 589: [10, -100.0, -100.0, -100.0, -56.0, -46.0]
2025-07-16 03:23:00,383 - [learn.AI/learn] - DEBUG - row 590: [10, -100.0, -62.0, -100.0, -51.0, -34.0]
2025-07-16 03:23:00,383 - [learn.AI/learn] - DEBUG - row 591: [11, -40.0, -100.0, -41.0, -100.0, -100.0]
2025-07-16 03:23:00,383 - [learn.AI/learn] - DEBUG - row 592: [11, -43.0, -100.0, -38.0, -100.0, -100.0]
2025-07-16 03:23:00,383 - [learn.AI/learn] - DEBUG - row 593: [11, -45.0, -100.0, -41.0, -100.0, -100.0]
2025-07-16 03:23:00,383 - [learn.AI/learn] - DEBUG - row 594: [11, -55.0, -62.0, -41.0, -65.0, -100.0]
2025-07-16 03:23:00,383 - [learn.AI/learn] - DEBUG - row 595: [11, -54.0, -61.0, -43.0, -66.0, -62.0]
2025-07-16 03:23:00,383 - [learn.AI/learn] - DEBUG - row 596: [11, -51.0, -100.0, -43.0, -100.0, -100.0]
2025-07-16 03:23:00,384 - [learn.AI/learn] - DEBUG - row 597: [11, -44.0, -100.0, -39.0, -100.0, -100.0]
2025-07-16 03:23:00,384 - [learn.AI/learn] - DEBUG - row 598: [11, -49.0, -59.0, -40.0, -100.0, -100.0]
2025-07-16 03:23:00,384 - [learn.AI/learn] - DEBUG - row 599: [11, -45.0, -57.0, -39.0, -100.0, -100.0]
2025-07-16 03:23:00,384 - [learn.AI/learn] - DEBUG - row 600: [11, -100.0, -52.0, -42.0, -100.0, -100.0]
2025-07-16 03:23:00,384 - [learn.AI/learn] - DEBUG - row 601: [11, -100.0, -55.0, -42.0, -100.0, -100.0]
2025-07-16 03:23:00,384 - [learn.AI/learn] - DEBUG - row 602: [11, -40.0, -56.0, -100.0, -100.0, -100.0]
2025-07-16 03:23:00,384 - [learn.AI/learn] - DEBUG - row 603: [11, -47.0, -59.0, -38.0, -65.0, -100.0]
2025-07-16 03:23:00,384 - [learn.AI/learn] - DEBUG - row 604: [11, -100.0, -59.0, -39.0, -100.0, -100.0]
2025-07-16 03:23:00,384 - [learn.AI/learn] - DEBUG - row 605: [11, -55.0, -100.0, -46.0, -100.0, -71.0]
2025-07-16 03:23:00,386 - [learn.AI/learn] - DEBUG - row 606: [11, -100.0, -100.0, -39.0, -100.0, -100.0]
2025-07-16 03:23:00,387 - [learn.AI/learn] - DEBUG - row 607: [11, -48.0, -54.0, -42.0, -100.0, -100.0]
2025-07-16 03:23:00,387 - [learn.AI/learn] - DEBUG - row 608: [11, -48.0, -100.0, -43.0, -100.0, -100.0]
2025-07-16 03:23:00,387 - [learn.AI/learn] - DEBUG - row 609: [11, -45.0, -100.0, -41.0, -100.0, -100.0]
2025-07-16 03:23:00,387 - [learn.AI/learn] - DEBUG - row 610: [11, -54.0, -54.0, -40.0, -100.0, -100.0]
2025-07-16 03:23:00,387 - [learn.AI/learn] - DEBUG - row 611: [11, -52.0, -55.0, -43.0, -100.0, -100.0]
2025-07-16 03:23:00,387 - [learn.AI/learn] - DEBUG - row 612: [11, -40.0, -100.0, -37.0, -100.0, -100.0]
2025-07-16 03:23:00,387 - [learn.AI/learn] - DEBUG - row 613: [11, -100.0, -100.0, -40.0, -100.0, -62.0]
2025-07-16 03:23:00,387 - [learn.AI/learn] - DEBUG - row 614: [11, -44.0, -100.0, -41.0, -100.0, -100.0]
2025-07-16 03:23:00,388 - [learn.AI/learn] - DEBUG - row 615: [11, -100.0, -53.0, -37.0, -63.0, -100.0]
2025-07-16 03:23:00,388 - [learn.AI/learn] - DEBUG - row 616: [11, -52.0, -100.0, -35.0, -100.0, -100.0]
2025-07-16 03:23:00,388 - [learn.AI/learn] - DEBUG - row 617: [11, -45.0, -57.0, -41.0, -60.0, -68.0]
2025-07-16 03:23:00,388 - [learn.AI/learn] - DEBUG - row 618: [11, -45.0, -100.0, -40.0, -100.0, -100.0]
2025-07-16 03:23:00,388 - [learn.AI/learn] - DEBUG - row 619: [11, -45.0, -100.0, -40.0, -100.0, -100.0]
2025-07-16 03:23:00,388 - [learn.AI/learn] - DEBUG - row 620: [11, -49.0, -55.0, -47.0, -72.0, -100.0]
2025-07-16 03:23:00,388 - [learn.AI/learn] - DEBUG - row 621: [11, -44.0, -100.0, -100.0, -100.0, -100.0]
2025-07-16 03:23:00,388 - [learn.AI/learn] - DEBUG - row 622: [11, -41.0, -55.0, -37.0, -71.0, -64.0]
2025-07-16 03:23:00,388 - [learn.AI/learn] - DEBUG - row 623: [11, -46.0, -58.0, -38.0, -100.0, -100.0]
2025-07-16 03:23:00,388 - [learn.AI/learn] - DEBUG - row 624: [11, -48.0, -59.0, -36.0, -59.0, -100.0]
2025-07-16 03:23:00,388 - [learn.AI/learn] - DEBUG - row 625: [11, -42.0, -54.0, -40.0, -100.0, -100.0]
2025-07-16 03:23:00,388 - [learn.AI/learn] - DEBUG - row 626: [11, -47.0, -100.0, -32.0, -59.0, -100.0]
2025-07-16 03:23:00,388 - [learn.AI/learn] - DEBUG - row 627: [11, -51.0, -56.0, -43.0, -66.0, -100.0]
2025-07-16 03:23:00,389 - [learn.AI/learn] - DEBUG - row 628: [11, -100.0, -100.0, -100.0, -100.0, -100.0]
2025-07-16 03:23:00,389 - [learn.AI/learn] - DEBUG - row 629: [11, -51.0, -100.0, -36.0, -100.0, -100.0]
2025-07-16 03:23:00,389 - [learn.AI/learn] - DEBUG - row 630: [11, -44.0, -100.0, -40.0, -100.0, -63.0]
2025-07-16 03:23:00,389 - [learn.AI/learn] - DEBUG - row 631: [11, -57.0, -64.0, -43.0, -65.0, -70.0]
2025-07-16 03:23:00,389 - [learn.AI/learn] - DEBUG - row 632: [11, -45.0, -59.0, -40.0, -100.0, -100.0]
2025-07-16 03:23:00,389 - [learn.AI/learn] - DEBUG - row 633: [11, -48.0, -60.0, -38.0, -100.0, -100.0]
2025-07-16 03:23:00,389 - [learn.AI/learn] - DEBUG - row 634: [11, -49.0, -63.0, -46.0, -100.0, -100.0]
2025-07-16 03:23:00,389 - [learn.AI/learn] - DEBUG - row 635: [11, -58.0, -62.0, -39.0, -100.0, -68.0]
2025-07-16 03:23:00,389 - [learn.AI/learn] - DEBUG - row 636: [11, -55.0, -62.0, -41.0, -100.0, -100.0]
2025-07-16 03:23:00,389 - [learn.AI/learn] - DEBUG - row 637: [11, -49.0, -100.0, -42.0, -100.0, -100.0]
2025-07-16 03:23:00,389 - [learn.AI/learn] - DEBUG - row 638: [11, -52.0, -54.0, -42.0, -100.0, -60.0]
2025-07-16 03:23:00,389 - [learn.AI/learn] - DEBUG - row 639: [11, -48.0, -100.0, -42.0, -62.0, -100.0]
2025-07-16 03:23:00,389 - [learn.AI/learn] - DEBUG - row 640: [12, -100.0, -51.0, -35.0, -100.0, -100.0]
2025-07-16 03:23:00,389 - [learn.AI/learn] - DEBUG - row 641: [12, -100.0, -45.0, -42.0, -100.0, -100.0]
2025-07-16 03:23:00,389 - [learn.AI/learn] - DEBUG - row 642: [12, -56.0, -49.0, -35.0, -100.0, -100.0]
2025-07-16 03:23:00,389 - [learn.AI/learn] - DEBUG - row 643: [12, -100.0, -100.0, -40.0, -100.0, -100.0]
2025-07-16 03:23:00,389 - [learn.AI/learn] - DEBUG - row 644: [12, -100.0, -50.0, -35.0, -59.0, -100.0]
2025-07-16 03:23:00,389 - [learn.AI/learn] - DEBUG - row 645: [12, -100.0, -100.0, -40.0, -100.0, -100.0]
2025-07-16 03:23:00,390 - [learn.AI/learn] - DEBUG - row 646: [12, -100.0, -47.0, -39.0, -100.0, -63.0]
2025-07-16 03:23:00,390 - [learn.AI/learn] - DEBUG - row 647: [12, -53.0, -51.0, -34.0, -100.0, -100.0]
2025-07-16 03:23:00,390 - [learn.AI/learn] - DEBUG - row 648: [12, -100.0, -49.0, -35.0, -100.0, -100.0]
2025-07-16 03:23:00,390 - [learn.AI/learn] - DEBUG - row 649: [12, -54.0, -44.0, -41.0, -55.0, -100.0]
2025-07-16 03:23:00,390 - [learn.AI/learn] - DEBUG - row 650: [12, -100.0, -49.0, -45.0, -62.0, -100.0]
2025-07-16 03:23:00,390 - [learn.AI/learn] - DEBUG - row 651: [12, -58.0, -42.0, -47.0, -100.0, -100.0]
2025-07-16 03:23:00,390 - [learn.AI/learn] - DEBUG - row 652: [12, -100.0, -50.0, -36.0, -100.0, -100.0]
2025-07-16 03:23:00,390 - [learn.AI/learn] - DEBUG - row 653: [12, -100.0, -49.0, -100.0, -58.0, -100.0]
2025-07-16 03:23:00,390 - [learn.AI/learn] - DEBUG - row 654: [12, -100.0, -51.0, -48.0, -100.0, -100.0]
2025-07-16 03:23:00,390 - [learn.AI/learn] - DEBUG - row 655: [12, -53.0, -52.0, -45.0, -66.0, -100.0]
2025-07-16 03:23:00,390 - [learn.AI/learn] - DEBUG - row 656: [12, -100.0, -47.0, -48.0, -58.0, -100.0]
2025-07-16 03:23:00,390 - [learn.AI/learn] - DEBUG - row 657: [12, -55.0, -43.0, -44.0, -56.0, -54.0]
2025-07-16 03:23:00,390 - [learn.AI/learn] - DEBUG - row 658: [12, -54.0, -44.0, -47.0, -100.0, -100.0]
2025-07-16 03:23:00,390 - [learn.AI/learn] - DEBUG - row 659: [12, -55.0, -49.0, -47.0, -100.0, -100.0]
2025-07-16 03:23:00,390 - [learn.AI/learn] - DEBUG - row 660: [12, -100.0, -100.0, -100.0, -100.0, -100.0]
2025-07-16 03:23:00,390 - [learn.AI/learn] - DEBUG - row 661: [12, -100.0, -100.0, -100.0, -100.0, -100.0]
2025-07-16 03:23:00,390 - [learn.AI/learn] - DEBUG - row 662: [12, -58.0, -51.0, -35.0, -57.0, -100.0]
2025-07-16 03:23:00,391 - [learn.AI/learn] - DEBUG - row 663: [12, -100.0, -50.0, -35.0, -100.0, -100.0]
2025-07-16 03:23:00,391 - [learn.AI/learn] - DEBUG - row 664: [12, -100.0, -50.0, -35.0, -100.0, -63.0]
2025-07-16 03:23:00,391 - [learn.AI/learn] - DEBUG - row 665: [12, -100.0, -51.0, -35.0, -100.0, -62.0]
2025-07-16 03:23:00,391 - [learn.AI/learn] - DEBUG - row 666: [12, -54.0, -40.0, -47.0, -100.0, -57.0]
2025-07-16 03:23:00,391 - [learn.AI/learn] - DEBUG - row 667: [12, -54.0, -53.0, -35.0, -100.0, -60.0]
2025-07-16 03:23:00,391 - [learn.AI/learn] - DEBUG - row 668: [12, -52.0, -52.0, -47.0, -51.0, -100.0]
2025-07-16 03:23:00,391 - [learn.AI/learn] - DEBUG - row 669: [12, -100.0, -51.0, -35.0, -100.0, -100.0]
2025-07-16 03:23:00,391 - [learn.AI/learn] - DEBUG - row 670: [12, -53.0, -58.0, -36.0, -100.0, -100.0]
2025-07-16 03:23:00,391 - [learn.AI/learn] - DEBUG - row 671: [12, -100.0, -51.0, -46.0, -100.0, -100.0]
2025-07-16 03:23:00,391 - [learn.AI/learn] - DEBUG - row 672: [12, -48.0, -46.0, -41.0, -53.0, -100.0]
2025-07-16 03:23:00,391 - [learn.AI/learn] - DEBUG - row 673: [12, -47.0, -46.0, -42.0, -100.0, -63.0]
2025-07-16 03:23:00,391 - [learn.AI/learn] - DEBUG - row 674: [12, -100.0, -49.0, -45.0, -63.0, -100.0]
2025-07-16 03:23:00,391 - [learn.AI/learn] - DEBUG - row 675: [12, -100.0, -43.0, -44.0, -100.0, -100.0]
2025-07-16 03:23:00,391 - [learn.AI/learn] - DEBUG - row 676: [12, -55.0, -52.0, -35.0, -100.0, -63.0]
2025-07-16 03:23:00,391 - [learn.AI/learn] - DEBUG - row 677: [12, -100.0, -100.0, -100.0, -100.0, -100.0]
2025-07-16 03:23:00,391 - [learn.AI/learn] - DEBUG - row 678: [12, -48.0, -46.0, -41.0, -100.0, -100.0]
2025-07-16 03:23:00,391 - [learn.AI/learn] - DEBUG - row 679: [12, -50.0, -46.0, -40.0, -100.0, -59.0]
2025-07-16 03:23:00,391 - [learn.AI/learn] - DEBUG - row 680: [12, -58.0, -48.0, -40.0, -60.0, -100.0]
2025-07-16 03:23:00,392 - [learn.AI/learn] - DEBUG - row 681: [12, -100.0, -100.0, -100.0, -100.0, -100.0]
2025-07-16 03:23:00,392 - [learn.AI/learn] - DEBUG - row 682: [12, -100.0, -100.0, -35.0, -100.0, -100.0]
2025-07-16 03:23:00,392 - [learn.AI/learn] - DEBUG - row 683: [12, -100.0, -51.0, -34.0, -57.0, -61.0]
2025-07-16 03:23:00,392 - [learn.AI/learn] - DEBUG - row 684: [12, -55.0, -42.0, -47.0, -56.0, -57.0]
2025-07-16 03:23:00,392 - [learn.AI/learn] - DEBUG - row 685: [12, -100.0, -100.0, -48.0, -53.0, -58.0]
2025-07-16 03:23:00,392 - [learn.AI/learn] - DEBUG - row 686: [12, -59.0, -49.0, -39.0, -60.0, -59.0]
2025-07-16 03:23:00,392 - [learn.AI/learn] - DEBUG - row 687: [12, -59.0, -54.0, -40.0, -100.0, -100.0]
2025-07-16 03:23:00,392 - [learn.AI/learn] - DEBUG - row 688: [12, -100.0, -49.0, -47.0, -53.0, -100.0]
2025-07-16 03:23:00,392 - [learn.AI/learn] - DEBUG - row 689: [12, -100.0, -51.0, -35.0, -59.0, -62.0]
2025-07-16 03:23:00,392 - [learn.AI/learn] - DEBUG - row 690: [12, -100.0, -54.0, -35.0, -100.0, -100.0]
2025-07-16 03:23:00,392 - [learn.AI/learn] - DEBUG - row 691: [12, -55.0, -100.0, -35.0, -57.0, -100.0]
2025-07-16 03:23:00,392 - [learn.AI/learn] - DEBUG - row 692: [12, -48.0, -46.0, -41.0, -53.0, -100.0]
2025-07-16 03:23:00,392 - [learn.AI/learn] - DEBUG - row 693: [12, -100.0, -46.0, -46.0, -100.0, -100.0]
2025-07-16 03:23:00,392 - [learn.AI/learn] - DEBUG - Total rows: 694, skipped 0
2025-07-16 03:23:00,394 - [learn.AI/learn] - DEBUG - Using 9 models: ['Nearest Neighbors', 'Linear SVM', 'RBF SVM', 'Decision Tree', 'Random Forest', 'Neural Net', 'AdaBoost', 'Naive Bayes', 'QDA']
2025-07-16 03:23:00,394 - [learn.AI/learn] - DEBUG - learning Nearest Neighbors
2025-07-16 03:23:00,397 - [learn.AI/learn] - DEBUG - learned Nearest Neighbors, -3 ms
2025-07-16 03:23:00,397 - [learn.AI/learn] - DEBUG - learning Linear SVM
2025-07-16 03:23:00,530 - [learn.AI/learn] - DEBUG - learned Linear SVM, -132 ms
2025-07-16 03:23:00,530 - [learn.AI/learn] - DEBUG - learning RBF SVM
2025-07-16 03:23:00,665 - [learn.AI/learn] - DEBUG - learned RBF SVM, -134 ms
2025-07-16 03:23:00,665 - [learn.AI/learn] - DEBUG - learning Decision Tree
2025-07-16 03:23:00,667 - [learn.AI/learn] - DEBUG - learned Decision Tree, -2 ms
2025-07-16 03:23:00,668 - [learn.AI/learn] - DEBUG - learning Random Forest
2025-07-16 03:23:00,679 - [learn.AI/learn] - DEBUG - learned Random Forest, -11 ms
2025-07-16 03:23:00,679 - [learn.AI/learn] - DEBUG - learning Neural Net
2025-07-16 03:23:00,814 - [learn.AI/learn] - DEBUG - learned Neural Net, -134 ms
2025-07-16 03:23:00,814 - [learn.AI/learn] - DEBUG - learning AdaBoost
2025-07-16 03:23:00,891 - [learn.AI/learn] - DEBUG - learned AdaBoost, -76 ms
2025-07-16 03:23:00,891 - [learn.AI/learn] - DEBUG - learning Naive Bayes
2025-07-16 03:23:00,892 - [learn.AI/learn] - DEBUG - learned Naive Bayes, -1 ms
2025-07-16 03:23:00,892 - [learn.AI/learn] - DEBUG - learning QDA
2025-07-16 03:23:00,901 - [learn.AI/learn] - DEBUG - learned QDA, -8 ms
2025-07-16 03:23:00,902 - [learn.AI/learn] - DEBUG - -562 ms
2025-07-16 03:23:00,983 - [learn.AI/save] - DEBUG - -80 ms
127.0.0.1 - - [16/Jul/2025 03:23:00] "POST /learn HTTP/1.1" 200 -
2025-07-16 03:23:00,995 - [learn.AI/classify] - DEBUG - Using 5 features to classify!
2025-07-16 03:23:01,002 - [server/classify] - DEBUG - classifed for raaise-18-06 -7 ms
127.0.0.1 - - [16/Jul/2025 03:23:01] "POST /classify HTTP/1.1" 200 -
2025-07-16 03:23:01,008 - [learn.AI/classify] - DEBUG - Using 5 features to classify!
2025-07-16 03:23:01,009 - [server/classify] - DEBUG - classifed for raaise-18-06 0 ms
127.0.0.1 - - [16/Jul/2025 03:23:01] "POST /classify HTTP/1.1" 200 -
2025-07-16 03:23:01,015 - [learn.AI/classify] - DEBUG - Using 5 features to classify!
2025-07-16 03:23:01,015 - [server/classify] - DEBUG - classifed for raaise-18-06 0 ms
127.0.0.1 - - [16/Jul/2025 03:23:01] "POST /classify HTTP/1.1" 200 -
2025-07-16 03:23:01,017 - [learn.AI/classify] - DEBUG - Using 5 features to classify!
2025-07-16 03:23:01,022 - [learn.AI/classify] - DEBUG - Using 5 features to classify!
2025-07-16 03:23:01,046 - [server/classify] - DEBUG - classifed for raaise-18-06 -29 ms
127.0.0.1 - - [16/Jul/2025 03:23:01] "POST /classify HTTP/1.1" 200 -
2025-07-16 03:23:01,048 - [server/classify] - DEBUG - classifed for raaise-18-06 -26 ms
127.0.0.1 - - [16/Jul/2025 03:23:01] "POST /classify HTTP/1.1" 200 -
2025-07-16 03:23:01,050 - [learn.AI/classify] - DEBUG - Using 5 features to classify!
2025-07-16 03:23:01,050 - [server/classify] - DEBUG - classifed for raaise-18-06 0 ms
127.0.0.1 - - [16/Jul/2025 03:23:01] "POST /classify HTTP/1.1" 200 -
2025-07-16 03:23:01,054 - [learn.AI/classify] - DEBUG - Using 5 features to classify!
2025-07-16 03:23:01,071 - [learn.AI/classify] - DEBUG - Using 5 features to classify!
2025-07-16 03:23:01,077 - [learn.AI/classify] - DEBUG - Using 5 features to classify!
2025-07-16 03:23:01,077 - [server/classify] - DEBUG - classifed for raaise-18-06 0 ms
127.0.0.1 - - [16/Jul/2025 03:23:01] "POST /classify HTTP/1.1" 200 -
2025-07-16 03:23:01,081 - [learn.AI/classify] - DEBUG - Using 5 features to classify!
2025-07-16 03:23:01,091 - [learn.AI/classify] - DEBUG - Using 5 features to classify!
2025-07-16 03:23:01,093 - [server/classify] - DEBUG - classifed for raaise-18-06 -2 ms
127.0.0.1 - - [16/Jul/2025 03:23:01] "POST /classify HTTP/1.1" 200 -
2025-07-16 03:23:01,158 - [server/classify] - DEBUG - classifed for raaise-18-06 -104 ms
127.0.0.1 - - [16/Jul/2025 03:23:01] "POST /classify HTTP/1.1" 200 -
2025-07-16 03:23:01,168 - [server/classify] - DEBUG - classifed for raaise-18-06 -97 ms
127.0.0.1 - - [16/Jul/2025 03:23:01] "POST /classify HTTP/1.1" 200 -
2025-07-16 03:23:01,196 - [server/classify] - DEBUG - classifed for raaise-18-06 -114 ms
127.0.0.1 - - [16/Jul/2025 03:23:01] "POST /classify HTTP/1.1" 200 -
2025-07-16 03:23:01,208 - [learn.AI/classify] - DEBUG - Using 5 features to classify!
2025-07-16 03:23:01,271 - [server/classify] - DEBUG - classifed for raaise-18-06 -62 ms
127.0.0.1 - - [16/Jul/2025 03:23:01] "POST /classify HTTP/1.1" 200 -
2025-07-16 03:23:01,371 - [learn.AI/classify] - DEBUG - Using 5 features to classify!
2025-07-16 03:23:01,441 - [server/classify] - DEBUG - classifed for raaise-18-06 -70 ms
127.0.0.1 - - [16/Jul/2025 03:23:01] "POST /classify HTTP/1.1" 200 -
2025-07-16 03:23:01,486 - [learn.AI/classify] - DEBUG - Using 5 features to classify!
2025-07-16 03:23:01,579 - [server/classify] - DEBUG - classifed for raaise-18-06 -92 ms
127.0.0.1 - - [16/Jul/2025 03:23:01] "POST /classify HTTP/1.1" 200 -
2025-07-16 03:23:02,939 - [learn.AI/classify] - DEBUG - Using 5 features to classify!
2025-07-16 03:23:02,939 - [server/classify] - DEBUG - classifed for raaise-18-06 0 ms
127.0.0.1 - - [16/Jul/2025 03:23:02] "POST /classify HTTP/1.1" 200 -
2025-07-16 03:23:03,182 - [learn.AI/classify] - DEBUG - Using 5 features to classify!
2025-07-16 03:23:03,212 - [server/classify] - DEBUG - classifed for raaise-18-06 -30 ms
127.0.0.1 - - [16/Jul/2025 03:23:03] "POST /classify HTTP/1.1" 200 -
2025-07-16 03:23:03,333 - [learn.AI/classify] - DEBUG - Using 5 features to classify!
2025-07-16 03:23:03,334 - [learn.AI/classify] - DEBUG - Using 5 features to classify!
2025-07-16 03:23:03,403 - [server/classify] - DEBUG - classifed for raaise-18-06 -68 ms
127.0.0.1 - - [16/Jul/2025 03:23:03] "POST /classify HTTP/1.1" 200 -
2025-07-16 03:23:03,404 - [learn.AI/classify] - DEBUG - Using 5 features to classify!
2025-07-16 03:23:03,404 - [server/classify] - DEBUG - classifed for raaise-18-06 -70 ms
127.0.0.1 - - [16/Jul/2025 03:23:03] "POST /classify HTTP/1.1" 200 -
2025-07-16 03:23:03,404 - [server/classify] - DEBUG - classifed for raaise-18-06 0 ms
127.0.0.1 - - [16/Jul/2025 03:23:03] "POST /classify HTTP/1.1" 200 -
2025-07-16 03:23:03,414 - [learn.AI/classify] - DEBUG - Using 5 features to classify!
2025-07-16 03:23:03,417 - [learn.AI/classify] - DEBUG - Using 5 features to classify!
2025-07-16 03:23:03,480 - [learn.AI/classify] - DEBUG - Using 5 features to classify!
2025-07-16 03:23:03,482 - [server/classify] - DEBUG - classifed for raaise-18-06 -68 ms
127.0.0.1 - - [16/Jul/2025 03:23:03] "POST /classify HTTP/1.1" 200 -
2025-07-16 03:23:03,491 - [server/classify] - DEBUG - classifed for raaise-18-06 -73 ms
127.0.0.1 - - [16/Jul/2025 03:23:03] "POST /classify HTTP/1.1" 200 -
2025-07-16 03:23:03,558 - [server/classify] - DEBUG - classifed for raaise-18-06 -77 ms
127.0.0.1 - - [16/Jul/2025 03:23:03] "POST /classify HTTP/1.1" 200 -
2025-07-16 03:23:03,623 - [learn.AI/classify] - DEBUG - Using 5 features to classify!
2025-07-16 03:23:03,694 - [server/classify] - DEBUG - classifed for raaise-18-06 -71 ms
127.0.0.1 - - [16/Jul/2025 03:23:03] "POST /classify HTTP/1.1" 200 -
2025-07-16 03:23:03,745 - [learn.AI/classify] - DEBUG - Using 5 features to classify!
2025-07-16 03:23:03,816 - [server/classify] - DEBUG - classifed for raaise-18-06 -71 ms
127.0.0.1 - - [16/Jul/2025 03:23:03] "POST /classify HTTP/1.1" 200 -
2025-07-16 03:23:03,970 - [learn.AI/classify] - DEBUG - Using 5 features to classify!
2025-07-16 03:23:03,970 - [server/classify] - DEBUG - classifed for raaise-18-06 0 ms
127.0.0.1 - - [16/Jul/2025 03:23:03] "POST /classify HTTP/1.1" 200 -
2025-07-16 03:23:04,361 - [learn.AI/classify] - DEBUG - Using 5 features to classify!
2025-07-16 03:23:04,420 - [learn.AI/classify] - DEBUG - Using 5 features to classify!
2025-07-16 03:23:04,432 - [server/classify] - DEBUG - classifed for raaise-18-06 -71 ms
127.0.0.1 - - [16/Jul/2025 03:23:04] "POST /classify HTTP/1.1" 200 -
2025-07-16 03:23:04,478 - [learn.AI/classify] - DEBUG - Using 5 features to classify!
2025-07-16 03:23:04,491 - [server/classify] - DEBUG - classifed for raaise-18-06 -71 ms
127.0.0.1 - - [16/Jul/2025 03:23:04] "POST /classify HTTP/1.1" 200 -
2025-07-16 03:23:04,550 - [server/classify] - DEBUG - classifed for raaise-18-06 -71 ms
127.0.0.1 - - [16/Jul/2025 03:23:04] "POST /classify HTTP/1.1" 200 -
2025-07-16 03:23:04,605 - [learn.AI/classify] - DEBUG - Using 5 features to classify!
2025-07-16 03:23:04,668 - [server/classify] - DEBUG - classifed for raaise-18-06 -62 ms
127.0.0.1 - - [16/Jul/2025 03:23:04] "POST /classify HTTP/1.1" 200 -
2025-07-16 03:23:04,689 - [learn.AI/classify] - DEBUG - Using 5 features to classify!
2025-07-16 03:23:04,755 - [server/classify] - DEBUG - classifed for raaise-18-06 -65 ms
127.0.0.1 - - [16/Jul/2025 03:23:04] "POST /classify HTTP/1.1" 200 -
2025-07-16 03:23:04,844 - [learn.AI/classify] - DEBUG - Using 5 features to classify!
2025-07-16 03:23:04,844 - [server/classify] - DEBUG - classifed for raaise-18-06 0 ms
127.0.0.1 - - [16/Jul/2025 03:23:04] "POST /classify HTTP/1.1" 200 -
2025-07-16 03:23:04,865 - [learn.AI/classify] - DEBUG - Using 5 features to classify!
2025-07-16 03:23:04,946 - [server/classify] - DEBUG - classifed for raaise-18-06 -80 ms
127.0.0.1 - - [16/Jul/2025 03:23:04] "POST /classify HTTP/1.1" 200 -
2025-07-16 03:23:05,038 - [learn.AI/classify] - DEBUG - Using 5 features to classify!
2025-07-16 03:23:05,100 - [server/classify] - DEBUG - classifed for raaise-18-06 -61 ms
127.0.0.1 - - [16/Jul/2025 03:23:05] "POST /classify HTTP/1.1" 200 -
2025-07-16 03:23:05,211 - [learn.AI/classify] - DEBUG - Using 5 features to classify!
2025-07-16 03:23:05,282 - [server/classify] - DEBUG - classifed for raaise-18-06 -70 ms
127.0.0.1 - - [16/Jul/2025 03:23:05] "POST /classify HTTP/1.1" 200 -
2025-07-16 03:23:05,465 - [learn.AI/classify] - DEBUG - Using 5 features to classify!
2025-07-16 03:23:05,465 - [server/classify] - DEBUG - classifed for raaise-18-06 0 ms
127.0.0.1 - - [16/Jul/2025 03:23:05] "POST /classify HTTP/1.1" 200 -
2025-07-16 03:23:05,466 - [learn.AI/classify] - DEBUG - Using 5 features to classify!
2025-07-16 03:23:05,525 - [server/classify] - DEBUG - classifed for raaise-18-06 -59 ms
127.0.0.1 - - [16/Jul/2025 03:23:05] "POST /classify HTTP/1.1" 200 -
2025-07-16 03:23:05,644 - [learn.AI/classify] - DEBUG - Using 5 features to classify!
2025-07-16 03:23:05,712 - [server/classify] - DEBUG - classifed for raaise-18-06 -67 ms
127.0.0.1 - - [16/Jul/2025 03:23:05] "POST /classify HTTP/1.1" 200 -
2025-07-16 03:23:05,807 - [learn.AI/classify] - DEBUG - Using 5 features to classify!
2025-07-16 03:23:05,871 - [server/classify] - DEBUG - classifed for raaise-18-06 -64 ms
127.0.0.1 - - [16/Jul/2025 03:23:05] "POST /classify HTTP/1.1" 200 -
2025-07-16 03:23:05,950 - [learn.AI/classify] - DEBUG - Using 5 features to classify!
2025-07-16 03:23:06,010 - [learn.AI/classify] - DEBUG - Using 5 features to classify!
2025-07-16 03:23:06,021 - [server/classify] - DEBUG - classifed for raaise-18-06 -70 ms
127.0.0.1 - - [16/Jul/2025 03:23:06] "POST /classify HTTP/1.1" 200 -
2025-07-16 03:23:06,049 - [server/classify] - DEBUG - classifed for raaise-18-06 -40 ms
127.0.0.1 - - [16/Jul/2025 03:23:06] "POST /classify HTTP/1.1" 200 -
2025-07-16 03:23:06,124 - [learn.AI/classify] - DEBUG - Using 5 features to classify!
2025-07-16 03:23:06,175 - [server/classify] - DEBUG - classifed for raaise-18-06 -51 ms
127.0.0.1 - - [16/Jul/2025 03:23:06] "POST /classify HTTP/1.1" 200 -
2025-07-16 03:23:06,370 - [learn.AI/classify] - DEBUG - Using 5 features to classify!
2025-07-16 03:23:06,441 - [server/classify] - DEBUG - classifed for raaise-18-06 -71 ms
127.0.0.1 - - [16/Jul/2025 03:23:06] "POST /classify HTTP/1.1" 200 -
2025-07-16 03:23:06,500 - [learn.AI/classify] - DEBUG - Using 5 features to classify!
2025-07-16 03:23:06,560 - [server/classify] - DEBUG - classifed for raaise-18-06 -60 ms
127.0.0.1 - - [16/Jul/2025 03:23:06] "POST /classify HTTP/1.1" 200 -
2025-07-16 03:23:06,634 - [learn.AI/classify] - DEBUG - Using 5 features to classify!
2025-07-16 03:23:06,640 - [server/classify] - DEBUG - classifed for raaise-18-06 -6 ms
127.0.0.1 - - [16/Jul/2025 03:23:06] "POST /classify HTTP/1.1" 200 -
2025-07-16 03:23:06,712 - [learn.AI/classify] - DEBUG - Using 5 features to classify!
2025-07-16 03:23:06,794 - [server/classify] - DEBUG - classifed for raaise-18-06 -82 ms
127.0.0.1 - - [16/Jul/2025 03:23:06] "POST /classify HTTP/1.1" 200 -
2025-07-16 03:23:06,885 - [learn.AI/classify] - DEBUG - Using 5 features to classify!
2025-07-16 03:23:06,886 - [server/classify] - DEBUG - classifed for raaise-18-06 0 ms
127.0.0.1 - - [16/Jul/2025 03:23:06] "POST /classify HTTP/1.1" 200 -
2025-07-16 03:23:06,929 - [learn.AI/classify] - DEBUG - Using 5 features to classify!
2025-07-16 03:23:06,929 - [server/classify] - DEBUG - classifed for raaise-18-06 0 ms
127.0.0.1 - - [16/Jul/2025 03:23:06] "POST /classify HTTP/1.1" 200 -
2025-07-16 03:23:07,059 - [learn.AI/classify] - DEBUG - Using 5 features to classify!
2025-07-16 03:23:07,112 - [server/classify] - DEBUG - classifed for raaise-18-06 -53 ms
127.0.0.1 - - [16/Jul/2025 03:23:07] "POST /classify HTTP/1.1" 200 -
2025-07-16 03:23:07,211 - [learn.AI/classify] - DEBUG - Using 5 features to classify!
2025-07-16 03:23:07,248 - [server/classify] - DEBUG - classifed for raaise-18-06 -37 ms
127.0.0.1 - - [16/Jul/2025 03:23:07] "POST /classify HTTP/1.1" 200 -
2025-07-16 03:23:07,286 - [learn.AI/classify] - DEBUG - Using 5 features to classify!
2025-07-16 03:23:07,286 - [server/classify] - DEBUG - classifed for raaise-18-06 0 ms
127.0.0.1 - - [16/Jul/2025 03:23:07] "POST /classify HTTP/1.1" 200 -
2025-07-16 03:23:07,369 - [learn.AI/classify] - DEBUG - Using 5 features to classify!
2025-07-16 03:23:07,369 - [server/classify] - DEBUG - classifed for raaise-18-06 0 ms
127.0.0.1 - - [16/Jul/2025 03:23:07] "POST /classify HTTP/1.1" 200 -
2025-07-16 03:23:07,420 - [learn.AI/classify] - DEBUG - Using 5 features to classify!
2025-07-16 03:23:07,420 - [server/classify] - DEBUG - classifed for raaise-18-06 0 ms
127.0.0.1 - - [16/Jul/2025 03:23:07] "POST /classify HTTP/1.1" 200 -
2025-07-16 03:23:07,585 - [learn.AI/classify] - DEBUG - Using 5 features to classify!
2025-07-16 03:23:07,606 - [learn.AI/classify] - DEBUG - Using 5 features to classify!
2025-07-16 03:23:07,650 - [server/classify] - DEBUG - classifed for raaise-18-06 -64 ms
127.0.0.1 - - [16/Jul/2025 03:23:07] "POST /classify HTTP/1.1" 200 -
2025-07-16 03:23:07,674 - [server/classify] - DEBUG - classifed for raaise-18-06 -68 ms
127.0.0.1 - - [16/Jul/2025 03:23:07] "POST /classify HTTP/1.1" 200 -
2025-07-16 03:23:07,790 - [learn.AI/classify] - DEBUG - Using 5 features to classify!
2025-07-16 03:23:07,811 - [learn.AI/classify] - DEBUG - Using 5 features to classify!
2025-07-16 03:23:07,845 - [server/classify] - DEBUG - classifed for raaise-18-06 -55 ms
127.0.0.1 - - [16/Jul/2025 03:23:07] "POST /classify HTTP/1.1" 200 -
2025-07-16 03:23:07,851 - [server/classify] - DEBUG - classifed for raaise-18-06 -40 ms
127.0.0.1 - - [16/Jul/2025 03:23:07] "POST /classify HTTP/1.1" 200 -
2025-07-16 03:23:07,924 - [learn.AI/classify] - DEBUG - Using 5 features to classify!
2025-07-16 03:23:07,924 - [server/classify] - DEBUG - classifed for raaise-18-06 0 ms
127.0.0.1 - - [16/Jul/2025 03:23:07] "POST /classify HTTP/1.1" 200 -
2025-07-16 03:23:08,017 - [learn.AI/classify] - DEBUG - Using 5 features to classify!
2025-07-16 03:23:08,017 - [server/classify] - DEBUG - classifed for raaise-18-06 0 ms
127.0.0.1 - - [16/Jul/2025 03:23:08] "POST /classify HTTP/1.1" 200 -
2025-07-16 03:23:08,208 - [learn.AI/classify] - DEBUG - Using 5 features to classify!
2025-07-16 03:23:08,274 - [server/classify] - DEBUG - classifed for raaise-18-06 -65 ms
127.0.0.1 - - [16/Jul/2025 03:23:08] "POST /classify HTTP/1.1" 200 -
2025-07-16 03:23:08,481 - [learn.AI/classify] - DEBUG - Using 5 features to classify!
2025-07-16 03:23:08,481 - [server/classify] - DEBUG - classifed for raaise-18-06 0 ms
127.0.0.1 - - [16/Jul/2025 03:23:08] "POST /classify HTTP/1.1" 200 -
2025-07-16 03:23:08,482 - [learn.AI/classify] - DEBUG - Using 5 features to classify!
2025-07-16 03:23:08,482 - [server/classify] - DEBUG - classifed for raaise-18-06 0 ms
127.0.0.1 - - [16/Jul/2025 03:23:08] "POST /classify HTTP/1.1" 200 -
2025-07-16 03:23:08,563 - [learn.AI/classify] - DEBUG - Using 5 features to classify!
2025-07-16 03:23:08,564 - [server/classify] - DEBUG - classifed for raaise-18-06 0 ms
127.0.0.1 - - [16/Jul/2025 03:23:08] "POST /classify HTTP/1.1" 200 -
2025-07-16 03:23:08,649 - [learn.AI/classify] - DEBUG - Using 5 features to classify!
2025-07-16 03:23:08,649 - [server/classify] - DEBUG - classifed for raaise-18-06 0 ms
127.0.0.1 - - [16/Jul/2025 03:23:08] "POST /classify HTTP/1.1" 200 -
2025-07-16 03:23:08,977 - [learn.AI/classify] - DEBUG - Using 5 features to classify!
2025-07-16 03:23:08,977 - [server/classify] - DEBUG - classifed for raaise-18-06 0 ms
127.0.0.1 - - [16/Jul/2025 03:23:08] "POST /classify HTTP/1.1" 200 -
2025-07-16 03:23:09,094 - [learn.AI/classify] - DEBUG - Using 5 features to classify!
2025-07-16 03:23:09,095 - [learn.AI/classify] - DEBUG - Using 5 features to classify!
2025-07-16 03:23:09,095 - [learn.AI/classify] - DEBUG - Using 5 features to classify!
2025-07-16 03:23:09,190 - [server/classify] - DEBUG - classifed for raaise-18-06 -94 ms
127.0.0.1 - - [16/Jul/2025 03:23:09] "POST /classify HTTP/1.1" 200 -
2025-07-16 03:23:09,191 - [server/classify] - DEBUG - classifed for raaise-18-06 -97 ms
127.0.0.1 - - [16/Jul/2025 03:23:09] "POST /classify HTTP/1.1" 200 -
2025-07-16 03:23:09,203 - [server/classify] - DEBUG - classifed for raaise-18-06 -107 ms
127.0.0.1 - - [16/Jul/2025 03:23:09] "POST /classify HTTP/1.1" 200 -
2025-07-16 03:23:09,285 - [learn.AI/classify] - DEBUG - Using 5 features to classify!
2025-07-16 03:23:09,371 - [server/classify] - DEBUG - classifed for raaise-18-06 -86 ms
127.0.0.1 - - [16/Jul/2025 03:23:09] "POST /classify HTTP/1.1" 200 -
2025-07-16 03:23:09,396 - [learn.AI/classify] - DEBUG - Using 5 features to classify!
2025-07-16 03:23:09,396 - [server/classify] - DEBUG - classifed for raaise-18-06 0 ms
127.0.0.1 - - [16/Jul/2025 03:23:09] "POST /classify HTTP/1.1" 200 -
2025-07-16 03:23:09,493 - [learn.AI/classify] - DEBUG - Using 5 features to classify!
2025-07-16 03:23:09,563 - [server/classify] - DEBUG - classifed for raaise-18-06 -70 ms
127.0.0.1 - - [16/Jul/2025 03:23:09] "POST /classify HTTP/1.1" 200 -
2025-07-16 03:23:09,770 - [learn.AI/classify] - DEBUG - Using 5 features to classify!
2025-07-16 03:23:09,771 - [learn.AI/classify] - DEBUG - Using 5 features to classify!
2025-07-16 03:23:09,782 - [server/classify] - DEBUG - classifed for raaise-18-06 -11 ms
127.0.0.1 - - [16/Jul/2025 03:23:09] "POST /classify HTTP/1.1" 200 -
2025-07-16 03:23:09,787 - [server/classify] - DEBUG - classifed for raaise-18-06 -15 ms
127.0.0.1 - - [16/Jul/2025 03:23:09] "POST /classify HTTP/1.1" 200 -
2025-07-16 03:23:09,928 - [learn.AI/classify] - DEBUG - Using 5 features to classify!
2025-07-16 03:23:09,929 - [server/classify] - DEBUG - classifed for raaise-18-06 0 ms
127.0.0.1 - - [16/Jul/2025 03:23:09] "POST /classify HTTP/1.1" 200 -
2025-07-16 03:23:10,199 - [learn.AI/classify] - DEBUG - Using 5 features to classify!
2025-07-16 03:23:10,200 - [server/classify] - DEBUG - classifed for raaise-18-06 0 ms
127.0.0.1 - - [16/Jul/2025 03:23:10] "POST /classify HTTP/1.1" 200 -
2025-07-16 03:23:10,420 - [learn.AI/classify] - DEBUG - Using 5 features to classify!
2025-07-16 03:23:10,478 - [server/classify] - DEBUG - classifed for raaise-18-06 -57 ms
127.0.0.1 - - [16/Jul/2025 03:23:10] "POST /classify HTTP/1.1" 200 -
2025-07-16 03:23:10,601 - [learn.AI/classify] - DEBUG - Using 5 features to classify!
2025-07-16 03:23:10,601 - [server/classify] - DEBUG - classifed for raaise-18-06 0 ms
127.0.0.1 - - [16/Jul/2025 03:23:10] "POST /classify HTTP/1.1" 200 -
2025-07-16 03:23:10,685 - [learn.AI/classify] - DEBUG - Using 5 features to classify!
2025-07-16 03:23:10,686 - [server/classify] - DEBUG - classifed for raaise-18-06 0 ms
127.0.0.1 - - [16/Jul/2025 03:23:10] "POST /classify HTTP/1.1" 200 -
2025-07-16 03:23:10,742 - [learn.AI/classify] - DEBUG - Using 5 features to classify!
2025-07-16 03:23:10,742 - [server/classify] - DEBUG - classifed for raaise-18-06 0 ms
127.0.0.1 - - [16/Jul/2025 03:23:10] "POST /classify HTTP/1.1" 200 -
2025-07-16 03:23:11,039 - [learn.AI/classify] - DEBUG - Using 5 features to classify!
2025-07-16 03:23:11,061 - [server/classify] - DEBUG - classifed for raaise-18-06 -22 ms
127.0.0.1 - - [16/Jul/2025 03:23:11] "POST /classify HTTP/1.1" 200 -
2025-07-16 03:23:11,124 - [learn.AI/classify] - DEBUG - Using 5 features to classify!
2025-07-16 03:23:11,171 - [server/classify] - DEBUG - classifed for raaise-18-06 -49 ms
127.0.0.1 - - [16/Jul/2025 03:23:11] "POST /classify HTTP/1.1" 200 -
2025-07-16 03:23:11,173 - [learn.AI/classify] - DEBUG - Using 5 features to classify!
2025-07-16 03:23:11,173 - [server/classify] - DEBUG - classifed for raaise-18-06 0 ms
127.0.0.1 - - [16/Jul/2025 03:23:11] "POST /classify HTTP/1.1" 200 -
2025-07-16 03:23:11,264 - [learn.AI/classify] - DEBUG - Using 5 features to classify!
2025-07-16 03:23:11,265 - [learn.AI/classify] - DEBUG - Using 5 features to classify!
2025-07-16 03:23:11,273 - [server/classify] - DEBUG - classifed for raaise-18-06 -9 ms
127.0.0.1 - - [16/Jul/2025 03:23:11] "POST /classify HTTP/1.1" 200 -
2025-07-16 03:23:11,281 - [server/classify] - DEBUG - classifed for raaise-18-06 -16 ms
127.0.0.1 - - [16/Jul/2025 03:23:11] "POST /classify HTTP/1.1" 200 -
2025-07-16 03:23:11,488 - [learn.AI/classify] - DEBUG - Using 5 features to classify!
2025-07-16 03:23:11,489 - [learn.AI/classify] - DEBUG - Using 5 features to classify!
2025-07-16 03:23:11,591 - [server/classify] - DEBUG - classifed for raaise-18-06 -102 ms
127.0.0.1 - - [16/Jul/2025 03:23:11] "POST /classify HTTP/1.1" 200 -
2025-07-16 03:23:11,598 - [server/classify] - DEBUG - classifed for raaise-18-06 -109 ms
127.0.0.1 - - [16/Jul/2025 03:23:11] "POST /classify HTTP/1.1" 200 -
2025-07-16 03:23:11,720 - [learn.AI/classify] - DEBUG - Using 5 features to classify!
2025-07-16 03:23:11,770 - [server/classify] - DEBUG - classifed for raaise-18-06 -50 ms
127.0.0.1 - - [16/Jul/2025 03:23:11] "POST /classify HTTP/1.1" 200 -
2025-07-16 03:23:12,026 - [learn.AI/classify] - DEBUG - Using 5 features to classify!
2025-07-16 03:23:12,086 - [server/classify] - DEBUG - classifed for raaise-18-06 -60 ms
127.0.0.1 - - [16/Jul/2025 03:23:12] "POST /classify HTTP/1.1" 200 -
2025-07-16 03:23:12,377 - [learn.AI/classify] - DEBUG - Using 5 features to classify!
2025-07-16 03:23:12,497 - [server/classify] - DEBUG - classifed for raaise-18-06 -120 ms
127.0.0.1 - - [16/Jul/2025 03:23:12] "POST /classify HTTP/1.1" 200 -
2025-07-16 03:23:12,911 - [learn.AI/classify] - DEBUG - Using 5 features to classify!
2025-07-16 03:23:12,912 - [server/classify] - DEBUG - classifed for raaise-18-06 0 ms
127.0.0.1 - - [16/Jul/2025 03:23:12] "POST /classify HTTP/1.1" 200 -
2025-07-16 03:23:13,232 - [learn.AI/classify] - DEBUG - Using 5 features to classify!
2025-07-16 03:23:13,297 - [server/classify] - DEBUG - classifed for raaise-18-06 -65 ms
127.0.0.1 - - [16/Jul/2025 03:23:13] "POST /classify HTTP/1.1" 200 -
2025-07-16 03:23:13,531 - [learn.AI/classify] - DEBUG - Using 5 features to classify!
2025-07-16 03:23:13,603 - [server/classify] - DEBUG - classifed for raaise-18-06 -72 ms
127.0.0.1 - - [16/Jul/2025 03:23:13] "POST /classify HTTP/1.1" 200 -
2025-07-16 03:23:13,768 - [learn.AI/classify] - DEBUG - Using 5 features to classify!
2025-07-16 03:23:13,769 - [learn.AI/classify] - DEBUG - Using 5 features to classify!
2025-07-16 03:23:13,839 - [server/classify] - DEBUG - classifed for raaise-18-06 -70 ms
127.0.0.1 - - [16/Jul/2025 03:23:13] "POST /classify HTTP/1.1" 200 -
2025-07-16 03:23:13,847 - [server/classify] - DEBUG - classifed for raaise-18-06 -78 ms
127.0.0.1 - - [16/Jul/2025 03:23:13] "POST /classify HTTP/1.1" 200 -
2025-07-16 03:23:13,914 - [learn.AI/classify] - DEBUG - Using 5 features to classify!
2025-07-16 03:23:13,914 - [server/classify] - DEBUG - classifed for raaise-18-06 0 ms
127.0.0.1 - - [16/Jul/2025 03:23:13] "POST /classify HTTP/1.1" 200 -
2025-07-16 03:23:13,915 - [learn.AI/classify] - DEBUG - Using 5 features to classify!
2025-07-16 03:23:13,994 - [server/classify] - DEBUG - classifed for raaise-18-06 -79 ms
127.0.0.1 - - [16/Jul/2025 03:23:13] "POST /classify HTTP/1.1" 200 -
2025-07-16 03:23:14,102 - [learn.AI/classify] - DEBUG - Using 5 features to classify!
2025-07-16 03:23:14,124 - [learn.AI/classify] - DEBUG - Using 5 features to classify!
2025-07-16 03:23:14,176 - [learn.AI/classify] - DEBUG - Using 5 features to classify!
2025-07-16 03:23:14,194 - [server/classify] - DEBUG - classifed for raaise-18-06 -92 ms
127.0.0.1 - - [16/Jul/2025 03:23:14] "POST /classify HTTP/1.1" 200 -
2025-07-16 03:23:14,220 - [server/classify] - DEBUG - classifed for raaise-18-06 -96 ms
127.0.0.1 - - [16/Jul/2025 03:23:14] "POST /classify HTTP/1.1" 200 -
2025-07-16 03:23:14,257 - [server/classify] - DEBUG - classifed for raaise-18-06 -81 ms
127.0.0.1 - - [16/Jul/2025 03:23:14] "POST /classify HTTP/1.1" 200 -
2025-07-16 03:23:14,316 - [learn.AI/classify] - DEBUG - Using 5 features to classify!
2025-07-16 03:23:14,384 - [server/classify] - DEBUG - classifed for raaise-18-06 -68 ms
127.0.0.1 - - [16/Jul/2025 03:23:14] "POST /classify HTTP/1.1" 200 -
2025-07-16 03:23:14,827 - [learn.AI/classify] - DEBUG - Using 5 features to classify!
2025-07-16 03:23:14,828 - [learn.AI/classify] - DEBUG - Using 5 features to classify!
2025-07-16 03:23:14,881 - [learn.AI/classify] - DEBUG - Using 5 features to classify!
2025-07-16 03:23:14,881 - [server/classify] - DEBUG - classifed for raaise-18-06 0 ms
127.0.0.1 - - [16/Jul/2025 03:23:14] "POST /classify HTTP/1.1" 200 -
2025-07-16 03:23:14,885 - [server/classify] - DEBUG - classifed for raaise-18-06 -58 ms
127.0.0.1 - - [16/Jul/2025 03:23:14] "POST /classify HTTP/1.1" 200 -
2025-07-16 03:23:14,903 - [server/classify] - DEBUG - classifed for raaise-18-06 -74 ms
127.0.0.1 - - [16/Jul/2025 03:23:14] "POST /classify HTTP/1.1" 200 -
2025-07-16 03:23:15,033 - [learn.AI/classify] - DEBUG - Using 5 features to classify!
2025-07-16 03:23:15,033 - [server/classify] - DEBUG - classifed for raaise-18-06 0 ms
127.0.0.1 - - [16/Jul/2025 03:23:15] "POST /classify HTTP/1.1" 200 -
2025-07-16 03:23:15,122 - [learn.AI/classify] - DEBUG - Using 5 features to classify!
2025-07-16 03:23:15,123 - [learn.AI/classify] - DEBUG - Using 5 features to classify!
2025-07-16 03:23:15,183 - [server/classify] - DEBUG - classifed for raaise-18-06 -60 ms
127.0.0.1 - - [16/Jul/2025 03:23:15] "POST /classify HTTP/1.1" 200 -
2025-07-16 03:23:15,191 - [server/classify] - DEBUG - classifed for raaise-18-06 -68 ms
127.0.0.1 - - [16/Jul/2025 03:23:15] "POST /classify HTTP/1.1" 200 -
2025-07-16 03:23:15,214 - [learn.AI/classify] - DEBUG - Using 5 features to classify!
2025-07-16 03:23:15,221 - [server/classify] - DEBUG - classifed for raaise-18-06 -6 ms
127.0.0.1 - - [16/Jul/2025 03:23:15] "POST /classify HTTP/1.1" 200 -
2025-07-16 03:23:15,275 - [learn.AI/classify] - DEBUG - Using 5 features to classify!
2025-07-16 03:23:15,315 - [server/classify] - DEBUG - classifed for raaise-18-06 -40 ms
127.0.0.1 - - [16/Jul/2025 03:23:15] "POST /classify HTTP/1.1" 200 -
2025-07-16 03:23:15,478 - [learn.AI/classify] - DEBUG - Using 5 features to classify!
2025-07-16 03:23:15,478 - [learn.AI/classify] - DEBUG - Using 5 features to classify!
2025-07-16 03:23:15,509 - [server/classify] - DEBUG - classifed for raaise-18-06 -30 ms
127.0.0.1 - - [16/Jul/2025 03:23:15] "POST /classify HTTP/1.1" 200 -
2025-07-16 03:23:15,510 - [server/classify] - DEBUG - classifed for raaise-18-06 -32 ms
127.0.0.1 - - [16/Jul/2025 03:23:15] "POST /classify HTTP/1.1" 200 -
2025-07-16 03:23:15,709 - [learn.AI/classify] - DEBUG - Using 5 features to classify!
2025-07-16 03:23:15,709 - [server/classify] - DEBUG - classifed for raaise-18-06 0 ms
127.0.0.1 - - [16/Jul/2025 03:23:15] "POST /classify HTTP/1.1" 200 -
2025-07-16 03:23:16,115 - [learn.AI/classify] - DEBUG - Using 5 features to classify!
2025-07-16 03:23:16,166 - [server/classify] - DEBUG - classifed for raaise-18-06 -51 ms
127.0.0.1 - - [16/Jul/2025 03:23:16] "POST /classify HTTP/1.1" 200 -
2025-07-16 03:23:16,273 - [learn.AI/classify] - DEBUG - Using 5 features to classify!
2025-07-16 03:23:16,334 - [server/classify] - DEBUG - classifed for raaise-18-06 -60 ms
127.0.0.1 - - [16/Jul/2025 03:23:16] "POST /classify HTTP/1.1" 200 -
2025-07-16 03:23:16,355 - [learn.AI/classify] - DEBUG - Using 5 features to classify!
2025-07-16 03:23:16,356 - [learn.AI/classify] - DEBUG - Using 5 features to classify!
2025-07-16 03:23:16,426 - [server/classify] - DEBUG - classifed for raaise-18-06 -70 ms
127.0.0.1 - - [16/Jul/2025 03:23:16] "POST /classify HTTP/1.1" 200 -
2025-07-16 03:23:16,436 - [server/classify] - DEBUG - classifed for raaise-18-06 -79 ms
127.0.0.1 - - [16/Jul/2025 03:23:16] "POST /classify HTTP/1.1" 200 -
2025-07-16 03:23:16,579 - [learn.AI/classify] - DEBUG - Using 5 features to classify!
2025-07-16 03:23:16,580 - [learn.AI/classify] - DEBUG - Using 5 features to classify!
2025-07-16 03:23:16,580 - [server/classify] - DEBUG - classifed for raaise-18-06 0 ms
127.0.0.1 - - [16/Jul/2025 03:23:16] "POST /classify HTTP/1.1" 200 -
2025-07-16 03:23:16,644 - [learn.AI/classify] - DEBUG - Using 5 features to classify!
2025-07-16 03:23:16,646 - [server/classify] - DEBUG - classifed for raaise-18-06 -66 ms
127.0.0.1 - - [16/Jul/2025 03:23:16] "POST /classify HTTP/1.1" 200 -
2025-07-16 03:23:16,703 - [server/classify] - DEBUG - classifed for raaise-18-06 -58 ms
127.0.0.1 - - [16/Jul/2025 03:23:16] "POST /classify HTTP/1.1" 200 -
2025-07-16 03:23:16,972 - [learn.AI/classify] - DEBUG - Using 5 features to classify!
2025-07-16 03:23:16,973 - [server/classify] - DEBUG - classifed for raaise-18-06 0 ms
127.0.0.1 - - [16/Jul/2025 03:23:16] "POST /classify HTTP/1.1" 200 -
2025-07-16 03:23:17,100 - [learn.AI/classify] - DEBUG - Using 5 features to classify!
2025-07-16 03:23:17,100 - [server/classify] - DEBUG - classifed for raaise-18-06 0 ms
127.0.0.1 - - [16/Jul/2025 03:23:17] "POST /classify HTTP/1.1" 200 -
2025-07-16 03:23:17,181 - [learn.AI/classify] - DEBUG - Using 5 features to classify!
2025-07-16 03:23:17,182 - [server/classify] - DEBUG - classifed for raaise-18-06 0 ms
127.0.0.1 - - [16/Jul/2025 03:23:17] "POST /classify HTTP/1.1" 200 -
2025-07-16 03:23:17,216 - [learn.AI/classify] - DEBUG - Using 5 features to classify!
2025-07-16 03:23:17,275 - [server/classify] - DEBUG - classifed for raaise-18-06 -58 ms
127.0.0.1 - - [16/Jul/2025 03:23:17] "POST /classify HTTP/1.1" 200 -
2025-07-16 03:23:17,324 - [learn.AI/classify] - DEBUG - Using 5 features to classify!
2025-07-16 03:23:17,324 - [server/classify] - DEBUG - classifed for raaise-18-06 0 ms
127.0.0.1 - - [16/Jul/2025 03:23:17] "POST /classify HTTP/1.1" 200 -
2025-07-16 03:23:17,392 - [learn.AI/classify] - DEBUG - Using 5 features to classify!
2025-07-16 03:23:17,392 - [server/classify] - DEBUG - classifed for raaise-18-06 0 ms
127.0.0.1 - - [16/Jul/2025 03:23:17] "POST /classify HTTP/1.1" 200 -
2025-07-16 03:23:17,449 - [learn.AI/classify] - DEBUG - Using 5 features to classify!
2025-07-16 03:23:17,502 - [learn.AI/classify] - DEBUG - Using 5 features to classify!
2025-07-16 03:23:17,503 - [learn.AI/classify] - DEBUG - Using 5 features to classify!
2025-07-16 03:23:17,503 - [server/classify] - DEBUG - classifed for raaise-18-06 0 ms
127.0.0.1 - - [16/Jul/2025 03:23:17] "POST /classify HTTP/1.1" 200 -
2025-07-16 03:23:17,519 - [server/classify] - DEBUG - classifed for raaise-18-06 -70 ms
127.0.0.1 - - [16/Jul/2025 03:23:17] "POST /classify HTTP/1.1" 200 -
2025-07-16 03:23:17,579 - [server/classify] - DEBUG - classifed for raaise-18-06 -77 ms
127.0.0.1 - - [16/Jul/2025 03:23:17] "POST /classify HTTP/1.1" 200 -
2025-07-16 03:23:17,882 - [learn.AI/classify] - DEBUG - Using 5 features to classify!
2025-07-16 03:23:17,914 - [learn.AI/classify] - DEBUG - Using 5 features to classify!
2025-07-16 03:23:17,914 - [server/classify] - DEBUG - classifed for raaise-18-06 0 ms
127.0.0.1 - - [16/Jul/2025 03:23:17] "POST /classify HTTP/1.1" 200 -
2025-07-16 03:23:17,948 - [server/classify] - DEBUG - classifed for raaise-18-06 -66 ms
127.0.0.1 - - [16/Jul/2025 03:23:17] "POST /classify HTTP/1.1" 200 -
2025-07-16 03:23:17,972 - [learn.AI/classify] - DEBUG - Using 5 features to classify!
2025-07-16 03:23:17,973 - [learn.AI/classify] - DEBUG - Using 5 features to classify!
2025-07-16 03:23:17,974 - [server/classify] - DEBUG - classifed for raaise-18-06 0 ms
127.0.0.1 - - [16/Jul/2025 03:23:17] "POST /classify HTTP/1.1" 200 -
2025-07-16 03:23:17,974 - [learn.AI/classify] - DEBUG - Using 5 features to classify!
2025-07-16 03:23:17,995 - [learn.AI/classify] - DEBUG - Using 5 features to classify!
2025-07-16 03:23:18,043 - [server/classify] - DEBUG - classifed for raaise-18-06 -70 ms
127.0.0.1 - - [16/Jul/2025 03:23:18] "POST /classify HTTP/1.1" 200 -
2025-07-16 03:23:18,046 - [server/classify] - DEBUG - classifed for raaise-18-06 -72 ms
127.0.0.1 - - [16/Jul/2025 03:23:18] "POST /classify HTTP/1.1" 200 -
2025-07-16 03:23:18,054 - [server/classify] - DEBUG - classifed for raaise-18-06 -59 ms
127.0.0.1 - - [16/Jul/2025 03:23:18] "POST /classify HTTP/1.1" 200 -
2025-07-16 03:23:18,477 - [learn.AI/classify] - DEBUG - Using 5 features to classify!
2025-07-16 03:23:18,477 - [server/classify] - DEBUG - classifed for raaise-18-06 0 ms
127.0.0.1 - - [16/Jul/2025 03:23:18] "POST /classify HTTP/1.1" 200 -
2025-07-16 03:23:18,478 - [learn.AI/classify] - DEBUG - Using 5 features to classify!
2025-07-16 03:23:18,478 - [server/classify] - DEBUG - classifed for raaise-18-06 0 ms
127.0.0.1 - - [16/Jul/2025 03:23:18] "POST /classify HTTP/1.1" 200 -
2025-07-16 03:23:18,879 - [learn.AI/classify] - DEBUG - Using 5 features to classify!
2025-07-16 03:23:18,894 - [learn.AI/classify] - DEBUG - Using 5 features to classify!
2025-07-16 03:23:18,894 - [server/classify] - DEBUG - classifed for raaise-18-06 0 ms
127.0.0.1 - - [16/Jul/2025 03:23:18] "POST /classify HTTP/1.1" 200 -
2025-07-16 03:23:18,947 - [server/classify] - DEBUG - classifed for raaise-18-06 -68 ms
127.0.0.1 - - [16/Jul/2025 03:23:18] "POST /classify HTTP/1.1" 200 -
2025-07-16 03:23:19,081 - [learn.AI/classify] - DEBUG - Using 5 features to classify!
2025-07-16 03:23:19,149 - [server/classify] - DEBUG - classifed for raaise-18-06 -68 ms
127.0.0.1 - - [16/Jul/2025 03:23:19] "POST /classify HTTP/1.1" 200 -
2025-07-16 03:23:19,228 - [learn.AI/classify] - DEBUG - Using 5 features to classify!
2025-07-16 03:23:19,228 - [server/classify] - DEBUG - classifed for raaise-18-06 0 ms
127.0.0.1 - - [16/Jul/2025 03:23:19] "POST /classify HTTP/1.1" 200 -
2025-07-16 03:23:19,338 - [learn.AI/classify] - DEBUG - Using 5 features to classify!
2025-07-16 03:23:19,339 - [server/classify] - DEBUG - classifed for raaise-18-06 0 ms
127.0.0.1 - - [16/Jul/2025 03:23:19] "POST /classify HTTP/1.1" 200 -
2025-07-16 03:23:19,378 - [learn.AI/classify] - DEBUG - Using 5 features to classify!
2025-07-16 03:23:19,378 - [server/classify] - DEBUG - classifed for raaise-18-06 0 ms
127.0.0.1 - - [16/Jul/2025 03:23:19] "POST /classify HTTP/1.1" 200 -
2025-07-16 03:23:19,444 - [learn.AI/classify] - DEBUG - Using 5 features to classify!
2025-07-16 03:23:19,444 - [server/classify] - DEBUG - classifed for raaise-18-06 0 ms
127.0.0.1 - - [16/Jul/2025 03:23:19] "POST /classify HTTP/1.1" 200 -
2025-07-16 03:23:19,445 - [learn.AI/classify] - DEBUG - Using 5 features to classify!
2025-07-16 03:23:19,473 - [server/classify] - DEBUG - classifed for raaise-18-06 -27 ms
127.0.0.1 - - [16/Jul/2025 03:23:19] "POST /classify HTTP/1.1" 200 -
2025-07-16 03:23:19,790 - [learn.AI/classify] - DEBUG - Using 5 features to classify!
2025-07-16 03:23:19,791 - [learn.AI/classify] - DEBUG - Using 5 features to classify!
2025-07-16 03:23:19,791 - [server/classify] - DEBUG - classifed for raaise-18-06 0 ms
127.0.0.1 - - [16/Jul/2025 03:23:19] "POST /classify HTTP/1.1" 200 -
2025-07-16 03:23:19,862 - [server/classify] - DEBUG - classifed for raaise-18-06 -72 ms
127.0.0.1 - - [16/Jul/2025 03:23:19] "POST /classify HTTP/1.1" 200 -
2025-07-16 03:23:19,875 - [learn.AI/classify] - DEBUG - Using 5 features to classify!
2025-07-16 03:23:19,875 - [server/classify] - DEBUG - classifed for raaise-18-06 0 ms
127.0.0.1 - - [16/Jul/2025 03:23:19] "POST /classify HTTP/1.1" 200 -
2025-07-16 03:23:19,876 - [learn.AI/classify] - DEBUG - Using 5 features to classify!
2025-07-16 03:23:19,876 - [learn.AI/classify] - DEBUG - Using 5 features to classify!
2025-07-16 03:23:19,949 - [server/classify] - DEBUG - classifed for raaise-18-06 -73 ms
127.0.0.1 - - [16/Jul/2025 03:23:19] "POST /classify HTTP/1.1" 200 -
2025-07-16 03:23:19,961 - [server/classify] - DEBUG - classifed for raaise-18-06 -84 ms
127.0.0.1 - - [16/Jul/2025 03:23:19] "POST /classify HTTP/1.1" 200 -
2025-07-16 03:23:20,091 - [learn.AI/classify] - DEBUG - Using 5 features to classify!
2025-07-16 03:23:20,091 - [server/classify] - DEBUG - classifed for raaise-18-06 0 ms
127.0.0.1 - - [16/Jul/2025 03:23:20] "POST /classify HTTP/1.1" 200 -
2025-07-16 03:23:20,260 - [learn.AI/classify] - DEBUG - Using 5 features to classify!
2025-07-16 03:23:20,273 - [server/classify] - DEBUG - classifed for raaise-18-06 -12 ms
127.0.0.1 - - [16/Jul/2025 03:23:20] "POST /classify HTTP/1.1" 200 -
2025-07-16 03:23:20,376 - [learn.AI/classify] - DEBUG - Using 5 features to classify!
2025-07-16 03:23:20,449 - [server/classify] - DEBUG - classifed for raaise-18-06 -73 ms
127.0.0.1 - - [16/Jul/2025 03:23:20] "POST /classify HTTP/1.1" 200 -
2025-07-16 03:23:20,460 - [learn.AI/classify] - DEBUG - Using 5 features to classify!
2025-07-16 03:23:20,510 - [server/classify] - DEBUG - classifed for raaise-18-06 -50 ms
127.0.0.1 - - [16/Jul/2025 03:23:20] "POST /classify HTTP/1.1" 200 -
2025-07-16 03:23:20,664 - [learn.AI/classify] - DEBUG - Using 5 features to classify!
2025-07-16 03:23:20,695 - [learn.AI/classify] - DEBUG - Using 5 features to classify!
2025-07-16 03:23:20,753 - [server/classify] - DEBUG - classifed for raaise-18-06 -88 ms
127.0.0.1 - - [16/Jul/2025 03:23:20] "POST /classify HTTP/1.1" 200 -
2025-07-16 03:23:20,760 - [server/classify] - DEBUG - classifed for raaise-18-06 -65 ms
127.0.0.1 - - [16/Jul/2025 03:23:20] "POST /classify HTTP/1.1" 200 -
2025-07-16 03:23:21,293 - [learn.AI/classify] - DEBUG - Using 5 features to classify!
2025-07-16 03:23:21,311 - [server/classify] - DEBUG - classifed for raaise-18-06 -18 ms
127.0.0.1 - - [16/Jul/2025 03:23:21] "POST /classify HTTP/1.1" 200 -
2025-07-16 03:23:21,600 - [learn.AI/classify] - DEBUG - Using 5 features to classify!
2025-07-16 03:23:21,674 - [server/classify] - DEBUG - classifed for raaise-18-06 -73 ms
127.0.0.1 - - [16/Jul/2025 03:23:21] "POST /classify HTTP/1.1" 200 -
2025-07-16 03:23:21,688 - [learn.AI/classify] - DEBUG - Using 5 features to classify!
2025-07-16 03:23:21,688 - [server/classify] - DEBUG - classifed for raaise-18-06 0 ms
127.0.0.1 - - [16/Jul/2025 03:23:21] "POST /classify HTTP/1.1" 200 -
2025-07-16 03:23:21,772 - [learn.AI/classify] - DEBUG - Using 5 features to classify!
2025-07-16 03:23:21,826 - [server/classify] - DEBUG - classifed for raaise-18-06 -54 ms
127.0.0.1 - - [16/Jul/2025 03:23:21] "POST /classify HTTP/1.1" 200 -
2025-07-16 03:23:21,974 - [learn.AI/classify] - DEBUG - Using 5 features to classify!
2025-07-16 03:23:21,979 - [learn.AI/classify] - DEBUG - Using 5 features to classify!
2025-07-16 03:23:21,979 - [server/classify] - DEBUG - classifed for raaise-18-06 0 ms
127.0.0.1 - - [16/Jul/2025 03:23:21] "POST /classify HTTP/1.1" 200 -
2025-07-16 03:23:21,985 - [server/classify] - DEBUG - classifed for raaise-18-06 -10 ms
127.0.0.1 - - [16/Jul/2025 03:23:21] "POST /classify HTTP/1.1" 200 -
2025-07-16 03:23:22,028 - [learn.AI/classify] - DEBUG - Using 5 features to classify!
2025-07-16 03:23:22,028 - [server/classify] - DEBUG - classifed for raaise-18-06 0 ms
127.0.0.1 - - [16/Jul/2025 03:23:22] "POST /classify HTTP/1.1" 200 -
2025-07-16 03:23:22,091 - [learn.AI/classify] - DEBUG - Using 5 features to classify!
2025-07-16 03:23:22,091 - [server/classify] - DEBUG - classifed for raaise-18-06 0 ms
127.0.0.1 - - [16/Jul/2025 03:23:22] "POST /classify HTTP/1.1" 200 -
2025-07-16 03:23:22,155 - [learn.AI/classify] - DEBUG - Using 5 features to classify!
2025-07-16 03:23:22,176 - [learn.AI/classify] - DEBUG - Using 5 features to classify!
2025-07-16 03:23:22,176 - [server/classify] - DEBUG - classifed for raaise-18-06 0 ms
127.0.0.1 - - [16/Jul/2025 03:23:22] "POST /classify HTTP/1.1" 200 -
2025-07-16 03:23:22,222 - [server/classify] - DEBUG - classifed for raaise-18-06 -67 ms
127.0.0.1 - - [16/Jul/2025 03:23:22] "POST /classify HTTP/1.1" 200 -
2025-07-16 03:23:22,477 - [learn.AI/classify] - DEBUG - Using 5 features to classify!
2025-07-16 03:23:22,477 - [learn.AI/classify] - DEBUG - Using 5 features to classify!
2025-07-16 03:23:22,553 - [server/classify] - DEBUG - classifed for raaise-18-06 -76 ms
127.0.0.1 - - [16/Jul/2025 03:23:22] "POST /classify HTTP/1.1" 200 -
2025-07-16 03:23:22,561 - [server/classify] - DEBUG - classifed for raaise-18-06 -83 ms
127.0.0.1 - - [16/Jul/2025 03:23:22] "POST /classify HTTP/1.1" 200 -
2025-07-16 03:23:22,618 - [learn.AI/classify] - DEBUG - Using 5 features to classify!
2025-07-16 03:23:22,691 - [server/classify] - DEBUG - classifed for raaise-18-06 -73 ms
127.0.0.1 - - [16/Jul/2025 03:23:22] "POST /classify HTTP/1.1" 200 -
2025-07-16 03:23:22,769 - [learn.AI/classify] - DEBUG - Using 5 features to classify!
2025-07-16 03:23:22,844 - [server/classify] - DEBUG - classifed for raaise-18-06 -75 ms
127.0.0.1 - - [16/Jul/2025 03:23:22] "POST /classify HTTP/1.1" 200 -
2025-07-16 03:23:23,009 - [learn.AI/classify] - DEBUG - Using 5 features to classify!
2025-07-16 03:23:23,071 - [server/classify] - DEBUG - classifed for raaise-18-06 -62 ms
127.0.0.1 - - [16/Jul/2025 03:23:23] "POST /classify HTTP/1.1" 200 -
2025-07-16 03:23:23,159 - [learn.AI/classify] - DEBUG - Using 5 features to classify!
2025-07-16 03:23:23,159 - [server/classify] - DEBUG - classifed for raaise-18-06 0 ms
127.0.0.1 - - [16/Jul/2025 03:23:23] "POST /classify HTTP/1.1" 200 -
2025-07-16 03:23:23,437 - [learn.AI/classify] - DEBUG - Using 5 features to classify!
2025-07-16 03:23:23,502 - [server/classify] - DEBUG - classifed for raaise-18-06 -65 ms
127.0.0.1 - - [16/Jul/2025 03:23:23] "POST /classify HTTP/1.1" 200 -
2025-07-16 03:23:23,673 - [learn.AI/classify] - DEBUG - Using 5 features to classify!
2025-07-16 03:23:23,673 - [server/classify] - DEBUG - classifed for raaise-18-06 0 ms
127.0.0.1 - - [16/Jul/2025 03:23:23] "POST /classify HTTP/1.1" 200 -
2025-07-16 03:23:23,674 - [learn.AI/classify] - DEBUG - Using 5 features to classify!
2025-07-16 03:23:23,682 - [server/classify] - DEBUG - classifed for raaise-18-06 -7 ms
127.0.0.1 - - [16/Jul/2025 03:23:23] "POST /classify HTTP/1.1" 200 -
2025-07-16 03:23:23,829 - [learn.AI/classify] - DEBUG - Using 5 features to classify!
2025-07-16 03:23:23,891 - [server/classify] - DEBUG - classifed for raaise-18-06 -62 ms
127.0.0.1 - - [16/Jul/2025 03:23:23] "POST /classify HTTP/1.1" 200 -
2025-07-16 03:23:23,980 - [learn.AI/classify] - DEBUG - Using 5 features to classify!
2025-07-16 03:23:24,025 - [server/classify] - DEBUG - classifed for raaise-18-06 -45 ms
127.0.0.1 - - [16/Jul/2025 03:23:24] "POST /classify HTTP/1.1" 200 -
2025-07-16 03:23:24,173 - [learn.AI/classify] - DEBUG - Using 5 features to classify!
2025-07-16 03:23:24,174 - [server/classify] - DEBUG - classifed for raaise-18-06 0 ms
127.0.0.1 - - [16/Jul/2025 03:23:24] "POST /classify HTTP/1.1" 200 -
2025-07-16 03:23:24,174 - [learn.AI/classify] - DEBUG - Using 5 features to classify!
2025-07-16 03:23:24,260 - [server/classify] - DEBUG - classifed for raaise-18-06 -86 ms
127.0.0.1 - - [16/Jul/2025 03:23:24] "POST /classify HTTP/1.1" 200 -
2025-07-16 03:23:24,272 - [learn.AI/classify] - DEBUG - Using 5 features to classify!
2025-07-16 03:23:24,313 - [learn.AI/classify] - DEBUG - Using 5 features to classify!
2025-07-16 03:23:24,359 - [server/classify] - DEBUG - classifed for raaise-18-06 -88 ms
127.0.0.1 - - [16/Jul/2025 03:23:24] "POST /classify HTTP/1.1" 200 -
2025-07-16 03:23:24,388 - [server/classify] - DEBUG - classifed for raaise-18-06 -75 ms
127.0.0.1 - - [16/Jul/2025 03:23:24] "POST /classify HTTP/1.1" 200 -
2025-07-16 03:23:24,530 - [learn.AI/classify] - DEBUG - Using 5 features to classify!
2025-07-16 03:23:24,531 - [learn.AI/classify] - DEBUG - Using 5 features to classify!
2025-07-16 03:23:24,609 - [server/classify] - DEBUG - classifed for raaise-18-06 -79 ms
127.0.0.1 - - [16/Jul/2025 03:23:24] "POST /classify HTTP/1.1" 200 -
2025-07-16 03:23:24,614 - [server/classify] - DEBUG - classifed for raaise-18-06 -83 ms
127.0.0.1 - - [16/Jul/2025 03:23:24] "POST /classify HTTP/1.1" 200 -
2025-07-16 03:23:25,088 - [learn.AI/classify] - DEBUG - Using 5 features to classify!
2025-07-16 03:23:25,142 - [server/classify] - DEBUG - classifed for raaise-18-06 -53 ms
127.0.0.1 - - [16/Jul/2025 03:23:25] "POST /classify HTTP/1.1" 200 -
2025-07-16 03:23:25,166 - [learn.AI/classify] - DEBUG - Using 5 features to classify!
2025-07-16 03:23:25,166 - [server/classify] - DEBUG - classifed for raaise-18-06 0 ms
127.0.0.1 - - [16/Jul/2025 03:23:25] "POST /classify HTTP/1.1" 200 -
2025-07-16 03:23:25,249 - [learn.AI/classify] - DEBUG - Using 5 features to classify!
2025-07-16 03:23:25,249 - [server/classify] - DEBUG - classifed for raaise-18-06 0 ms
127.0.0.1 - - [16/Jul/2025 03:23:25] "POST /classify HTTP/1.1" 200 -
2025-07-16 03:23:25,269 - [learn.AI/classify] - DEBUG - Using 5 features to classify!
2025-07-16 03:23:25,313 - [learn.AI/classify] - DEBUG - Using 5 features to classify!
2025-07-16 03:23:25,313 - [server/classify] - DEBUG - classifed for raaise-18-06 0 ms
127.0.0.1 - - [16/Jul/2025 03:23:25] "POST /classify HTTP/1.1" 200 -
2025-07-16 03:23:25,343 - [server/classify] - DEBUG - classifed for raaise-18-06 -73 ms
127.0.0.1 - - [16/Jul/2025 03:23:25] "POST /classify HTTP/1.1" 200 -
2025-07-16 03:23:25,549 - [learn.AI/classify] - DEBUG - Using 5 features to classify!
2025-07-16 03:23:25,574 - [server/classify] - DEBUG - classifed for raaise-18-06 -25 ms
127.0.0.1 - - [16/Jul/2025 03:23:25] "POST /classify HTTP/1.1" 200 -
2025-07-16 03:23:25,603 - [learn.AI/classify] - DEBUG - Using 5 features to classify!
2025-07-16 03:23:25,604 - [learn.AI/classify] - DEBUG - Using 5 features to classify!
2025-07-16 03:23:25,655 - [server/classify] - DEBUG - classifed for raaise-18-06 -51 ms
127.0.0.1 - - [16/Jul/2025 03:23:25] "POST /classify HTTP/1.1" 200 -
2025-07-16 03:23:25,656 - [server/classify] - DEBUG - classifed for raaise-18-06 -52 ms
127.0.0.1 - - [16/Jul/2025 03:23:25] "POST /classify HTTP/1.1" 200 -
2025-07-16 03:23:25,669 - [learn.AI/classify] - DEBUG - Using 5 features to classify!
2025-07-16 03:23:25,736 - [server/classify] - DEBUG - classifed for raaise-18-06 -67 ms
127.0.0.1 - - [16/Jul/2025 03:23:25] "POST /classify HTTP/1.1" 200 -
2025-07-16 03:23:25,800 - [learn.AI/classify] - DEBUG - Using 5 features to classify!
2025-07-16 03:23:25,870 - [server/classify] - DEBUG - classifed for raaise-18-06 -70 ms
127.0.0.1 - - [16/Jul/2025 03:23:25] "POST /classify HTTP/1.1" 200 -
2025-07-16 03:23:25,982 - [learn.AI/classify] - DEBUG - Using 5 features to classify!
2025-07-16 03:23:25,982 - [server/classify] - DEBUG - classifed for raaise-18-06 0 ms
127.0.0.1 - - [16/Jul/2025 03:23:25] "POST /classify HTTP/1.1" 200 -
2025-07-16 03:23:26,421 - [learn.AI/classify] - DEBUG - Using 5 features to classify!
2025-07-16 03:23:26,449 - [server/classify] - DEBUG - classifed for raaise-18-06 -28 ms
127.0.0.1 - - [16/Jul/2025 03:23:26] "POST /classify HTTP/1.1" 200 -
2025-07-16 03:23:26,515 - [learn.AI/classify] - DEBUG - Using 5 features to classify!
2025-07-16 03:23:26,617 - [server/classify] - DEBUG - classifed for raaise-18-06 -101 ms
127.0.0.1 - - [16/Jul/2025 03:23:26] "POST /classify HTTP/1.1" 200 -
2025-07-16 03:23:26,650 - [learn.AI/classify] - DEBUG - Using 5 features to classify!
2025-07-16 03:23:26,721 - [server/classify] - DEBUG - classifed for raaise-18-06 -71 ms
127.0.0.1 - - [16/Jul/2025 03:23:26] "POST /classify HTTP/1.1" 200 -
2025-07-16 03:23:26,782 - [learn.AI/classify] - DEBUG - Using 5 features to classify!
2025-07-16 03:23:26,876 - [server/classify] - DEBUG - classifed for raaise-18-06 -93 ms
127.0.0.1 - - [16/Jul/2025 03:23:26] "POST /classify HTTP/1.1" 200 -
2025-07-16 03:23:27,529 - [learn.AI/classify] - DEBUG - Using 5 features to classify!
2025-07-16 03:23:27,529 - [server/classify] - DEBUG - classifed for raaise-18-06 0 ms
127.0.0.1 - - [16/Jul/2025 03:23:27] "POST /classify HTTP/1.1" 200 -
2025-07-16 03:23:27,536 - [learn.AI/classify] - DEBUG - Using 5 features to classify!
2025-07-16 03:23:27,596 - [server/classify] - DEBUG - classifed for raaise-18-06 -59 ms
127.0.0.1 - - [16/Jul/2025 03:23:27] "POST /classify HTTP/1.1" 200 -
2025-07-16 03:23:27,613 - [learn.AI/classify] - DEBUG - Using 5 features to classify!
2025-07-16 03:23:27,646 - [server/classify] - DEBUG - classifed for raaise-18-06 -33 ms
127.0.0.1 - - [16/Jul/2025 03:23:27] "POST /classify HTTP/1.1" 200 -
2025-07-16 03:23:27,776 - [learn.AI/classify] - DEBUG - Using 5 features to classify!
2025-07-16 03:23:27,777 - [learn.AI/classify] - DEBUG - Using 5 features to classify!
2025-07-16 03:23:27,777 - [server/classify] - DEBUG - classifed for raaise-18-06 0 ms
127.0.0.1 - - [16/Jul/2025 03:23:27] "POST /classify HTTP/1.1" 200 -
2025-07-16 03:23:27,788 - [learn.AI/classify] - DEBUG - Using 5 features to classify!
2025-07-16 03:23:27,788 - [server/classify] - DEBUG - classifed for raaise-18-06 0 ms
127.0.0.1 - - [16/Jul/2025 03:23:27] "POST /classify HTTP/1.1" 200 -
2025-07-16 03:23:27,851 - [server/classify] - DEBUG - classifed for raaise-18-06 -75 ms
127.0.0.1 - - [16/Jul/2025 03:23:27] "POST /classify HTTP/1.1" 200 -
2025-07-16 03:23:28,017 - [learn.AI/classify] - DEBUG - Using 5 features to classify!
2025-07-16 03:23:28,017 - [server/classify] - DEBUG - classifed for raaise-18-06 0 ms
127.0.0.1 - - [16/Jul/2025 03:23:28] "POST /classify HTTP/1.1" 200 -
2025-07-16 03:23:28,105 - [learn.AI/classify] - DEBUG - Using 5 features to classify!
2025-07-16 03:23:28,106 - [learn.AI/classify] - DEBUG - Using 5 features to classify!
2025-07-16 03:23:28,108 - [server/classify] - DEBUG - classifed for raaise-18-06 -2 ms
127.0.0.1 - - [16/Jul/2025 03:23:28] "POST /classify HTTP/1.1" 200 -
2025-07-16 03:23:28,106 - [learn.AI/classify] - DEBUG - Using 5 features to classify!
2025-07-16 03:23:28,109 - [server/classify] - DEBUG - classifed for raaise-18-06 -2 ms
127.0.0.1 - - [16/Jul/2025 03:23:28] "POST /classify HTTP/1.1" 200 -
2025-07-16 03:23:28,108 - [learn.AI/classify] - DEBUG - Using 5 features to classify!
2025-07-16 03:23:28,189 - [server/classify] - DEBUG - classifed for raaise-18-06 -84 ms
127.0.0.1 - - [16/Jul/2025 03:23:28] "POST /classify HTTP/1.1" 200 -
2025-07-16 03:23:28,206 - [server/classify] - DEBUG - classifed for raaise-18-06 -98 ms
127.0.0.1 - - [16/Jul/2025 03:23:28] "POST /classify HTTP/1.1" 200 -
2025-07-16 03:23:28,639 - [learn.AI/classify] - DEBUG - Using 5 features to classify!
2025-07-16 03:23:28,640 - [server/classify] - DEBUG - classifed for raaise-18-06 0 ms
127.0.0.1 - - [16/Jul/2025 03:23:28] "POST /classify HTTP/1.1" 200 -
2025-07-16 03:23:28,641 - [learn.AI/classify] - DEBUG - Using 5 features to classify!
2025-07-16 03:23:28,707 - [server/classify] - DEBUG - classifed for raaise-18-06 -66 ms
127.0.0.1 - - [16/Jul/2025 03:23:28] "POST /classify HTTP/1.1" 200 -
2025-07-16 03:23:28,754 - [learn.AI/classify] - DEBUG - Using 5 features to classify!
2025-07-16 03:23:28,755 - [server/classify] - DEBUG - classifed for raaise-18-06 0 ms
127.0.0.1 - - [16/Jul/2025 03:23:28] "POST /classify HTTP/1.1" 200 -
2025-07-16 03:23:28,755 - [learn.AI/classify] - DEBUG - Using 5 features to classify!
2025-07-16 03:23:28,755 - [server/classify] - DEBUG - classifed for raaise-18-06 0 ms
127.0.0.1 - - [16/Jul/2025 03:23:28] "POST /classify HTTP/1.1" 200 -
2025-07-16 03:23:28,870 - [learn.AI/classify] - DEBUG - Using 5 features to classify!
2025-07-16 03:23:28,950 - [server/classify] - DEBUG - classifed for raaise-18-06 -79 ms
127.0.0.1 - - [16/Jul/2025 03:23:28] "POST /classify HTTP/1.1" 200 -
2025-07-16 03:23:29,239 - [learn.AI/classify] - DEBUG - Using 5 features to classify!
2025-07-16 03:23:29,308 - [server/classify] - DEBUG - classifed for raaise-18-06 -68 ms
127.0.0.1 - - [16/Jul/2025 03:23:29] "POST /classify HTTP/1.1" 200 -
2025-07-16 03:23:29,366 - [learn.AI/classify] - DEBUG - Using 5 features to classify!
2025-07-16 03:23:29,366 - [learn.AI/classify] - DEBUG - Using 5 features to classify!
2025-07-16 03:23:29,367 - [learn.AI/classify] - DEBUG - Using 5 features to classify!
2025-07-16 03:23:29,367 - [server/classify] - DEBUG - classifed for raaise-18-06 0 ms
127.0.0.1 - - [16/Jul/2025 03:23:29] "POST /classify HTTP/1.1" 200 -
2025-07-16 03:23:29,433 - [server/classify] - DEBUG - classifed for raaise-18-06 -67 ms
127.0.0.1 - - [16/Jul/2025 03:23:29] "POST /classify HTTP/1.1" 200 -
2025-07-16 03:23:29,456 - [server/classify] - DEBUG - classifed for raaise-18-06 -90 ms
127.0.0.1 - - [16/Jul/2025 03:23:29] "POST /classify HTTP/1.1" 200 -
2025-07-16 03:23:29,598 - [learn.AI/classify] - DEBUG - Using 5 features to classify!
2025-07-16 03:23:29,598 - [server/classify] - DEBUG - classifed for raaise-18-06 0 ms
127.0.0.1 - - [16/Jul/2025 03:23:29] "POST /classify HTTP/1.1" 200 -
2025-07-16 03:23:30,118 - [learn.AI/classify] - DEBUG - Using 5 features to classify!
2025-07-16 03:23:30,203 - [server/classify] - DEBUG - classifed for raaise-18-06 -85 ms
127.0.0.1 - - [16/Jul/2025 03:23:30] "POST /classify HTTP/1.1" 200 -
2025-07-16 03:23:30,243 - [learn.AI/classify] - DEBUG - Using 5 features to classify!
2025-07-16 03:23:30,253 - [learn.AI/classify] - DEBUG - Using 5 features to classify!
2025-07-16 03:23:30,253 - [server/classify] - DEBUG - classifed for raaise-18-06 0 ms
127.0.0.1 - - [16/Jul/2025 03:23:30] "POST /classify HTTP/1.1" 200 -
2025-07-16 03:23:30,298 - [server/classify] - DEBUG - classifed for raaise-18-06 -55 ms
127.0.0.1 - - [16/Jul/2025 03:23:30] "POST /classify HTTP/1.1" 200 -
2025-07-16 03:23:30,714 - [learn.AI/classify] - DEBUG - Using 5 features to classify!
2025-07-16 03:23:30,715 - [server/classify] - DEBUG - classifed for raaise-18-06 0 ms
127.0.0.1 - - [16/Jul/2025 03:23:30] "POST /classify HTTP/1.1" 200 -
2025-07-16 03:23:30,971 - [learn.AI/classify] - DEBUG - Using 5 features to classify!
2025-07-16 03:23:30,971 - [server/classify] - DEBUG - classifed for raaise-18-06 0 ms
127.0.0.1 - - [16/Jul/2025 03:23:30] "POST /classify HTTP/1.1" 200 -
2025-07-16 03:23:31,168 - [learn.AI/classify] - DEBUG - Using 5 features to classify!
2025-07-16 03:23:31,168 - [server/classify] - DEBUG - classifed for raaise-18-06 0 ms
127.0.0.1 - - [16/Jul/2025 03:23:31] "POST /classify HTTP/1.1" 200 -
2025-07-16 03:23:31,253 - [learn.AI/classify] - DEBUG - Using 5 features to classify!
2025-07-16 03:23:31,299 - [server/classify] - DEBUG - classifed for raaise-18-06 -46 ms
127.0.0.1 - - [16/Jul/2025 03:23:31] "POST /classify HTTP/1.1" 200 -
2025-07-16 03:23:31,369 - [learn.AI/classify] - DEBUG - Using 5 features to classify!
2025-07-16 03:23:31,369 - [server/classify] - DEBUG - classifed for raaise-18-06 0 ms
127.0.0.1 - - [16/Jul/2025 03:23:31] "POST /classify HTTP/1.1" 200 -
2025-07-16 03:23:31,493 - [learn.AI/classify] - DEBUG - Using 5 features to classify!
2025-07-16 03:23:31,528 - [server/classify] - DEBUG - classifed for raaise-18-06 -35 ms
127.0.0.1 - - [16/Jul/2025 03:23:31] "POST /classify HTTP/1.1" 200 -
2025-07-16 03:23:31,597 - [learn.AI/classify] - DEBUG - Using 5 features to classify!
2025-07-16 03:23:31,597 - [server/classify] - DEBUG - classifed for raaise-18-06 0 ms
127.0.0.1 - - [16/Jul/2025 03:23:31] "POST /classify HTTP/1.1" 200 -
2025-07-16 03:23:31,755 - [learn.AI/classify] - DEBUG - Using 5 features to classify!
2025-07-16 03:23:31,756 - [learn.AI/classify] - DEBUG - Using 5 features to classify!
2025-07-16 03:23:31,756 - [server/classify] - DEBUG - classifed for raaise-18-06 0 ms
127.0.0.1 - - [16/Jul/2025 03:23:31] "POST /classify HTTP/1.1" 200 -
2025-07-16 03:23:31,796 - [learn.AI/classify] - DEBUG - Using 5 features to classify!
2025-07-16 03:23:31,796 - [server/classify] - DEBUG - classifed for raaise-18-06 0 ms
127.0.0.1 - - [16/Jul/2025 03:23:31] "POST /classify HTTP/1.1" 200 -
2025-07-16 03:23:31,797 - [learn.AI/classify] - DEBUG - Using 5 features to classify!
2025-07-16 03:23:31,797 - [learn.AI/classify] - DEBUG - Using 5 features to classify!
2025-07-16 03:23:31,797 - [server/classify] - DEBUG - classifed for raaise-18-06 0 ms
127.0.0.1 - - [16/Jul/2025 03:23:31] "POST /classify HTTP/1.1" 200 -
2025-07-16 03:23:31,826 - [server/classify] - DEBUG - classifed for raaise-18-06 -71 ms
127.0.0.1 - - [16/Jul/2025 03:23:31] "POST /classify HTTP/1.1" 200 -
2025-07-16 03:23:31,876 - [server/classify] - DEBUG - classifed for raaise-18-06 -79 ms
127.0.0.1 - - [16/Jul/2025 03:23:31] "POST /classify HTTP/1.1" 200 -
2025-07-16 03:23:32,222 - [learn.AI/classify] - DEBUG - Using 5 features to classify!
2025-07-16 03:23:32,222 - [server/classify] - DEBUG - classifed for raaise-18-06 0 ms
127.0.0.1 - - [16/Jul/2025 03:23:32] "POST /classify HTTP/1.1" 200 -
2025-07-16 03:23:32,223 - [learn.AI/classify] - DEBUG - Using 5 features to classify!
2025-07-16 03:23:32,295 - [server/classify] - DEBUG - classifed for raaise-18-06 -71 ms
127.0.0.1 - - [16/Jul/2025 03:23:32] "POST /classify HTTP/1.1" 200 -
2025-07-16 03:23:32,419 - [learn.AI/classify] - DEBUG - Using 5 features to classify!
2025-07-16 03:23:32,419 - [server/classify] - DEBUG - classifed for raaise-18-06 0 ms
127.0.0.1 - - [16/Jul/2025 03:23:32] "POST /classify HTTP/1.1" 200 -
2025-07-16 03:23:32,430 - [learn.AI/classify] - DEBUG - Using 5 features to classify!
2025-07-16 03:23:32,430 - [server/classify] - DEBUG - classifed for raaise-18-06 0 ms
127.0.0.1 - - [16/Jul/2025 03:23:32] "POST /classify HTTP/1.1" 200 -
2025-07-16 03:23:32,432 - [learn.AI/classify] - DEBUG - Using 5 features to classify!
2025-07-16 03:23:32,506 - [server/classify] - DEBUG - classifed for raaise-18-06 -74 ms
127.0.0.1 - - [16/Jul/2025 03:23:32] "POST /classify HTTP/1.1" 200 -
2025-07-16 03:23:32,884 - [learn.AI/classify] - DEBUG - Using 5 features to classify!
2025-07-16 03:23:32,884 - [server/classify] - DEBUG - classifed for raaise-18-06 0 ms
127.0.0.1 - - [16/Jul/2025 03:23:32] "POST /classify HTTP/1.1" 200 -
2025-07-16 03:23:33,099 - [learn.AI/classify] - DEBUG - Using 5 features to classify!
2025-07-16 03:23:33,100 - [learn.AI/classify] - DEBUG - Using 5 features to classify!
2025-07-16 03:23:33,133 - [server/classify] - DEBUG - classifed for raaise-18-06 -33 ms
127.0.0.1 - - [16/Jul/2025 03:23:33] "POST /classify HTTP/1.1" 200 -
2025-07-16 03:23:33,135 - [server/classify] - DEBUG - classifed for raaise-18-06 -36 ms
127.0.0.1 - - [16/Jul/2025 03:23:33] "POST /classify HTTP/1.1" 200 -
2025-07-16 03:23:33,418 - [learn.AI/classify] - DEBUG - Using 5 features to classify!
2025-07-16 03:23:33,418 - [server/classify] - DEBUG - classifed for raaise-18-06 0 ms
127.0.0.1 - - [16/Jul/2025 03:23:33] "POST /classify HTTP/1.1" 200 -
2025-07-16 03:23:33,482 - [learn.AI/classify] - DEBUG - Using 5 features to classify!
2025-07-16 03:23:33,482 - [server/classify] - DEBUG - classifed for raaise-18-06 0 ms
127.0.0.1 - - [16/Jul/2025 03:23:33] "POST /classify HTTP/1.1" 200 -
2025-07-16 03:23:33,729 - [learn.AI/classify] - DEBUG - Using 5 features to classify!
2025-07-16 03:23:33,772 - [server/classify] - DEBUG - classifed for raaise-18-06 -43 ms
127.0.0.1 - - [16/Jul/2025 03:23:33] "POST /classify HTTP/1.1" 200 -
2025-07-16 03:23:33,908 - [learn.AI/classify] - DEBUG - Using 5 features to classify!
2025-07-16 03:23:33,908 - [server/classify] - DEBUG - classifed for raaise-18-06 0 ms
127.0.0.1 - - [16/Jul/2025 03:23:33] "POST /classify HTTP/1.1" 200 -
2025-07-16 03:23:33,994 - [learn.AI/classify] - DEBUG - Using 5 features to classify!
2025-07-16 03:23:33,994 - [server/classify] - DEBUG - classifed for raaise-18-06 0 ms
127.0.0.1 - - [16/Jul/2025 03:23:33] "POST /classify HTTP/1.1" 200 -
2025-07-16 03:23:33,995 - [learn.AI/classify] - DEBUG - Using 5 features to classify!
2025-07-16 03:23:34,015 - [learn.AI/classify] - DEBUG - Using 5 features to classify!
2025-07-16 03:23:34,079 - [server/classify] - DEBUG - classifed for raaise-18-06 -83 ms
127.0.0.1 - - [16/Jul/2025 03:23:34] "POST /classify HTTP/1.1" 200 -
2025-07-16 03:23:34,090 - [server/classify] - DEBUG - classifed for raaise-18-06 -75 ms
127.0.0.1 - - [16/Jul/2025 03:23:34] "POST /classify HTTP/1.1" 200 -
2025-07-16 03:23:34,135 - [learn.AI/classify] - DEBUG - Using 5 features to classify!
2025-07-16 03:23:34,135 - [learn.AI/classify] - DEBUG - Using 5 features to classify!
2025-07-16 03:23:34,136 - [server/classify] - DEBUG - classifed for raaise-18-06 0 ms
127.0.0.1 - - [16/Jul/2025 03:23:34] "POST /classify HTTP/1.1" 200 -
2025-07-16 03:23:34,201 - [server/classify] - DEBUG - classifed for raaise-18-06 -66 ms
127.0.0.1 - - [16/Jul/2025 03:23:34] "POST /classify HTTP/1.1" 200 -
2025-07-16 03:23:34,361 - [learn.AI/classify] - DEBUG - Using 5 features to classify!
2025-07-16 03:23:34,441 - [server/classify] - DEBUG - classifed for raaise-18-06 -80 ms
127.0.0.1 - - [16/Jul/2025 03:23:34] "POST /classify HTTP/1.1" 200 -
2025-07-16 03:23:34,616 - [learn.AI/classify] - DEBUG - Using 5 features to classify!
2025-07-16 03:23:34,681 - [server/classify] - DEBUG - classifed for raaise-18-06 -65 ms
127.0.0.1 - - [16/Jul/2025 03:23:34] "POST /classify HTTP/1.1" 200 -
2025-07-16 03:23:34,704 - [learn.AI/classify] - DEBUG - Using 5 features to classify!
2025-07-16 03:23:34,704 - [server/classify] - DEBUG - classifed for raaise-18-06 0 ms
127.0.0.1 - - [16/Jul/2025 03:23:34] "POST /classify HTTP/1.1" 200 -
2025-07-16 03:23:34,705 - [learn.AI/classify] - DEBUG - Using 5 features to classify!
2025-07-16 03:23:34,779 - [server/classify] - DEBUG - classifed for raaise-18-06 -74 ms
127.0.0.1 - - [16/Jul/2025 03:23:34] "POST /classify HTTP/1.1" 200 -
2025-07-16 03:23:34,908 - [learn.AI/classify] - DEBUG - Using 5 features to classify!
2025-07-16 03:23:34,976 - [server/classify] - DEBUG - classifed for raaise-18-06 -68 ms
127.0.0.1 - - [16/Jul/2025 03:23:34] "POST /classify HTTP/1.1" 200 -
2025-07-16 03:23:35,034 - [learn.AI/classify] - DEBUG - Using 5 features to classify!
2025-07-16 03:23:35,107 - [server/classify] - DEBUG - classifed for raaise-18-06 -73 ms
127.0.0.1 - - [16/Jul/2025 03:23:35] "POST /classify HTTP/1.1" 200 -
2025-07-16 03:23:35,423 - [learn.AI/classify] - DEBUG - Using 5 features to classify!
2025-07-16 03:23:35,486 - [learn.AI/classify] - DEBUG - Using 5 features to classify!
2025-07-16 03:23:35,488 - [server/classify] - DEBUG - classifed for raaise-18-06 -65 ms
127.0.0.1 - - [16/Jul/2025 03:23:35] "POST /classify HTTP/1.1" 200 -
2025-07-16 03:23:35,564 - [server/classify] - DEBUG - classifed for raaise-18-06 -78 ms
127.0.0.1 - - [16/Jul/2025 03:23:35] "POST /classify HTTP/1.1" 200 -
2025-07-16 03:23:35,776 - [learn.AI/classify] - DEBUG - Using 5 features to classify!
2025-07-16 03:23:35,838 - [learn.AI/classify] - DEBUG - Using 5 features to classify!
2025-07-16 03:23:35,846 - [server/classify] - DEBUG - classifed for raaise-18-06 -70 ms
127.0.0.1 - - [16/Jul/2025 03:23:35] "POST /classify HTTP/1.1" 200 -
2025-07-16 03:23:35,908 - [server/classify] - DEBUG - classifed for raaise-18-06 -70 ms
127.0.0.1 - - [16/Jul/2025 03:23:35] "POST /classify HTTP/1.1" 200 -
2025-07-16 03:23:36,034 - [learn.AI/classify] - DEBUG - Using 5 features to classify!
2025-07-16 03:23:36,034 - [learn.AI/classify] - DEBUG - Using 5 features to classify!
2025-07-16 03:23:36,034 - [server/classify] - DEBUG - classifed for raaise-18-06 0 ms
127.0.0.1 - - [16/Jul/2025 03:23:36] "POST /classify HTTP/1.1" 200 -
2025-07-16 03:23:36,105 - [learn.AI/classify] - DEBUG - Using 5 features to classify!
2025-07-16 03:23:36,106 - [server/classify] - DEBUG - classifed for raaise-18-06 -72 ms
127.0.0.1 - - [16/Jul/2025 03:23:36] "POST /classify HTTP/1.1" 200 -
2025-07-16 03:23:36,181 - [server/classify] - DEBUG - classifed for raaise-18-06 -76 ms
127.0.0.1 - - [16/Jul/2025 03:23:36] "POST /classify HTTP/1.1" 200 -
2025-07-16 03:23:36,314 - [learn.AI/classify] - DEBUG - Using 5 features to classify!
2025-07-16 03:23:36,315 - [learn.AI/classify] - DEBUG - Using 5 features to classify!
2025-07-16 03:23:36,385 - [server/classify] - DEBUG - classifed for raaise-18-06 -70 ms
127.0.0.1 - - [16/Jul/2025 03:23:36] "POST /classify HTTP/1.1" 200 -
2025-07-16 03:23:36,399 - [server/classify] - DEBUG - classifed for raaise-18-06 -84 ms
127.0.0.1 - - [16/Jul/2025 03:23:36] "POST /classify HTTP/1.1" 200 -
2025-07-16 03:23:36,568 - [learn.AI/classify] - DEBUG - Using 5 features to classify!
2025-07-16 03:23:36,568 - [server/classify] - DEBUG - classifed for raaise-18-06 0 ms
127.0.0.1 - - [16/Jul/2025 03:23:36] "POST /classify HTTP/1.1" 200 -
2025-07-16 03:23:36,612 - [learn.AI/classify] - DEBUG - Using 5 features to classify!
2025-07-16 03:23:36,612 - [server/classify] - DEBUG - classifed for raaise-18-06 0 ms
127.0.0.1 - - [16/Jul/2025 03:23:36] "POST /classify HTTP/1.1" 200 -
2025-07-16 03:23:36,882 - [learn.AI/classify] - DEBUG - Using 5 features to classify!
2025-07-16 03:23:36,890 - [server/classify] - DEBUG - classifed for raaise-18-06 -8 ms
127.0.0.1 - - [16/Jul/2025 03:23:36] "POST /classify HTTP/1.1" 200 -
2025-07-16 03:23:36,959 - [learn.AI/classify] - DEBUG - Using 5 features to classify!
2025-07-16 03:23:36,959 - [server/classify] - DEBUG - classifed for raaise-18-06 0 ms
127.0.0.1 - - [16/Jul/2025 03:23:36] "POST /classify HTTP/1.1" 200 -
2025-07-16 03:23:36,969 - [learn.AI/classify] - DEBUG - Using 5 features to classify!
2025-07-16 03:23:36,970 - [server/classify] - DEBUG - classifed for raaise-18-06 0 ms
127.0.0.1 - - [16/Jul/2025 03:23:36] "POST /classify HTTP/1.1" 200 -
2025-07-16 03:23:37,171 - [learn.AI/classify] - DEBUG - Using 5 features to classify!
2025-07-16 03:23:37,251 - [server/classify] - DEBUG - classifed for raaise-18-06 -80 ms
127.0.0.1 - - [16/Jul/2025 03:23:37] "POST /classify HTTP/1.1" 200 -
2025-07-16 03:23:37,416 - [learn.AI/classify] - DEBUG - Using 5 features to classify!
2025-07-16 03:23:37,416 - [server/classify] - DEBUG - classifed for raaise-18-06 0 ms
127.0.0.1 - - [16/Jul/2025 03:23:37] "POST /classify HTTP/1.1" 200 -
2025-07-16 03:23:37,417 - [learn.AI/classify] - DEBUG - Using 5 features to classify!
2025-07-16 03:23:37,437 - [learn.AI/classify] - DEBUG - Using 5 features to classify!
2025-07-16 03:23:37,437 - [server/classify] - DEBUG - classifed for raaise-18-06 0 ms
127.0.0.1 - - [16/Jul/2025 03:23:37] "POST /classify HTTP/1.1" 200 -
2025-07-16 03:23:37,493 - [server/classify] - DEBUG - classifed for raaise-18-06 -75 ms
127.0.0.1 - - [16/Jul/2025 03:23:37] "POST /classify HTTP/1.1" 200 -
2025-07-16 03:23:37,786 - [learn.AI/classify] - DEBUG - Using 5 features to classify!
2025-07-16 03:23:37,787 - [server/classify] - DEBUG - classifed for raaise-18-06 0 ms
127.0.0.1 - - [16/Jul/2025 03:23:37] "POST /classify HTTP/1.1" 200 -
2025-07-16 03:23:37,950 - [learn.AI/classify] - DEBUG - Using 5 features to classify!
2025-07-16 03:23:37,950 - [server/classify] - DEBUG - classifed for raaise-18-06 0 ms
127.0.0.1 - - [16/Jul/2025 03:23:37] "POST /classify HTTP/1.1" 200 -
2025-07-16 03:23:37,951 - [learn.AI/classify] - DEBUG - Using 5 features to classify!
2025-07-16 03:23:38,022 - [server/classify] - DEBUG - classifed for raaise-18-06 -71 ms
127.0.0.1 - - [16/Jul/2025 03:23:38] "POST /classify HTTP/1.1" 200 -
2025-07-16 03:23:38,066 - [learn.AI/classify] - DEBUG - Using 5 features to classify!
2025-07-16 03:23:38,066 - [learn.AI/classify] - DEBUG - Using 5 features to classify!
2025-07-16 03:23:38,137 - [server/classify] - DEBUG - classifed for raaise-18-06 -71 ms
127.0.0.1 - - [16/Jul/2025 03:23:38] "POST /classify HTTP/1.1" 200 -
2025-07-16 03:23:38,144 - [server/classify] - DEBUG - classifed for raaise-18-06 -78 ms
127.0.0.1 - - [16/Jul/2025 03:23:38] "POST /classify HTTP/1.1" 200 -
2025-07-16 03:23:38,294 - [learn.AI/classify] - DEBUG - Using 5 features to classify!
2025-07-16 03:23:38,294 - [server/classify] - DEBUG - classifed for raaise-18-06 0 ms
127.0.0.1 - - [16/Jul/2025 03:23:38] "POST /classify HTTP/1.1" 200 -
2025-07-16 03:23:38,295 - [learn.AI/classify] - DEBUG - Using 5 features to classify!
2025-07-16 03:23:38,295 - [server/classify] - DEBUG - classifed for raaise-18-06 0 ms
127.0.0.1 - - [16/Jul/2025 03:23:38] "POST /classify HTTP/1.1" 200 -
2025-07-16 03:23:38,359 - [learn.AI/classify] - DEBUG - Using 5 features to classify!
2025-07-16 03:23:38,444 - [server/classify] - DEBUG - classifed for raaise-18-06 -84 ms
127.0.0.1 - - [16/Jul/2025 03:23:38] "POST /classify HTTP/1.1" 200 -
2025-07-16 03:23:38,568 - [learn.AI/classify] - DEBUG - Using 5 features to classify!
2025-07-16 03:23:38,625 - [learn.AI/classify] - DEBUG - Using 5 features to classify!
2025-07-16 03:23:38,680 - [server/classify] - DEBUG - classifed for raaise-18-06 -112 ms
127.0.0.1 - - [16/Jul/2025 03:23:38] "POST /classify HTTP/1.1" 200 -
2025-07-16 03:23:38,688 - [server/classify] - DEBUG - classifed for raaise-18-06 -63 ms
127.0.0.1 - - [16/Jul/2025 03:23:38] "POST /classify HTTP/1.1" 200 -
2025-07-16 03:23:38,849 - [learn.AI/classify] - DEBUG - Using 5 features to classify!
2025-07-16 03:23:38,850 - [server/classify] - DEBUG - classifed for raaise-18-06 0 ms
127.0.0.1 - - [16/Jul/2025 03:23:38] "POST /classify HTTP/1.1" 200 -
2025-07-16 03:23:38,849 - [learn.AI/classify] - DEBUG - Using 5 features to classify!
2025-07-16 03:23:38,924 - [server/classify] - DEBUG - classifed for raaise-18-06 -74 ms
127.0.0.1 - - [16/Jul/2025 03:23:38] "POST /classify HTTP/1.1" 200 -
2025-07-16 03:23:39,399 - [learn.AI/classify] - DEBUG - Using 5 features to classify!
2025-07-16 03:23:39,491 - [server/classify] - DEBUG - classifed for raaise-18-06 -91 ms
127.0.0.1 - - [16/Jul/2025 03:23:39] "POST /classify HTTP/1.1" 200 -
2025-07-16 03:23:39,682 - [learn.AI/classify] - DEBUG - Using 5 features to classify!
2025-07-16 03:23:39,701 - [learn.AI/classify] - DEBUG - Using 5 features to classify!
2025-07-16 03:23:39,701 - [server/classify] - DEBUG - classifed for raaise-18-06 0 ms
127.0.0.1 - - [16/Jul/2025 03:23:39] "POST /classify HTTP/1.1" 200 -
2025-07-16 03:23:39,759 - [server/classify] - DEBUG - classifed for raaise-18-06 -77 ms
127.0.0.1 - - [16/Jul/2025 03:23:39] "POST /classify HTTP/1.1" 200 -
2025-07-16 03:23:39,971 - [learn.AI/classify] - DEBUG - Using 5 features to classify!
2025-07-16 03:23:39,971 - [server/classify] - DEBUG - classifed for raaise-18-06 0 ms
127.0.0.1 - - [16/Jul/2025 03:23:39] "POST /classify HTTP/1.1" 200 -
2025-07-16 03:23:40,068 - [learn.AI/classify] - DEBUG - Using 5 features to classify!
2025-07-16 03:23:40,135 - [server/classify] - DEBUG - classifed for raaise-18-06 -66 ms
127.0.0.1 - - [16/Jul/2025 03:23:40] "POST /classify HTTP/1.1" 200 -
2025-07-16 03:23:40,189 - [learn.AI/classify] - DEBUG - Using 5 features to classify!
2025-07-16 03:23:40,258 - [server/classify] - DEBUG - classifed for raaise-18-06 -69 ms
127.0.0.1 - - [16/Jul/2025 03:23:40] "POST /classify HTTP/1.1" 200 -
2025-07-16 03:23:40,369 - [learn.AI/classify] - DEBUG - Using 5 features to classify!
2025-07-16 03:23:40,369 - [server/classify] - DEBUG - classifed for raaise-18-06 0 ms
127.0.0.1 - - [16/Jul/2025 03:23:40] "POST /classify HTTP/1.1" 200 -
2025-07-16 03:23:40,370 - [learn.AI/classify] - DEBUG - Using 5 features to classify!
2025-07-16 03:23:40,370 - [server/classify] - DEBUG - classifed for raaise-18-06 0 ms
127.0.0.1 - - [16/Jul/2025 03:23:40] "POST /classify HTTP/1.1" 200 -
2025-07-16 03:23:40,426 - [learn.AI/classify] - DEBUG - Using 5 features to classify!
2025-07-16 03:23:40,488 - [server/classify] - DEBUG - classifed for raaise-18-06 -61 ms
127.0.0.1 - - [16/Jul/2025 03:23:40] "POST /classify HTTP/1.1" 200 -
2025-07-16 03:23:40,613 - [learn.AI/classify] - DEBUG - Using 5 features to classify!
2025-07-16 03:23:40,613 - [server/classify] - DEBUG - classifed for raaise-18-06 0 ms
127.0.0.1 - - [16/Jul/2025 03:23:40] "POST /classify HTTP/1.1" 200 -
2025-07-16 03:23:40,758 - [learn.AI/classify] - DEBUG - Using 5 features to classify!
2025-07-16 03:23:40,832 - [server/classify] - DEBUG - classifed for raaise-18-06 -74 ms
127.0.0.1 - - [16/Jul/2025 03:23:40] "POST /classify HTTP/1.1" 200 -
2025-07-16 03:23:40,861 - [learn.AI/classify] - DEBUG - Using 5 features to classify!
2025-07-16 03:23:40,862 - [learn.AI/classify] - DEBUG - Using 5 features to classify!
2025-07-16 03:23:40,862 - [server/classify] - DEBUG - classifed for raaise-18-06 0 ms
127.0.0.1 - - [16/Jul/2025 03:23:40] "POST /classify HTTP/1.1" 200 -
2025-07-16 03:23:40,930 - [server/classify] - DEBUG - classifed for raaise-18-06 -69 ms
127.0.0.1 - - [16/Jul/2025 03:23:40] "POST /classify HTTP/1.1" 200 -
2025-07-16 03:23:41,047 - [learn.AI/classify] - DEBUG - Using 5 features to classify!
2025-07-16 03:23:41,060 - [learn.AI/classify] - DEBUG - Using 5 features to classify!
2025-07-16 03:23:41,108 - [server/classify] - DEBUG - classifed for raaise-18-06 -61 ms
127.0.0.1 - - [16/Jul/2025 03:23:41] "POST /classify HTTP/1.1" 200 -
2025-07-16 03:23:41,124 - [server/classify] - DEBUG - classifed for raaise-18-06 -64 ms
127.0.0.1 - - [16/Jul/2025 03:23:41] "POST /classify HTTP/1.1" 200 -
2025-07-16 03:23:41,155 - [learn.AI/classify] - DEBUG - Using 5 features to classify!
2025-07-16 03:23:41,203 - [learn.AI/classify] - DEBUG - Using 5 features to classify!
2025-07-16 03:23:41,263 - [server/classify] - DEBUG - classifed for raaise-18-06 -108 ms
127.0.0.1 - - [16/Jul/2025 03:23:41] "POST /classify HTTP/1.1" 200 -
2025-07-16 03:23:41,323 - [server/classify] - DEBUG - classifed for raaise-18-06 -120 ms
127.0.0.1 - - [16/Jul/2025 03:23:41] "POST /classify HTTP/1.1" 200 -
2025-07-16 03:23:41,381 - [learn.AI/classify] - DEBUG - Using 5 features to classify!
2025-07-16 03:23:41,447 - [server/classify] - DEBUG - classifed for raaise-18-06 -66 ms
127.0.0.1 - - [16/Jul/2025 03:23:41] "POST /classify HTTP/1.1" 200 -
2025-07-16 03:23:41,591 - [learn.AI/classify] - DEBUG - Using 5 features to classify!
2025-07-16 03:23:41,591 - [server/classify] - DEBUG - classifed for raaise-18-06 0 ms
127.0.0.1 - - [16/Jul/2025 03:23:41] "POST /classify HTTP/1.1" 200 -
2025-07-16 03:23:41,642 - [learn.AI/classify] - DEBUG - Using 5 features to classify!
2025-07-16 03:23:41,732 - [server/classify] - DEBUG - classifed for raaise-18-06 -90 ms
127.0.0.1 - - [16/Jul/2025 03:23:41] "POST /classify HTTP/1.1" 200 -
2025-07-16 03:23:41,778 - [learn.AI/classify] - DEBUG - Using 5 features to classify!
2025-07-16 03:23:41,779 - [server/classify] - DEBUG - classifed for raaise-18-06 -1 ms
127.0.0.1 - - [16/Jul/2025 03:23:41] "POST /classify HTTP/1.1" 200 -
2025-07-16 03:23:41,965 - [learn.AI/classify] - DEBUG - Using 5 features to classify!
2025-07-16 03:23:41,965 - [server/classify] - DEBUG - classifed for raaise-18-06 0 ms
127.0.0.1 - - [16/Jul/2025 03:23:41] "POST /classify HTTP/1.1" 200 -
127.0.0.1 - - [16/Jul/2025 03:23:46] "POST /plot HTTP/1.1" 200 -
