2025-07-09 06:42:04 [37m[DEBUG][0m [PID-15] mode.go Run:49 current families: [] 
2025-07-09 06:42:04 [36m[INFO][0m [PID-15] server.go Run:579 Running on 0.0.0.0:8003 
2025-07-09 06:42:06 [36m[INFO][0m [PID-15] server.go func1:1360 172.18.0.1:36186 GET /ws?device=all&family=raaise-18-06 356.239µs 
2025-07-09 06:42:33 [37m[DEBUG][0m [PID-15] websockets.go websocketListener:81 removed raaise-18-06-all/172.18.0.1:36186 
2025-07-09 06:42:33 [33m[WARN][0m [PID-15] server.go func14:541 You need to add learning data first: group 'raaise-18-06' does not exist 
2025-07-09 06:42:33 [36m[INFO][0m [PID-15] server.go func1:1360 172.18.0.1:39960 GET /view/dashboard/raaise-18-06 1.825964ms 
2025-07-09 06:42:33 [36m[INFO][0m [PID-15] server.go func1:1360 172.18.0.1:39964 GET /ws?device=all&family=raaise-18-06 50.548µs 
2025-07-09 06:42:33 [37m[DEBUG][0m [PID-15] websockets.go websocketListener:81 removed raaise-18-06-all/172.18.0.1:39964 
2025-07-09 06:42:34 [37m[DEBUG][0m [PID-15] server.go 1:284 [raaise-18-06] getting gps 
2025-07-09 06:42:34 [36m[INFO][0m [PID-15] server.go func1:1360 172.18.0.1:39968 GET /view/gps/raaise-18-06 469.419µs 
2025-07-09 06:42:34 [36m[INFO][0m [PID-15] server.go func1:1360 172.18.0.1:40020 GET /ws?device=all&family=raaise-18-06 88.827µs 
2025-07-09 06:42:34 [37m[DEBUG][0m [PID-15] server.go 1:284 [raaise-18-06] getting gps 
2025-07-09 06:42:34 [36m[INFO][0m [PID-15] server.go func1:1360 172.18.0.1:39960 GET /view/gps/raaise-18-06 163.839µs 
2025-07-09 06:43:08 [37m[DEBUG][0m [PID-15] websockets.go websocketListener:81 removed raaise-18-06-all/172.18.0.1:40020 
2025-07-09 06:43:08 [37m[DEBUG][0m [PID-15] db.go GetSensorFromGreaterTime:429 using minimum timestamp of 1751937957792 
2025-07-09 06:43:08 [37m[DEBUG][0m [PID-15] db.go getRows:1055 getting columns 
2025-07-09 06:43:08 [37m[DEBUG][0m [PID-15] db.go getRows:1062 getting sensorstringsizer 
2025-07-09 06:43:08 [37m[DEBUG][0m [PID-15] db.go getRows:1079 getting locations 
2025-07-09 06:43:08 [37m[DEBUG][0m [PID-15] db.go getRows:1085 got locations 
2025-07-09 06:43:08 [37m[DEBUG][0m [PID-15] server.go 1:367 [raaise-18-06] got sensor from greater time 2.221675ms 
2025-07-09 06:43:08 [37m[DEBUG][0m [PID-15] server.go 1:380 [raaise-18-06] found 3 devices to check 
2025-07-09 06:43:08 [37m[DEBUG][0m [PID-15] server.go 1:381 [raaise-18-06] getting device counts 
2025-07-09 06:43:08 [37m[DEBUG][0m [PID-15] server.go 1:399 found 3 devices 
2025-07-09 06:43:08 [37m[DEBUG][0m [PID-15] server.go 1:400 [raaise-18-06] getting locations 
2025-07-09 06:43:08 [37m[DEBUG][0m [PID-15] server.go 1:407 found 13 locations 
2025-07-09 06:43:08 [37m[DEBUG][0m [PID-15] server.go 1:408 [raaise-18-06] total learned count 
2025-07-09 06:43:08 [37m[DEBUG][0m [PID-15] server.go 1:434 [raaise-18-06] getting location count 
2025-07-09 06:43:08 [36m[INFO][0m [PID-15] server.go func1:1360 172.18.0.1:60258 GET /ws?device=all&family=raaise-18-06 193.084µs 
2025-07-09 06:43:08 [37m[DEBUG][0m [PID-15] server.go 1:440 [raaise-18-06] locations: map[a14:541 a16:631 a17:500 a04:562 a02:590 a01:599 a07:550 a06:453 a11:552 a03:677 a10:653 a13:610 a15:815] 
2025-07-09 06:43:08 [37m[DEBUG][0m [PID-15] server.go 1:489 [raaise-18-06] getting by_locations for 3 devices 
2025-07-09 06:43:08 [37m[DEBUG][0m [PID-15] db.go GetSensorFromGreaterTime:429 using minimum timestamp of 1751940657792 
2025-07-09 06:43:08 [37m[DEBUG][0m [PID-15] db.go getRows:1055 getting columns 
2025-07-09 06:43:08 [37m[DEBUG][0m [PID-15] db.go getRows:1062 getting sensorstringsizer 
2025-07-09 06:43:08 [37m[DEBUG][0m [PID-15] db.go getRows:1079 getting locations 
2025-07-09 06:43:08 [37m[DEBUG][0m [PID-15] db.go getRows:1085 got locations 
2025-07-09 06:43:08 [37m[DEBUG][0m [PID-15] analysis.go GetByLocation:299 [raaise-18-06] got sensor from greater time 1.397216ms 
2025-07-09 06:43:08 [37m[DEBUG][0m [PID-15] analysis.go GetByLocation:313 [raaise-18-06] got predictions in map 91.145µs 
2025-07-09 06:43:08 [37m[DEBUG][0m [PID-15] analysis.go GetByLocation:321 [raaise-18-06] found 1 devices to check 
2025-07-09 06:43:08 [37m[DEBUG][0m [PID-15] analysis.go GetByLocation:331 [raaise-18-06] got device counts 50ns 
2025-07-09 06:43:08 [37m[DEBUG][0m [PID-15] analysis.go GetByLocation:339 [raaise-18-06] got device first-time 1.048213ms 
2025-07-09 06:43:08 [37m[DEBUG][0m [PID-15] server.go 1:495 [raaise-18-06] creating device table 
2025-07-09 06:43:08 [37m[DEBUG][0m [PID-15] server.go 1:536 [raaise-18-06] rendered dashboard in 63.743091ms 
2025-07-09 06:43:08 [36m[INFO][0m [PID-15] server.go func1:1360 172.18.0.1:39960 GET /view/dashboard/raaise-18-06 64.04996ms 
2025-07-09 06:43:08 [37m[DEBUG][0m [PID-15] websockets.go websocketListener:81 removed raaise-18-06-all/172.18.0.1:60258 
2025-07-09 06:43:08 [37m[DEBUG][0m [PID-15] server.go 1:284 [raaise-18-06] getting gps 
2025-07-09 06:43:08 [36m[INFO][0m [PID-15] server.go func1:1360 172.18.0.1:39960 GET /view/gps/raaise-18-06 5.299063ms 
2025-07-09 06:43:08 [36m[INFO][0m [PID-15] server.go func1:1360 172.18.0.1:36980 GET /ws?device=all&family=raaise-18-06 66.796µs 
2025-07-09 06:43:11 [37m[DEBUG][0m [PID-15] websockets.go websocketListener:81 removed raaise-18-06-all/172.18.0.1:36980 
2025-07-09 06:43:11 [37m[DEBUG][0m [PID-15] db.go GetSensorFromGreaterTime:429 using minimum timestamp of 1751937957792 
2025-07-09 06:43:11 [37m[DEBUG][0m [PID-15] db.go getRows:1055 getting columns 
2025-07-09 06:43:11 [37m[DEBUG][0m [PID-15] db.go getRows:1062 getting sensorstringsizer 
2025-07-09 06:43:11 [37m[DEBUG][0m [PID-15] db.go getRows:1079 getting locations 
2025-07-09 06:43:11 [37m[DEBUG][0m [PID-15] db.go getRows:1085 got locations 
2025-07-09 06:43:11 [37m[DEBUG][0m [PID-15] server.go 1:367 [raaise-18-06] got sensor from greater time 1.719104ms 
2025-07-09 06:43:11 [37m[DEBUG][0m [PID-15] server.go 1:380 [raaise-18-06] found 3 devices to check 
2025-07-09 06:43:11 [37m[DEBUG][0m [PID-15] server.go 1:381 [raaise-18-06] getting device counts 
2025-07-09 06:43:11 [36m[INFO][0m [PID-15] server.go func1:1360 172.18.0.1:36988 GET /ws?device=all&family=raaise-18-06 38.253µs 
2025-07-09 06:43:11 [37m[DEBUG][0m [PID-15] server.go 1:399 found 3 devices 
2025-07-09 06:43:11 [37m[DEBUG][0m [PID-15] server.go 1:400 [raaise-18-06] getting locations 
2025-07-09 06:43:12 [37m[DEBUG][0m [PID-15] server.go 1:407 found 13 locations 
2025-07-09 06:43:12 [37m[DEBUG][0m [PID-15] server.go 1:408 [raaise-18-06] total learned count 
2025-07-09 06:43:12 [37m[DEBUG][0m [PID-15] server.go 1:434 [raaise-18-06] getting location count 
2025-07-09 06:43:12 [37m[DEBUG][0m [PID-15] server.go 1:440 [raaise-18-06] locations: map[a04:562 a10:653 a13:610 a14:541 a15:815 a17:500 a03:677 a02:590 a01:599 a11:552 a07:550 a06:453 a16:631] 
2025-07-09 06:43:12 [37m[DEBUG][0m [PID-15] server.go 1:489 [raaise-18-06] getting by_locations for 3 devices 
2025-07-09 06:43:12 [37m[DEBUG][0m [PID-15] db.go GetSensorFromGreaterTime:429 using minimum timestamp of 1751940657792 
2025-07-09 06:43:12 [37m[DEBUG][0m [PID-15] db.go getRows:1055 getting columns 
2025-07-09 06:43:12 [37m[DEBUG][0m [PID-15] db.go getRows:1062 getting sensorstringsizer 
2025-07-09 06:43:12 [37m[DEBUG][0m [PID-15] db.go getRows:1079 getting locations 
2025-07-09 06:43:12 [37m[DEBUG][0m [PID-15] db.go getRows:1085 got locations 
2025-07-09 06:43:12 [37m[DEBUG][0m [PID-15] analysis.go GetByLocation:299 [raaise-18-06] got sensor from greater time 3.547241ms 
2025-07-09 06:43:12 [37m[DEBUG][0m [PID-15] analysis.go GetByLocation:313 [raaise-18-06] got predictions in map 444.176µs 
2025-07-09 06:43:12 [37m[DEBUG][0m [PID-15] analysis.go GetByLocation:321 [raaise-18-06] found 1 devices to check 
2025-07-09 06:43:12 [37m[DEBUG][0m [PID-15] analysis.go GetByLocation:331 [raaise-18-06] got device counts 1.719µs 
2025-07-09 06:43:12 [37m[DEBUG][0m [PID-15] analysis.go GetByLocation:339 [raaise-18-06] got device first-time 458.914µs 
2025-07-09 06:43:12 [37m[DEBUG][0m [PID-15] server.go 1:495 [raaise-18-06] creating device table 
2025-07-09 06:43:12 [37m[DEBUG][0m [PID-15] server.go 1:536 [raaise-18-06] rendered dashboard in 36.95336ms 
2025-07-09 06:43:12 [36m[INFO][0m [PID-15] server.go func1:1360 172.18.0.1:39960 GET /view/dashboard/raaise-18-06 37.720378ms 
2025-07-09 06:43:12 [37m[DEBUG][0m [PID-15] websockets.go websocketListener:81 removed raaise-18-06-all/172.18.0.1:36988 
2025-07-09 06:43:12 [37m[DEBUG][0m [PID-15] server.go 1:284 [raaise-18-06] getting gps 
2025-07-09 06:43:12 [36m[INFO][0m [PID-15] server.go func1:1360 172.18.0.1:39960 GET /view/gps/raaise-18-06 12.550883ms 
2025-07-09 06:43:12 [36m[INFO][0m [PID-15] server.go func1:1360 172.18.0.1:37002 GET /ws?device=all&family=raaise-18-06 49.809µs 
2025-07-09 06:43:24 [37m[DEBUG][0m [PID-15] db.go getRows:1055 getting columns 
2025-07-09 06:43:24 [37m[DEBUG][0m [PID-15] db.go getRows:1062 getting sensorstringsizer 
2025-07-09 06:43:24 [37m[DEBUG][0m [PID-15] db.go getRows:1079 getting locations 
2025-07-09 06:43:24 [37m[DEBUG][0m [PID-15] db.go getRows:1085 got locations 
2025-07-09 06:43:25 [37m[DEBUG][0m [PID-15] calibration.go splitDataForLearning:112 splitting a02 data for cross validation (62 -> 43) 
2025-07-09 06:43:25 [37m[DEBUG][0m [PID-15] calibration.go splitDataForLearning:112 splitting a03 data for cross validation (88 -> 61) 
2025-07-09 06:43:25 [37m[DEBUG][0m [PID-15] calibration.go splitDataForLearning:112 splitting a06 data for cross validation (51 -> 35) 
2025-07-09 06:43:25 [37m[DEBUG][0m [PID-15] calibration.go splitDataForLearning:112 splitting a14 data for cross validation (70 -> 49) 
2025-07-09 06:43:25 [37m[DEBUG][0m [PID-15] calibration.go splitDataForLearning:112 splitting a16 data for cross validation (96 -> 67) 
2025-07-09 06:43:25 [37m[DEBUG][0m [PID-15] calibration.go splitDataForLearning:112 splitting a01 data for cross validation (72 -> 50) 
2025-07-09 06:43:25 [37m[DEBUG][0m [PID-15] calibration.go splitDataForLearning:112 splitting a10 data for cross validation (77 -> 53) 
2025-07-09 06:43:25 [37m[DEBUG][0m [PID-15] calibration.go splitDataForLearning:112 splitting a17 data for cross validation (76 -> 53) 
2025-07-09 06:43:25 [37m[DEBUG][0m [PID-15] calibration.go splitDataForLearning:112 splitting a04 data for cross validation (78 -> 54) 
2025-07-09 06:43:25 [37m[DEBUG][0m [PID-15] calibration.go splitDataForLearning:112 splitting a07 data for cross validation (65 -> 45) 
2025-07-09 06:43:25 [37m[DEBUG][0m [PID-15] calibration.go splitDataForLearning:112 splitting a13 data for cross validation (81 -> 56) 
2025-07-09 06:43:25 [37m[DEBUG][0m [PID-15] calibration.go splitDataForLearning:112 splitting a15 data for cross validation (106 -> 74) 
2025-07-09 06:43:25 [37m[DEBUG][0m [PID-15] calibration.go splitDataForLearning:112 splitting a11 data for cross validation (78 -> 54) 
2025-07-09 06:43:25 [37m[DEBUG][0m [PID-15] calibration.go splitDataForLearning:126 [raaise-18-06]  learning: 1000, testing: 306 
2025-07-09 06:43:25 [37m[DEBUG][0m [PID-15] calibration.go Calibrate:44 naive bayes1 fitting 
2025-07-09 06:43:25 [37m[DEBUG][0m [PID-15] calibration.go Calibrate:52 naive bayes2 fitting 
2025-07-09 06:43:25 [37m[DEBUG][0m [PID-15] calibration.go learnFromData:142 [raaise-18-06] writing data to /data/data/u91n4xxm.csv 
2025-07-09 06:43:25 [36m[INFO][0m [PID-15] calibration.go dumpSensorsToCSV:431 [raaise-18-06] dumping 694 fingerprints to /data/data/u91n4xxm.csv 
2025-07-09 06:43:25 [37m[DEBUG][0m [PID-15] buffer.go learnFromData:450 sending payload: {"family":"raaise-18-06","csv_file":"u91n4xxm.csv","data_folder":"/data/data"} 
2025-07-09 06:43:26 [37m[DEBUG][0m [PID-15] calibration.go learnFromData:174 success: calibrated data 
2025-07-09 06:43:26 [36m[INFO][0m [PID-15] server.go func1:1360 172.18.0.1:39960 GET /api/v1/calibrate/raaise-18-06 2.171842877s 
2025-07-09 06:43:26 [37m[DEBUG][0m [PID-15] calibration.go findBestAlgorithm:185 [raaise-18-06] finding best algorithm for 306 data 
2025-07-09 06:43:26 [37m[DEBUG][0m [PID-15] analysis.go func1:112 [raaise-18-06] python classified 22.56035ms 
2025-07-09 06:43:26 [31m[ERROR][0m [PID-15] analysis.go AnalyzeSensorData:222 problem analyzing: no predictions 
2025-07-09 06:43:26 [33m[WARN][0m [PID-15] calibration.go func1:202 problem with machine learnaing: problem analyzing: no predictions: {Timestamp:1750221468646 Family:raaise-18-06 Device:user 2 Location:a02 Sensors:map[bluetooth:map[] wifi:map[38:91:b7:1a:22:ed:-82 38:91:b7:1c:08:4f:-66 00:df:1d:de:de:f0:-61 00:df:1d:de:de:fd:-74 6c:cd:d6:ca:90:e1:-66 38:91:b7:1c:76:51:-57 38:91:b7:1c:76:52:-58 38:91:b7:1c:01:bc:-65 38:91:b7:1a:22:ec:-82 ec:f4:0c:2f:57:dc:-92 5c:62:8b:68:95:db:-51 38:91:b7:1c:0b:dc:-67 62:61:b4:88:79:ce:-70 38:91:b7:1c:08:4c:-66 38:91:b7:1c:08:4d:-66 38:91:b7:1c:66:0c:-52 6c:cd:d6:ca:90:e2:-73 38:91:b7:1c:76:53:-59 00:df:1d:de:de:f2:-59 38:91:b7:1c:01:bf:-65 ec:f4:0c:2f:57:df:-92 38:91:b7:1c:0b:dd:-68 38:91:b7:19:2e:4d:-79 38:91:b7:1c:76:5e:-75 00:df:1d:de:de:ff:-73 38:91:b7:1c:76:5f:-75 38:91:b7:1c:08:4e:-66 54:af:97:56:4d:dc:-77 ec:f4:0c:2f:57:de:-92 38:91:b7:1c:0b:df:-67 00:df:1d:de:de:fc:-74 5e:62:8b:28:93:ae:-43 5e:62:8b:28:95:db:-51 1c:61:b4:88:79:cb:-70 38:91:b7:1c:01:bd:-65 38:91:b7:1c:66:0f:-53 38:91:b7:1c:66:0d:-53 1c:61:b4:88:79:ca:-76 38:91:b7:1c:76:5d:-75 00:df:1d:de:de:f1:-60 38:91:b7:1a:22:ee:-82 38:91:b7:1c:76:5c:-74 00:df:1d:de:de:fe:-74 5e:62:8b:28:97:af:-62 5e:62:8b:28:95:da:-46 38:91:b7:1c:66:0e:-53 38:91:b7:1c:01:be:-65 5e:62:8b:28:93:af:-48 38:91:b7:1a:22:ef:-82 38:91:b7:19:2e:4e:-78 38:91:b7:19:2e:4f:-79 50:91:e3:f8:87:2b:-76 38:91:b7:19:2e:4c:-78 ec:f4:0c:2f:57:dd:-91 38:91:b7:1a:22:e0:-77 38:91:b7:1c:76:50:-59 38:91:b7:1c:0b:de:-67 00:df:1d:de:de:f3:-58]] GPS:{Latitude:0 Longitude:0 Altitude:0}} 
2025-07-09 06:43:26 [31m[ERROR][0m [PID-15] analysis.go AnalyzeSensorData:222 problem analyzing: no predictions 
2025-07-09 06:43:26 [33m[WARN][0m [PID-15] calibration.go func1:202 problem with machine learnaing: problem analyzing: no predictions: {Timestamp:1750221386716 Family:raaise-18-06 Device:user 1 Location:a02 Sensors:map[wifi:map[5e:62:8b:28:97:af:-65 38:91:b7:19:2e:4c:-77 00:df:1d:de:de:fd:-68 38:91:b7:19:2e:4f:-77 38:91:b7:1c:0b:de:-68 38:91:b7:1c:08:4d:-60 38:91:b7:1c:0b:dc:-70 00:df:1d:de:de:fe:-68 38:91:b7:1a:22:e2:-76 38:91:b7:1a:22:e3:-76 00:df:1d:de:de:fc:-68 38:91:b7:1c:0b:df:-70 ec:f4:0c:2f:57:de:-91 00:df:1d:de:de:f1:-61 ec:f4:0c:2f:57:dc:-91 52:91:e3:28:87:29:-69 6c:cd:d6:ca:90:e2:-72 5e:62:8b:28:93:af:-48 38:91:b7:1c:08:4e:-60 ec:f4:0c:2f:57:dd:-91 5e:62:8b:28:93:ae:-47 00:df:1d:de:de:f3:-62 5e:62:8b:28:95:db:-54 9a:61:b4:88:79:cc:-76 38:91:b7:19:2e:4d:-77 ec:f4:0c:2f:57:df:-91 38:91:b7:19:2e:4e:-78 5e:62:8b:28:99:e3:-65 5c:62:8b:68:93:af:-46 00:df:1d:de:de:f2:-62 1c:61:b4:88:79:ca:-76 00:df:1d:de:de:ff:-68 38:91:b7:1c:0b:dd:-70 50:91:e3:f8:87:29:-72 50:91:e3:f8:87:2b:-75 5c:62:8b:68:95:db:-54 38:91:b7:1a:22:e1:-76 00:df:1d:de:de:f0:-62 38:91:b7:1c:08:4f:-60 54:af:97:56:4d:dc:-76 38:91:b7:1c:08:4c:-60] bluetooth:map[]] GPS:{Latitude:0 Longitude:0 Altitude:0}} 
2025-07-09 06:43:26 [31m[ERROR][0m [PID-15] analysis.go AnalyzeSensorData:222 problem analyzing: no predictions 
2025-07-09 06:43:26 [33m[WARN][0m [PID-15] calibration.go func1:202 problem with machine learnaing: problem analyzing: no predictions: {Timestamp:1750221686717 Family:raaise-18-06 Device:user 1 Location:a02 Sensors:map[wifi:map[00:df:1d:de:de:f1:-59 54:af:97:56:4d:dd:-77 38:91:b7:1c:0b:de:-65 aa:61:b4:88:79:cf:-81 38:91:b7:1c:76:51:-60 5e:62:8b:28:95:da:-54 38:91:b7:1c:76:53:-58 38:91:b7:1c:08:4f:-67 38:91:b7:1c:0b:df:-66 38:91:b7:1c:0b:dc:-65 38:91:b7:19:2e:4e:-76 ec:f4:0c:2f:57:dd:-84 00:df:1d:de:de:fe:-66 38:91:b7:19:2e:4f:-76 38:91:b7:19:2e:4d:-76 5e:62:8b:28:95:db:-50 38:91:b7:1c:76:52:-60 38:91:b7:1c:08:4c:-67 5e:62:8b:28:93:ae:-39 5c:62:8b:68:95:db:-50 54:af:97:56:4d:dc:-73 6c:cd:d6:ca:90:e1:-65 5c:62:8b:68:93:af:-50 00:df:1d:de:de:fd:-66 00:df:1d:de:de:fc:-66 1c:61:b4:88:79:ca:-73 38:91:b7:1c:76:50:-62 50:91:e3:f8:87:29:-64 38:91:b7:1c:08:4e:-67 5e:62:8b:28:93:af:-50 6c:cd:d6:ca:90:e2:-69 38:91:b7:1c:08:4d:-67 00:df:1d:de:de:f0:-61 00:df:1d:de:de:ff:-66 38:91:b7:1c:0b:dd:-66 1c:61:b4:88:79:cc:-82 ec:f4:0c:2f:57:dc:-84 38:91:b7:19:2e:4c:-76 ec:f4:0c:2f:57:de:-84 ec:f4:0c:2f:57:df:-85 50:91:e3:f8:87:2b:-71] bluetooth:map[]] GPS:{Latitude:0 Longitude:0 Altitude:0}} 
2025-07-09 06:43:26 [31m[ERROR][0m [PID-15] analysis.go AnalyzeSensorData:222 problem analyzing: no predictions 
2025-07-09 06:43:26 [33m[WARN][0m [PID-15] calibration.go func1:202 problem with machine learnaing: problem analyzing: no predictions: {Timestamp:1750221653650 Family:raaise-18-06 Device:user 2 Location:a02 Sensors:map[bluetooth:map[] wifi:map[ec:f4:0c:2f:57:de:-89 9c:a2:f4:58:88:db:-76 38:91:b7:1c:0b:dd:-69 38:91:b7:1c:01:bd:-64 38:91:b7:1c:76:53:-62 6c:cd:d6:ca:90:e2:-68 5c:62:8b:68:99:e3:-65 38:91:b7:1c:76:5f:-73 38:91:b7:1c:08:4e:-71 50:91:e3:f8:87:2b:-73 00:df:1d:de:de:fd:-73 38:91:b7:1a:22:ed:-81 00:df:1d:de:de:f3:-66 52:91:e3:78:87:29:-73 38:91:b7:1c:0b:de:-69 00:df:1d:de:de:f1:-64 38:91:b7:1c:0b:dc:-69 5e:62:8b:28:95:da:-47 38:91:b7:1c:76:50:-62 00:df:1d:de:de:ff:-73 38:91:b7:19:2e:4d:-76 6c:cd:d6:ca:90:e1:-74 aa:61:b4:88:79:cf:-75 5e:62:8b:28:93:af:-53 5e:62:8b:28:95:db:-49 5c:62:8b:68:98:fb:-69 38:91:b7:1c:76:51:-61 38:91:b7:1c:76:5d:-73 ec:f4:0c:2f:57:df:-88 5e:62:8b:28:97:af:-67 38:91:b7:1c:76:52:-61 1c:61:b4:88:79:cc:-75 ec:f4:0c:2f:57:dc:-88 38:91:b7:1c:66:0e:-53 38:91:b7:1c:66:0c:-53 1c:61:b4:88:79:cb:-69 38:91:b7:1c:01:bf:-64 38:91:b7:1c:08:4d:-71 50:91:e3:f8:87:29:-63 38:91:b7:1c:08:4f:-71 38:91:b7:1c:76:5c:-73 5e:62:8b:28:93:ae:-46 1c:61:b4:88:79:ca:-74 54:af:97:56:4d:dc:-74 62:61:b4:88:79:ce:-69 00:df:1d:de:de:fc:-73 00:df:1d:de:de:fe:-73 5e:62:8b:28:99:e3:-65 00:df:1d:de:de:f2:-66 38:91:b7:1c:66:0d:-53 38:91:b7:19:2e:4e:-76 38:91:b7:1c:66:0f:-53 38:91:b7:1c:0b:df:-69 38:91:b7:1a:22:ec:-81 38:91:b7:1a:22:ee:-81 18:a6:f7:21:47:c6:-97 38:91:b7:1c:76:5e:-73 38:91:b7:1a:22:ef:-80 9a:61:b4:88:79:cc:-76 38:91:b7:19:2e:4c:-76 54:af:97:56:4d:dd:-73 5c:62:8b:68:97:af:-68 5e:62:8b:28:98:fb:-68 38:91:b7:1c:01:be:-64 ec:f4:0c:2f:57:dd:-88 5c:62:8b:68:93:ae:-46 38:91:b7:1c:01:bc:-64 38:91:b7:19:2e:4f:-76 38:91:b7:1c:08:4c:-71]] GPS:{Latitude:0 Longitude:0 Altitude:0}} 
2025-07-09 06:43:26 [31m[ERROR][0m [PID-15] analysis.go AnalyzeSensorData:222 problem analyzing: no predictions 
2025-07-09 06:43:26 [33m[WARN][0m [PID-15] calibration.go func1:202 problem with machine learnaing: problem analyzing: no predictions: {Timestamp:1750221771716 Family:raaise-18-06 Device:user 1 Location:a02 Sensors:map[bluetooth:map[] wifi:map[6c:cd:d6:ca:90:e2:-71 5c:62:8b:68:98:fb:-69 1c:61:b4:88:79:ca:-77 5c:62:8b:68:97:af:-64 38:91:b7:1c:76:50:-59 5c:62:8b:68:99:e3:-65 00:df:1d:de:de:f0:-58 5c:62:8b:68:93:af:-46 aa:61:b4:88:79:ce:-76 ec:f4:0c:2f:57:df:-87 38:91:b7:1c:08:4e:-67 00:df:1d:de:de:fc:-70 00:df:1d:de:de:f2:-58 38:91:b7:19:2e:4f:-82 9c:a2:f4:58:88:db:-81 9a:61:b4:88:79:cc:-76 38:91:b7:1c:0b:de:-66 6c:cd:d6:ca:90:e1:-68 5c:62:8b:68:93:ae:-45 5e:62:8b:28:95:da:-53 38:91:b7:1c:0b:dd:-67 38:91:b7:1a:22:e3:-76 38:91:b7:1c:08:4d:-67 5e:62:8b:28:98:fb:-68 ec:f4:0c:2f:57:dc:-86 18:a6:f7:21:47:c6:-97 00:df:1d:de:de:f3:-58 54:af:97:56:4d:dd:-77 1c:61:b4:88:79:cc:-73 5e:62:8b:28:93:ae:-47 38:91:b7:19:2e:4e:-82 38:91:b7:19:2e:4c:-82 38:91:b7:1a:22:e2:-76 54:af:97:56:4d:dc:-76 5e:62:8b:28:95:db:-53 00:df:1d:de:de:f1:-58 38:91:b7:1c:76:52:-60 00:df:1d:de:de:fe:-68 38:91:b7:1c:08:4f:-66 5e:62:8b:28:97:af:-65 5c:62:8b:68:95:da:-48 38:91:b7:19:2e:4d:-82 5c:62:8b:68:97:ae:-64 50:91:e3:f8:87:2b:-75 5c:62:8b:68:95:db:-53 5e:62:8b:28:99:e3:-65 38:91:b7:1c:08:4c:-66 5e:62:8b:28:93:af:-46 00:df:1d:de:de:fd:-70 38:91:b7:1c:76:53:-60 38:91:b7:1c:76:51:-60 38:91:b7:1c:0b:df:-66 ec:f4:0c:2f:57:de:-87 38:91:b7:1a:22:e1:-75 38:91:b7:1a:22:e0:-75 50:91:e3:f8:87:29:-65 aa:61:b4:88:79:cf:-74 ec:f4:0c:2f:57:dd:-87 86:69:93:27:ad:35:-81 5c:62:8b:68:98:fa:-72 00:df:1d:de:de:ff:-70 52:91:e3:28:87:29:-65 52:91:e3:78:87:29:-75 38:91:b7:1c:0b:dc:-67]] GPS:{Latitude:0 Longitude:0 Altitude:0}} 
2025-07-09 06:43:26 [31m[ERROR][0m [PID-15] analysis.go AnalyzeSensorData:222 problem analyzing: no predictions 
2025-07-09 06:43:26 [33m[WARN][0m [PID-15] calibration.go func1:202 problem with machine learnaing: problem analyzing: no predictions: {Timestamp:1750228790586 Family:raaise-18-06 Device:user 2 Location:a02 Sensors:map[bluetooth:map[] wifi:map[38:91:b7:1c:08:4f:-69 38:91:b7:1a:22:e3:-76 ec:f4:0c:2f:57:de:-87 5c:62:8b:68:95:db:-48 00:df:1d:de:de:f2:-62 00:df:1d:de:de:f1:-62 ec:f4:0c:2f:57:dd:-87 5e:62:8b:28:97:ae:-61 38:91:b7:1a:9d:21:-89 38:91:b7:1c:0b:df:-63 38:91:b7:1c:76:5d:-75 38:91:b7:1c:08:4d:-68 38:91:b7:19:2e:4e:-76 38:91:b7:1c:76:50:-58 38:91:b7:1c:0b:de:-63 38:91:b7:1c:08:4c:-68 5e:62:8b:28:95:db:-48 5c:62:8b:68:99:e2:-70 38:91:b7:1c:76:52:-58 38:91:b7:1c:01:bf:-65 38:91:b7:1a:9d:22:-90 38:91:b7:1a:22:ed:-84 38:91:b7:1c:76:5c:-74 00:df:1d:de:de:f0:-62 5e:62:8b:28:97:af:-63 ec:f4:0c:2f:57:df:-87 54:af:97:56:4d:dc:-75 38:91:b7:19:2e:4f:-76 38:91:b7:1a:9d:23:-90 38:91:b7:1c:76:5e:-74 38:91:b7:1a:22:e0:-74 38:91:b7:1c:01:bd:-65 00:df:1d:de:de:fe:-73 50:91:e3:f8:87:2b:-78 38:91:b7:1c:76:5f:-75 38:91:b7:1c:0b:dd:-63 38:91:b7:19:2e:4c:-76 38:91:b7:1a:22:ef:-85 38:91:b7:1a:22:ee:-85 9c:a2:f4:58:88:db:-75 38:91:b7:1a:22:e1:-74 ec:f4:0c:2f:57:dc:-87 6c:cd:d6:ca:90:e2:-74 38:91:b7:1c:76:53:-58 38:91:b7:1c:76:51:-58 38:91:b7:1a:22:ec:-84 00:df:1d:de:de:f3:-62 38:91:b7:19:2e:4d:-76 38:91:b7:1c:01:be:-65 5e:62:8b:28:95:da:-39 38:91:b7:1c:08:4e:-69 6c:cd:d6:ca:90:e1:-67 38:91:b7:1c:01:bc:-65 5e:62:8b:28:93:af:-44 38:91:b7:1c:0b:dc:-63 00:df:1d:de:de:fc:-73 38:91:b7:1a:22:e2:-76 00:df:1d:de:de:fd:-73 00:df:1d:de:de:ff:-73]] GPS:{Latitude:0 Longitude:0 Altitude:0}} 
2025-07-09 06:43:26 [31m[ERROR][0m [PID-15] analysis.go AnalyzeSensorData:222 problem analyzing: no predictions 
2025-07-09 06:43:26 [33m[WARN][0m [PID-15] calibration.go func1:202 problem with machine learnaing: problem analyzing: no predictions: {Timestamp:1750221913644 Family:raaise-18-06 Device:user 2 Location:a02 Sensors:map[bluetooth:map[] wifi:map[38:91:b7:1c:76:5c:-70 ec:f4:0c:2f:57:dc:-87 38:91:b7:1a:22:ed:-81 00:df:1d:de:de:ff:-72 38:91:b7:1c:66:0f:-50 1c:61:b4:88:79:ca:-74 38:91:b7:1c:01:bd:-68 38:91:b7:1a:22:e2:-73 5e:62:8b:28:95:da:-53 38:91:b7:1c:01:bf:-68 38:91:b7:1c:0b:dd:-69 54:af:97:56:4d:dd:-78 38:91:b7:1c:76:5f:-70 5c:62:8b:68:98:fb:-78 52:91:e3:78:87:29:-74 38:91:b7:1a:22:ef:-80 5e:62:8b:28:95:db:-53 ec:f4:0c:2f:57:dd:-87 5e:62:8b:28:93:ae:-46 5c:62:8b:68:93:ae:-47 6c:cd:d6:ca:90:e1:-68 ec:f4:0c:2f:57:de:-87 38:91:b7:1a:22:ee:-81 38:91:b7:19:2e:4e:-75 00:df:1d:de:de:fe:-73 38:91:b7:1c:01:bc:-68 38:91:b7:1c:76:52:-60 38:91:b7:1c:0b:df:-68 38:91:b7:1c:76:5d:-70 38:91:b7:1c:76:5e:-70 00:df:1d:de:de:fd:-73 38:91:b7:1c:0b:de:-69 1c:61:b4:88:79:cb:-71 00:df:1d:de:de:f2:-61 38:91:b7:1c:01:be:-68 5e:62:8b:28:93:af:-50 50:91:e3:f8:87:2b:-75 38:91:b7:1a:22:ec:-81 38:91:b7:1c:66:0d:-51 00:df:1d:de:de:f1:-63 38:91:b7:19:2e:4f:-75 38:91:b7:19:2e:4c:-75 1c:61:b4:88:79:cc:-78 38:91:b7:1c:76:51:-60 38:91:b7:1c:08:4d:-66 5c:62:8b:68:99:e3:-65 38:91:b7:1c:76:50:-60 50:91:e3:f8:87:29:-68 6c:cd:d6:ca:90:e2:-72 38:91:b7:1a:22:e0:-74 38:91:b7:19:2e:4d:-75 38:91:b7:1a:22:e3:-73 38:91:b7:1c:08:4e:-66 38:91:b7:1c:08:4c:-66 aa:61:b4:88:79:cf:-78 38:91:b7:1c:66:0c:-51 38:91:b7:1c:08:4f:-66 38:91:b7:1c:76:53:-60 00:df:1d:de:de:f3:-62 ec:f4:0c:2f:57:df:-87 00:df:1d:de:de:f0:-63 38:91:b7:1c:0b:dc:-69 38:91:b7:1a:22:e1:-74 62:61:b4:88:79:ce:-72 38:91:b7:1c:66:0e:-51 00:df:1d:de:de:fc:-73]] GPS:{Latitude:0 Longitude:0 Altitude:0}} 
2025-07-09 06:43:26 [37m[DEBUG][0m [PID-15] analysis.go func1:112 [raaise-18-06] python classified 229.9874ms 
2025-07-09 06:43:26 [37m[DEBUG][0m [PID-15] analysis.go func1:112 [raaise-18-06] python classified 230.992377ms 
2025-07-09 06:43:26 [31m[ERROR][0m [PID-15] analysis.go AnalyzeSensorData:222 problem analyzing: no predictions 
2025-07-09 06:43:26 [33m[WARN][0m [PID-15] calibration.go func1:202 problem with machine learnaing: problem analyzing: no predictions: {Timestamp:1750229005596 Family:raaise-18-06 Device:user 2 Location:a02 Sensors:map[wifi:map[62:61:b4:88:79:ce:-69 86:69:93:27:ad:35:-79 38:91:b7:1c:0b:de:-64 38:91:b7:1a:22:e3:-73 38:91:b7:19:2e:4d:-77 50:91:e3:f8:87:2b:-78 9a:61:b4:88:79:cc:-71 38:91:b7:1c:66:0d:-55 aa:61:b4:88:79:ce:-76 54:af:97:56:4d:dc:-74 38:91:b7:1c:66:0c:-55 00:df:1d:de:de:f3:-62 38:91:b7:19:2e:4f:-77 00:df:1d:de:de:ff:-72 38:91:b7:1c:08:4c:-68 ec:f4:0c:2f:57:dd:-88 00:df:1d:de:de:f1:-61 38:91:b7:1c:01:bf:-65 00:df:1d:de:de:f2:-61 6c:cd:d6:ca:90:e1:-69 00:df:1d:de:de:f0:-63 aa:61:b4:88:79:cf:-76 38:91:b7:1a:22:e0:-73 38:91:b7:1c:66:0e:-55 38:91:b7:1c:76:5d:-74 38:91:b7:1c:08:4d:-68 1c:61:b4:88:79:ca:-71 38:91:b7:1c:01:bd:-65 54:af:97:56:4d:dd:-75 38:91:b7:1a:22:ef:-84 38:91:b7:1c:0b:df:-63 38:91:b7:1c:76:51:-57 38:91:b7:1c:76:5e:-74 38:91:b7:1c:76:5c:-74 1c:61:b4:88:79:cb:-70 38:91:b7:1c:76:50:-58 38:91:b7:1a:22:ed:-84 38:91:b7:1a:22:ec:-84 38:91:b7:1c:01:bc:-65 38:91:b7:1c:01:be:-65 52:91:e3:78:87:29:-77 38:91:b7:19:2e:4e:-77 5e:62:8b:28:95:db:-49 5c:62:8b:68:93:af:-45 5e:62:8b:28:99:e3:-68 38:91:b7:1c:76:5f:-74 5e:62:8b:28:97:ae:-64 5c:62:8b:68:98:fb:-77 38:91:b7:19:2e:4c:-77 1c:61:b4:88:79:cc:-76 ec:f4:0c:2f:57:dc:-88 5c:62:8b:68:97:af:-61 38:91:b7:1c:0b:dc:-63 5e:62:8b:28:98:fb:-76 38:91:b7:1a:22:e1:-73 38:91:b7:1c:08:4f:-68 ec:f4:0c:2f:57:de:-88 38:91:b7:1a:22:ee:-84 00:df:1d:de:de:fd:-73 38:91:b7:1c:76:52:-58 38:91:b7:1c:66:0f:-55 38:91:b7:1c:08:4e:-68 ec:f4:0c:2f:57:df:-88 00:df:1d:de:de:fe:-72 5c:62:8b:68:98:fa:-72 5e:62:8b:28:97:af:-62 38:91:b7:1c:76:53:-56 5e:62:8b:28:93:af:-46 38:91:b7:1a:22:e2:-74 9c:a2:f4:58:88:db:-75 5e:62:8b:28:93:ae:-57 00:df:1d:de:de:fc:-73 5c:62:8b:68:99:e3:-68 5c:62:8b:68:97:ae:-63 6c:cd:d6:ca:90:e2:-74 38:91:b7:1c:0b:dd:-63] bluetooth:map[]] GPS:{Latitude:0 Longitude:0 Altitude:0}} 
2025-07-09 06:43:26 [37m[DEBUG][0m [PID-15] analysis.go func1:112 [raaise-18-06] python classified 361.319041ms 
2025-07-09 06:43:27 [31m[ERROR][0m [PID-15] analysis.go AnalyzeSensorData:222 problem analyzing: no predictions 
2025-07-09 06:43:27 [33m[WARN][0m [PID-15] calibration.go func1:202 problem with machine learnaing: problem analyzing: no predictions: {Timestamp:1750221303649 Family:raaise-18-06 Device:user 2 Location:a02 Sensors:map[bluetooth:map[] wifi:map[1c:61:b4:88:79:ca:-77 38:91:b7:1c:66:0f:-51 38:91:b7:1c:76:5e:-71 38:91:b7:1c:0b:dc:-71 38:91:b7:1c:08:4d:-60 5e:62:8b:28:95:db:-55 00:df:1d:de:de:f0:-65 9a:61:b4:88:79:cc:-77 38:91:b7:1c:0b:de:-71 00:df:1d:de:de:fe:-67 54:af:97:56:4d:dd:-73 38:91:b7:1c:66:0e:-51 38:91:b7:1c:08:4e:-59 ec:f4:0c:2f:57:dd:-85 5c:62:8b:68:95:db:-51 38:91:b7:1c:66:0c:-51 1c:61:b4:88:79:cb:-70 38:91:b7:1c:01:bd:-64 38:91:b7:1c:08:4f:-59 38:91:b7:1a:22:ee:-80 38:91:b7:19:2e:4e:-80 38:91:b7:1a:22:ed:-81 6c:cd:d6:ca:90:e2:-73 5e:62:8b:28:99:e3:-65 00:df:1d:de:de:fd:-70 54:af:97:56:4d:dc:-77 52:91:e3:28:87:29:-66 1a:61:b4:ac:59:58:-96 38:91:b7:19:2e:4c:-80 38:91:b7:19:2e:4d:-74 38:91:b7:1a:22:ef:-81 00:df:1d:de:de:f1:-65 5c:62:8b:68:97:ae:-64 00:df:1d:de:de:ff:-67 38:91:b7:1c:08:4c:-60 ec:f4:0c:2f:57:dc:-85 5e:62:8b:28:98:fb:-70 38:91:b7:1a:22:ec:-80 52:91:e3:78:87:29:-74 62:61:b4:88:79:ce:-68 38:91:b7:1c:01:bf:-64 38:91:b7:1c:76:5d:-71 38:91:b7:1c:66:0d:-50 38:91:b7:1c:76:53:-65 50:91:e3:f8:87:2b:-75 38:91:b7:1c:76:5f:-71 5e:62:8b:28:97:af:-66 38:91:b7:1c:76:50:-64 6c:cd:d6:ca:90:e1:-64 5c:62:8b:68:97:af:-66 5c:62:8b:68:95:da:-52 9c:a2:f4:58:88:db:-79 5e:62:8b:28:95:da:-53 ec:f4:0c:2f:57:df:-85 ec:f4:0c:2f:57:de:-85 38:91:b7:1c:01:be:-64 5c:62:8b:68:99:e3:-67 38:91:b7:1c:76:51:-65 38:91:b7:1c:01:bc:-64 38:91:b7:1c:0b:df:-71 38:91:b7:19:2e:4f:-74 00:df:1d:de:de:fc:-70 38:91:b7:1c:76:52:-66 5e:62:8b:28:93:af:-44 38:91:b7:1c:0b:dd:-71 00:df:1d:de:de:f2:-65 5e:62:8b:28:93:ae:-42 38:91:b7:1c:76:5c:-71 5c:62:8b:68:98:fb:-71 5c:62:8b:68:93:af:-45 00:df:1d:de:de:f3:-65 50:91:e3:f8:87:29:-66]] GPS:{Latitude:0 Longitude:0 Altitude:0}} 
2025-07-09 06:43:27 [37m[DEBUG][0m [PID-15] analysis.go func1:112 [raaise-18-06] python classified 450.213545ms 
2025-07-09 06:43:27 [37m[DEBUG][0m [PID-15] analysis.go func1:112 [raaise-18-06] python classified 534.826827ms 
2025-07-09 06:43:27 [37m[DEBUG][0m [PID-15] analysis.go func1:112 [raaise-18-06] python classified 603.435795ms 
2025-07-09 06:43:27 [31m[ERROR][0m [PID-15] analysis.go AnalyzeSensorData:222 problem analyzing: no predictions 
2025-07-09 06:43:27 [33m[WARN][0m [PID-15] calibration.go func1:202 problem with machine learnaing: problem analyzing: no predictions: {Timestamp:1750221622652 Family:raaise-18-06 Device:intruder Location:a02 Sensors:map[wifi:map[54:af:97:56:4d:dc:-75 6c:cd:d6:ca:90:e2:-72 38:91:b7:1c:08:4e:-66 38:91:b7:1c:66:0d:-42 5e:62:8b:28:95:db:-46 00:df:1d:de:de:f1:-63 38:91:b7:1c:76:52:-61 38:91:b7:1c:08:4c:-66 38:91:b7:1c:76:50:-61 62:61:b4:88:79:ce:-70 ec:f4:0c:2f:57:dc:-84 ec:f4:0c:2f:57:de:-85 38:91:b7:19:2e:4e:-75 38:91:b7:1c:66:0f:-42 52:91:e3:28:87:29:-64 38:91:b7:1c:0b:df:-65 00:df:1d:de:de:fd:-64 54:af:97:56:4d:dd:-77 5e:62:8b:28:95:da:-53 50:91:e3:f8:87:29:-69 5e:62:8b:28:93:af:-49 5c:62:8b:68:95:db:-46 00:df:1d:de:de:f0:-63 00:df:1d:de:de:fc:-64 5e:62:8b:28:97:af:-62 38:91:b7:19:2e:4c:-75 38:91:b7:19:2e:4d:-75 50:91:e3:f8:87:2b:-73 5c:62:8b:68:93:af:-49 38:91:b7:1c:66:0e:-42 1c:61:b4:88:79:ca:-71 38:91:b7:1c:0b:dd:-66 38:91:b7:1c:0b:de:-65 38:91:b7:1c:66:0c:-42 38:91:b7:19:2e:4f:-75 ec:f4:0c:2f:57:dd:-85 6c:cd:d6:ca:90:e1:-65 00:df:1d:de:de:ff:-64 38:91:b7:1c:08:4f:-67 9c:a2:f4:58:88:db:-81 38:91:b7:1c:0b:dc:-65 9a:61:b4:88:79:cc:-71 00:df:1d:de:de:fe:-64 52:91:e3:78:87:29:-73 1c:61:b4:88:79:cb:-70 38:91:b7:1c:76:53:-61 38:91:b7:1c:76:51:-61 ec:f4:0c:2f:57:df:-85 38:91:b7:1c:08:4d:-66] bluetooth:map[]] GPS:{Latitude:0 Longitude:0 Altitude:0}} 
2025-07-09 06:43:27 [37m[DEBUG][0m [PID-15] analysis.go func1:112 [raaise-18-06] python classified 617.852875ms 
2025-07-09 06:43:28 [37m[DEBUG][0m [PID-15] analysis.go func2:126 [raaise-18-06] nb1 classified 1.702323336s 
2025-07-09 06:43:28 [31m[ERROR][0m [PID-15] analysis.go AnalyzeSensorData:222 problem analyzing: no predictions 
2025-07-09 06:43:28 [33m[WARN][0m [PID-15] calibration.go func1:202 problem with machine learnaing: problem analyzing: no predictions: {Timestamp:1750229053010 Family:raaise-18-06 Device:user 1 Location:a02 Sensors:map[bluetooth:map[] wifi:map[38:91:b7:1c:76:51:-61 38:91:b7:1c:76:50:-62 38:91:b7:1c:08:4d:-69 38:91:b7:19:2e:4d:-80 38:91:b7:1c:76:52:-62 6c:cd:d6:ca:90:e1:-72 5e:62:8b:28:95:da:-59 00:df:1d:de:de:f3:-62 00:df:1d:de:de:fc:-70 38:91:b7:1c:0b:de:-71 38:91:b7:1c:76:53:-62 ec:f4:0c:2f:57:df:-92 6c:cd:d6:ca:90:e2:-79 38:91:b7:1c:08:4f:-69 00:df:1d:de:de:f2:-65 38:91:b7:1c:08:4c:-69 5e:62:8b:28:95:db:-53 5c:62:8b:68:95:da:-56 38:91:b7:19:2e:4c:-80 00:df:1d:de:de:fd:-71 5c:62:8b:68:95:db:-53 ec:f4:0c:2f:57:dc:-91 ec:f4:0c:2f:57:de:-92 00:df:1d:de:de:f1:-64 38:91:b7:1c:0b:dd:-71 00:df:1d:de:de:fe:-70 5e:62:8b:28:93:af:-48 54:af:97:56:4d:dd:-87 00:df:1d:de:de:f0:-64 00:df:1d:de:de:ff:-70 38:91:b7:19:2e:4f:-80 38:91:b7:1c:08:4e:-69 50:91:e3:f8:87:2b:-76 ec:f4:0c:2f:57:dd:-91 38:91:b7:1c:0b:dc:-71 5e:62:8b:28:93:ae:-53 38:91:b7:1c:0b:df:-71 54:af:97:56:4d:dc:-74 38:91:b7:19:2e:4e:-80 5e:62:8b:28:97:af:-65 1c:61:b4:88:79:ca:-76]] GPS:{Latitude:0 Longitude:0 Altitude:0}} 
2025-07-09 06:43:28 [37m[DEBUG][0m [PID-15] analysis.go func2:126 [raaise-18-06] nb1 classified 2.135982115s 
2025-07-09 06:43:28 [37m[DEBUG][0m [PID-15] analysis.go func2:126 [raaise-18-06] nb1 classified 2.275755783s 
2025-07-09 06:43:28 [37m[DEBUG][0m [PID-15] analysis.go AnalyzeSensorData:222 [raaise-18-06] analyzed in 2.276766877s 
2025-07-09 06:43:28 [37m[DEBUG][0m [PID-15] analysis.go func2:126 [raaise-18-06] nb1 classified 2.392610571s 
2025-07-09 06:43:29 [37m[DEBUG][0m [PID-15] analysis.go func2:126 [raaise-18-06] nb1 classified 2.579427896s 
2025-07-09 06:43:29 [37m[DEBUG][0m [PID-15] analysis.go func2:126 [raaise-18-06] nb1 classified 2.684212638s 
2025-07-09 06:43:29 [37m[DEBUG][0m [PID-15] analysis.go AnalyzeSensorData:222 [raaise-18-06] analyzed in 2.68564942s 
2025-07-09 06:43:29 [37m[DEBUG][0m [PID-15] analysis.go func2:126 [raaise-18-06] nb1 classified 1.61431408s 
2025-07-09 06:43:29 [37m[DEBUG][0m [PID-15] analysis.go func1:112 [raaise-18-06] python classified 761.353857ms 
2025-07-09 06:43:29 [37m[DEBUG][0m [PID-15] analysis.go func2:126 [raaise-18-06] nb1 classified 2.574985239s 
2025-07-09 06:43:29 [37m[DEBUG][0m [PID-15] analysis.go AnalyzeSensorData:222 [raaise-18-06] analyzed in 2.576074537s 
2025-07-09 06:43:29 [37m[DEBUG][0m [PID-15] analysis.go func2:126 [raaise-18-06] nb1 classified 2.619940582s 
2025-07-09 06:43:29 [37m[DEBUG][0m [PID-15] analysis.go func2:126 [raaise-18-06] nb1 classified 2.218045633s 
2025-07-09 06:43:29 [37m[DEBUG][0m [PID-15] analysis.go func2:126 [raaise-18-06] nb1 classified 2.82396679s 
2025-07-09 06:43:29 [37m[DEBUG][0m [PID-15] analysis.go func2:126 [raaise-18-06] nb1 classified 2.879493446s 
2025-07-09 06:43:29 [37m[DEBUG][0m [PID-15] analysis.go func2:126 [raaise-18-06] nb1 classified 2.413365794s 
2025-07-09 06:43:29 [37m[DEBUG][0m [PID-15] analysis.go func2:126 [raaise-18-06] nb1 classified 2.90144118s 
2025-07-09 06:43:29 [31m[ERROR][0m [PID-15] analysis.go AnalyzeSensorData:222 problem analyzing: no predictions 
2025-07-09 06:43:29 [33m[WARN][0m [PID-15] calibration.go func1:202 problem with machine learnaing: problem analyzing: no predictions: {Timestamp:1751935267634 Family:raaise-18-06 Device:user 3 Location:a03 Sensors:map[bluetooth:map[] wifi:map[54:af:97:56:4d:dc:-71 62:61:b4:88:79:ce:-70 38:91:b7:1c:01:bf:-64 38:91:b7:1c:01:bc:-63 38:91:b7:1c:08:4c:-53 38:91:b7:1c:08:4f:-53 5c:62:8b:68:99:e3:-68 00:df:1d:de:de:f1:-73 5e:62:8b:28:98:fb:-68 5e:62:8b:28:97:af:-61 1c:61:b4:88:79:cb:-68 1c:61:b4:88:79:ca:-73 5c:62:8b:68:95:db:-63 6c:cd:d6:ca:90:e1:-62 38:91:b7:1a:22:e1:-68 50:91:e3:f8:87:2b:-72 38:91:b7:1c:76:5e:-81 38:91:b7:1c:66:0f:-63 5e:62:8b:28:99:e3:-68 38:91:b7:1c:66:0e:-63 00:df:1d:de:de:f3:-71 38:91:b7:1c:01:bd:-63 52:91:e3:78:87:29:-71 38:91:b7:1a:22:e0:-67 5e:62:8b:28:93:af:-45 38:91:b7:1c:76:5c:-80 38:91:b7:1c:76:5d:-81 ec:f4:0c:2f:57:dd:-85 38:91:b7:1c:01:be:-63 5e:62:8b:28:95:db:-63 ec:f4:0c:2f:57:dc:-85 38:91:b7:1c:66:0d:-63 5e:62:8b:28:93:ae:-34 5e:62:8b:28:99:e2:-60 00:df:1d:de:de:f0:-70 5c:62:8b:68:93:af:-44 50:91:e3:f8:87:29:-66 38:91:b7:1c:76:5f:-81 54:af:97:56:4d:dd:-76 38:91:b7:1a:22:e2:-67 ec:f4:0c:2f:57:df:-85 38:91:b7:1a:22:e3:-67 38:91:b7:1c:08:4d:-53 ec:f4:0c:2f:57:de:-85 38:91:b7:1c:66:0c:-63 5c:62:8b:68:98:fb:-69 38:91:b7:1c:08:4e:-53 38:91:b7:1c:76:51:-73]] GPS:{Latitude:0 Longitude:0 Altitude:0}} 
2025-07-09 06:43:29 [37m[DEBUG][0m [PID-15] analysis.go AnalyzeSensorData:222 [raaise-18-06] analyzed in 2.405697958s 
2025-07-09 06:43:29 [37m[DEBUG][0m [PID-15] analysis.go AnalyzeSensorData:222 [raaise-18-06] analyzed in 2.905995082s 
2025-07-09 06:43:29 [37m[DEBUG][0m [PID-15] analysis.go func2:126 [raaise-18-06] nb1 classified 2.909186076s 
2025-07-09 06:43:29 [37m[DEBUG][0m [PID-15] analysis.go func2:126 [raaise-18-06] nb1 classified 3.094585497s 
2025-07-09 06:43:29 [37m[DEBUG][0m [PID-15] analysis.go AnalyzeSensorData:222 [raaise-18-06] analyzed in 3.102221704s 
2025-07-09 06:43:29 [37m[DEBUG][0m [PID-15] analysis.go AnalyzeSensorData:222 [raaise-18-06] analyzed in 2.990517932s 
2025-07-09 06:43:29 [31m[ERROR][0m [PID-15] analysis.go AnalyzeSensorData:222 problem analyzing: no predictions 
2025-07-09 06:43:29 [33m[WARN][0m [PID-15] calibration.go func1:202 problem with machine learnaing: problem analyzing: no predictions: {Timestamp:1750219058543 Family:raaise-18-06 Device:user 1 Location:a03 Sensors:map[bluetooth:map[] wifi:map[38:91:b7:1c:0b:dd:-67 38:91:b7:19:2e:4f:-71 9c:a2:f4:58:88:db:-73 1c:61:b4:88:79:ca:-70 ec:f4:0c:2f:57:dd:-80 38:91:b7:1c:76:51:-73 1c:61:b4:88:79:cc:-68 38:91:b7:1c:76:53:-72 aa:61:b4:88:79:ce:-68 00:df:1d:de:de:fd:-73 ec:f4:0c:2f:57:de:-80 e6:ff:ae:35:a9:69:-75 38:91:b7:1c:76:50:-73 5e:62:8b:28:97:af:-62 00:df:1d:de:de:fc:-73 38:91:b7:19:2e:4c:-71 5e:62:8b:28:93:af:-44 5e:62:8b:28:95:da:-56 38:91:b7:1c:76:52:-70 5c:62:8b:68:99:e3:-61 5c:62:8b:68:95:da:-57 52:91:e3:28:87:29:-64 54:af:97:56:4d:dc:-71 52:91:e3:78:87:29:-68 6c:cd:d6:ca:90:e1:-65 ec:f4:0c:2f:57:dc:-80 5e:62:8b:28:93:ae:-39 38:91:b7:19:2e:4e:-71 5c:62:8b:68:98:fb:-67 6c:cd:d6:ca:90:e2:-62 00:df:1d:de:de:fe:-74 ec:f4:0c:2f:57:df:-81 5e:62:8b:28:99:e3:-61 00:df:1d:de:de:ff:-73 38:91:b7:1c:0b:dc:-67 5e:62:8b:28:98:fb:-66 50:91:e3:f8:87:2b:-68 38:91:b7:19:2e:4d:-71 38:91:b7:1c:08:4c:-53 5c:62:8b:68:97:af:-63 38:91:b7:1c:08:4f:-53 50:91:e3:f8:87:29:-64 38:91:b7:1c:0b:df:-67 38:91:b7:1c:0b:de:-67 9a:61:b4:88:79:cc:-68 aa:61:b4:88:79:cf:-67 38:91:b7:1c:08:4e:-53 38:91:b7:1c:08:4d:-53]] GPS:{Latitude:0 Longitude:0 Altitude:0}} 
2025-07-09 06:43:29 [31m[ERROR][0m [PID-15] analysis.go AnalyzeSensorData:222 problem analyzing: no predictions 
2025-07-09 06:43:29 [33m[WARN][0m [PID-15] calibration.go func1:202 problem with machine learnaing: problem analyzing: no predictions: {Timestamp:1751933400853 Family:raaise-18-06 Device:user 1 Location:a03 Sensors:map[bluetooth:map[] wifi:map[38:91:b7:19:2e:4c:-75 62:61:b4:88:79:ce:-70 38:91:b7:1c:66:0f:-66 38:91:b7:1c:0b:dd:-69 38:91:b7:1c:0b:de:-69 38:91:b7:19:2e:4e:-75 38:91:b7:1c:66:0d:-66 5c:62:8b:68:93:ae:-37 54:af:97:56:4d:dc:-73 ec:f4:0c:2f:57:dd:-82 38:91:b7:1c:0b:df:-70 38:91:b7:1c:76:51:-69 38:91:b7:1c:08:4f:-56 38:91:b7:1c:76:52:-69 52:91:e3:28:87:29:-60 5e:62:8b:28:95:db:-58 ec:f4:0c:2f:57:de:-83 38:91:b7:1c:0b:dc:-68 5e:62:8b:28:99:e3:-60 50:91:e3:f8:87:2b:-76 9c:a2:f4:58:88:db:-77 38:91:b7:1c:08:4e:-56 ec:f4:0c:2f:57:dc:-82 52:91:e3:78:87:29:-76 5e:62:8b:28:93:af:-40 00:df:1d:de:de:fc:-73 5c:62:8b:68:97:af:-58 00:df:1d:de:de:fe:-73 38:91:b7:19:2e:4d:-75 38:91:b7:1c:08:4d:-57 5e:62:8b:28:98:fb:-69 5e:62:8b:28:93:ae:-38 6c:cd:d6:ca:90:e1:-58 38:91:b7:1c:76:53:-69 38:91:b7:1c:66:0c:-66 00:df:1d:de:de:fd:-73 38:91:b7:19:2e:4f:-75 5e:62:8b:28:97:af:-58 ec:f4:0c:2f:57:df:-82 38:91:b7:1c:08:4c:-56 00:df:1d:de:de:ff:-73 1c:61:b4:88:79:cb:-69 38:91:b7:1c:76:50:-67 38:91:b7:1c:66:0e:-66 5e:62:8b:28:98:fa:-53 1c:61:b4:88:79:ca:-75]] GPS:{Latitude:0 Longitude:0 Altitude:0}} 
2025-07-09 06:43:29 [37m[DEBUG][0m [PID-15] analysis.go func1:112 [raaise-18-06] python classified 329.846565ms 
2025-07-09 06:43:29 [37m[DEBUG][0m [PID-15] analysis.go func2:126 [raaise-18-06] nb1 classified 3.083709867s 
2025-07-09 06:43:29 [31m[ERROR][0m [PID-15] analysis.go AnalyzeSensorData:222 problem analyzing: no predictions 
2025-07-09 06:43:29 [33m[WARN][0m [PID-15] calibration.go func1:202 problem with machine learnaing: problem analyzing: no predictions: {Timestamp:1750218998545 Family:raaise-18-06 Device:user 1 Location:a03 Sensors:map[bluetooth:map[] wifi:map[5e:62:8b:28:99:e3:-65 38:91:b7:1c:0b:dc:-69 1c:61:b4:88:79:cc:-75 50:91:e3:f8:87:29:-60 38:91:b7:1c:76:52:-69 5c:62:8b:68:98:fb:-70 52:91:e3:28:87:29:-60 ec:f4:0c:2f:57:de:-82 5e:62:8b:28:95:db:-57 38:91:b7:1c:0b:de:-69 38:91:b7:1c:0b:dd:-69 5e:62:8b:28:93:ae:-32 00:df:1d:de:de:f2:-61 00:df:1d:de:de:f1:-61 5c:62:8b:68:99:e2:-62 38:91:b7:1c:08:4c:-50 6c:cd:d6:ca:90:e1:-67 5e:62:8b:28:97:af:-59 5c:62:8b:68:97:ae:-61 5e:62:8b:28:93:af:-34 aa:61:b4:88:79:cf:-75 ec:f4:0c:2f:57:df:-82 38:91:b7:19:2e:4e:-75 38:91:b7:1c:08:4f:-50 5e:62:8b:28:98:fb:-68 5e:62:8b:28:95:da:-50 ec:f4:0c:2f:57:dd:-82 38:91:b7:1c:76:53:-69 1c:61:b4:88:79:ca:-71 38:91:b7:1c:76:50:-68 38:91:b7:19:2e:4d:-75 00:df:1d:de:de:fe:-75 00:df:1d:de:de:fc:-75 38:91:b7:1c:76:51:-69 00:df:1d:de:de:f0:-60 9a:61:b4:88:79:cc:-71 00:df:1d:de:de:fd:-75 ec:f4:0c:2f:57:dc:-82 54:af:97:56:4d:dc:-71 5c:62:8b:68:99:e3:-65 50:91:e3:f8:87:2b:-67 38:91:b7:1c:08:4e:-50 38:91:b7:19:2e:4c:-75 38:91:b7:19:2e:4f:-75 00:df:1d:de:de:ff:-75 9c:a2:f4:58:88:db:-77 38:91:b7:1c:0b:df:-69 52:91:e3:78:87:29:-67 38:91:b7:1c:08:4d:-50 86:69:93:27:ad:35:-72 6c:cd:d6:ca:90:e2:-61 00:df:1d:de:de:f3:-61]] GPS:{Latitude:0 Longitude:0 Altitude:0}} 
2025-07-09 06:43:30 [37m[DEBUG][0m [PID-15] analysis.go func1:112 [raaise-18-06] python classified 431.386308ms 
2025-07-09 06:43:30 [31m[ERROR][0m [PID-15] analysis.go AnalyzeSensorData:222 problem analyzing: no predictions 
2025-07-09 06:43:30 [33m[WARN][0m [PID-15] calibration.go func1:202 problem with machine learnaing: problem analyzing: no predictions: {Timestamp:1751934300857 Family:raaise-18-06 Device:user 1 Location:a03 Sensors:map[bluetooth:map[] wifi:map[5e:62:8b:28:93:af:-40 5e:62:8b:28:98:fa:-52 00:df:1d:de:de:fe:-73 38:91:b7:1c:76:50:-69 38:91:b7:19:2e:4c:-74 38:91:b7:1a:a7:43:-91 38:91:b7:1a:22:ee:-79 38:91:b7:19:2e:4d:-74 38:91:b7:1c:76:52:-69 38:91:b7:1c:66:0f:-66 38:91:b7:1c:08:4f:-56 62:61:b4:88:79:ce:-69 38:91:b7:1c:76:51:-70 54:af:97:56:4d:dc:-72 1c:61:b4:88:79:cb:-69 ec:f4:0c:2f:57:dd:-83 ec:f4:0c:2f:57:de:-83 5c:62:8b:68:98:fa:-54 00:df:1d:de:de:ff:-74 9c:a2:f4:58:88:db:-67 38:91:b7:1c:08:4e:-56 38:91:b7:1c:0b:dd:-69 38:91:b7:1a:22:ec:-79 38:91:b7:1c:08:4c:-56 38:91:b7:19:2e:4f:-74 38:91:b7:1c:66:0c:-66 38:91:b7:1c:0b:df:-69 ec:f4:0c:2f:57:df:-84 38:91:b7:1c:66:0d:-66 38:91:b7:1c:0b:dc:-69 1c:61:b4:88:79:ca:-74 38:91:b7:19:2e:4e:-74 ec:f4:0c:2f:57:dc:-84 38:91:b7:1c:08:4d:-56 52:91:e3:28:87:29:-59 6c:cd:d6:ca:90:e2:-69 00:df:1d:de:de:fc:-74 38:91:b7:1c:0b:de:-69 38:91:b7:1a:22:ef:-79 9a:61:b4:88:79:cc:-74 38:91:b7:1c:76:53:-68 5e:62:8b:28:95:db:-60 38:91:b7:1a:22:ed:-79 6c:cd:d6:ca:90:e1:-56 38:91:b7:1c:66:0e:-66 50:91:e3:f8:87:29:-61 50:91:e3:f8:87:2b:-76 5e:62:8b:28:93:ae:-37 00:df:1d:de:de:fd:-73]] GPS:{Latitude:0 Longitude:0 Altitude:0}} 
2025-07-09 06:43:30 [31m[ERROR][0m [PID-15] analysis.go AnalyzeSensorData:222 problem analyzing: no predictions 
2025-07-09 06:43:30 [33m[WARN][0m [PID-15] calibration.go func1:202 problem with machine learnaing: problem analyzing: no predictions: {Timestamp:1751933435859 Family:raaise-18-06 Device:user 1 Location:a03 Sensors:map[bluetooth:map[] wifi:map[5e:62:8b:28:93:af:-42 6c:cd:d6:ca:90:e2:-69 62:61:b4:88:79:ce:-69 38:91:b7:1a:22:ef:-79 38:91:b7:1a:22:ed:-79 1c:61:b4:88:79:cc:-77 5e:62:8b:28:99:e2:-57 38:91:b7:19:2e:4e:-74 52:91:e3:78:87:29:-76 38:91:b7:19:2e:4d:-74 5c:62:8b:68:95:db:-59 54:af:97:56:4d:dc:-72 5c:62:8b:68:98:fb:-70 5c:62:8b:68:99:e3:-60 38:91:b7:1c:66:0d:-67 38:91:b7:1c:0b:de:-69 38:91:b7:1c:0b:dd:-69 5e:62:8b:28:95:db:-60 5c:62:8b:68:93:af:-42 5e:62:8b:28:93:ae:-36 1c:61:b4:88:79:cb:-69 00:df:1d:de:de:ff:-73 50:91:e3:f8:87:2b:-76 00:df:1d:de:de:fe:-73 ec:f4:0c:2f:57:df:-83 38:91:b7:1c:66:0c:-67 38:91:b7:1c:0b:df:-70 ec:f4:0c:2f:57:de:-82 38:91:b7:1c:66:0e:-67 00:df:1d:de:de:fc:-73 1c:61:b4:88:79:ca:-74 38:91:b7:1a:22:ec:-79 38:91:b7:1c:08:4c:-56 9c:a2:f4:58:88:db:-74 38:91:b7:1c:0b:dc:-69 38:91:b7:1c:08:4d:-56 38:91:b7:1c:66:0f:-67 aa:61:b4:88:79:cf:-76 38:91:b7:1a:22:ee:-79 38:91:b7:19:2e:4c:-74 38:91:b7:1c:08:4e:-56 00:df:1d:de:de:fd:-73 ec:f4:0c:2f:57:dc:-83 38:91:b7:1c:08:4f:-56 38:91:b7:19:2e:4f:-74 aa:61:b4:88:79:ce:-77 ec:f4:0c:2f:57:dd:-83]] GPS:{Latitude:0 Longitude:0 Altitude:0}} 
2025-07-09 06:43:30 [37m[DEBUG][0m [PID-15] analysis.go func1:112 [raaise-18-06] python classified 642.696579ms 
2025-07-09 06:43:30 [37m[DEBUG][0m [PID-15] analysis.go func2:126 [raaise-18-06] nb1 classified 3.759637488s 
2025-07-09 06:43:30 [37m[DEBUG][0m [PID-15] analysis.go AnalyzeSensorData:222 [raaise-18-06] analyzed in 3.760531914s 
2025-07-09 06:43:30 [37m[DEBUG][0m [PID-15] analysis.go func2:126 [raaise-18-06] nb1 classified 1.659455663s 
2025-07-09 06:43:30 [31m[ERROR][0m [PID-15] analysis.go AnalyzeSensorData:222 problem analyzing: no predictions 
2025-07-09 06:43:30 [33m[WARN][0m [PID-15] calibration.go func1:202 problem with machine learnaing: problem analyzing: no predictions: {Timestamp:1751934455857 Family:raaise-18-06 Device:user 1 Location:a03 Sensors:map[bluetooth:map[] wifi:map[38:91:b7:19:2e:4d:-73 ec:f4:0c:2f:57:de:-83 38:91:b7:1c:0b:df:-70 62:61:b4:88:79:ce:-68 50:91:e3:f8:87:29:-62 00:df:1d:de:de:ff:-73 5e:62:8b:28:93:af:-41 38:91:b7:1a:22:ef:-79 38:91:b7:1c:08:4f:-56 38:91:b7:1c:66:0f:-67 ec:f4:0c:2f:57:dc:-84 5e:62:8b:28:99:e2:-56 38:91:b7:1a:22:ee:-78 5c:62:8b:68:93:af:-41 5e:62:8b:28:95:db:-61 38:91:b7:1c:08:4d:-56 00:df:1d:de:de:fd:-73 38:91:b7:1c:66:0d:-66 5c:62:8b:68:99:e3:-60 38:91:b7:19:2e:4f:-73 ec:f4:0c:2f:57:df:-83 00:df:1d:de:de:fe:-73 38:91:b7:1a:22:ed:-78 50:91:e3:f8:87:2b:-76 aa:61:b4:88:79:cf:-70 38:91:b7:19:2e:4c:-73 00:df:1d:de:de:fc:-73 1c:61:b4:88:79:cb:-70 38:91:b7:1c:0b:dc:-68 1c:61:b4:88:79:cc:-70 1c:61:b4:88:79:ca:-74 38:91:b7:1c:66:0c:-67 38:91:b7:1c:08:4e:-56 5e:62:8b:28:93:ae:-37 38:91:b7:1c:08:4c:-56 6c:cd:d6:ca:90:e2:-69 5c:62:8b:68:98:fb:-69 38:91:b7:1c:0b:dd:-68 38:91:b7:19:2e:4e:-73 52:91:e3:78:87:29:-76 38:91:b7:1c:0b:de:-68 54:af:97:56:4d:dc:-72 38:91:b7:1c:66:0e:-67 5c:62:8b:68:95:db:-60 ec:f4:0c:2f:57:dd:-83 38:91:b7:1a:22:ec:-79 5e:62:8b:28:98:fb:-69]] GPS:{Latitude:0 Longitude:0 Altitude:0}} 
2025-07-09 06:43:30 [37m[DEBUG][0m [PID-15] analysis.go func1:112 [raaise-18-06] python classified 700.72948ms 
2025-07-09 06:43:30 [37m[DEBUG][0m [PID-15] analysis.go func2:126 [raaise-18-06] nb1 classified 3.863626273s 
2025-07-09 06:43:30 [37m[DEBUG][0m [PID-15] analysis.go func2:126 [raaise-18-06] nb1 classified 1.644337685s 
2025-07-09 06:43:30 [37m[DEBUG][0m [PID-15] analysis.go func2:126 [raaise-18-06] nb1 classified 1.614241571s 
2025-07-09 06:43:30 [37m[DEBUG][0m [PID-15] analysis.go func2:126 [raaise-18-06] nb1 classified 2.396368168s 
2025-07-09 06:43:30 [37m[DEBUG][0m [PID-15] analysis.go AnalyzeSensorData:222 [raaise-18-06] analyzed in 2.397300044s 
2025-07-09 06:43:30 [31m[ERROR][0m [PID-15] analysis.go AnalyzeSensorData:222 problem analyzing: no predictions 
2025-07-09 06:43:30 [33m[WARN][0m [PID-15] calibration.go func1:202 problem with machine learnaing: problem analyzing: no predictions: {Timestamp:1750219068537 Family:raaise-18-06 Device:user 1 Location:a03 Sensors:map[bluetooth:map[] wifi:map[38:91:b7:1c:0b:df:-67 38:91:b7:1c:0b:dd:-67 00:df:1d:de:de:fe:-74 38:91:b7:1c:76:50:-72 38:91:b7:19:2e:4d:-73 38:91:b7:1c:76:52:-70 ec:f4:0c:2f:57:dc:-81 1c:61:b4:88:79:cc:-65 38:91:b7:1c:76:51:-72 00:df:1d:de:de:fc:-74 00:df:1d:de:de:fd:-74 6c:cd:d6:ca:90:e2:-63 38:91:b7:1c:0b:de:-67 38:91:b7:19:2e:4c:-73 ec:f4:0c:2f:57:de:-82 5e:62:8b:28:95:db:-52 1c:61:b4:88:79:ca:-70 54:af:97:56:4d:dc:-70 38:91:b7:1c:08:4d:-54 ec:f4:0c:2f:57:df:-82 38:91:b7:1c:08:4c:-54 00:df:1d:de:de:ff:-74 5e:62:8b:28:97:af:-62 aa:61:b4:88:79:ce:-70 38:91:b7:1c:08:4f:-54 38:91:b7:1c:0b:dc:-66 aa:61:b4:88:79:cf:-68 38:91:b7:19:2e:4f:-72 38:91:b7:1c:76:53:-72 5c:62:8b:68:98:fb:-67 5e:62:8b:28:93:ae:-39 00:df:1d:de:de:f2:-63 5e:62:8b:28:99:e3:-61 38:91:b7:19:2e:4e:-73 ec:f4:0c:2f:57:dd:-82 00:df:1d:de:de:f0:-62 00:df:1d:de:de:f3:-63 54:af:97:56:4d:dd:-77 50:91:e3:f8:87:2b:-67 5e:62:8b:28:95:da:-56 38:91:b7:1c:08:4e:-54 5e:62:8b:28:93:af:-44 52:91:e3:78:87:29:-66]] GPS:{Latitude:0 Longitude:0 Altitude:0}} 
2025-07-09 06:43:30 [31m[ERROR][0m [PID-15] analysis.go AnalyzeSensorData:222 problem analyzing: no predictions 
2025-07-09 06:43:30 [33m[WARN][0m [PID-15] calibration.go func1:202 problem with machine learnaing: problem analyzing: no predictions: {Timestamp:1751934270852 Family:raaise-18-06 Device:user 1 Location:a03 Sensors:map[bluetooth:map[] wifi:map[00:df:1d:de:de:fc:-74 38:91:b7:1a:22:ed:-79 00:df:1d:de:de:fd:-73 ec:f4:0c:2f:57:dc:-82 38:91:b7:19:2e:4e:-74 38:91:b7:1c:08:4c:-56 5c:62:8b:68:95:da:-57 38:91:b7:1c:66:0d:-67 9a:61:b4:88:79:cc:-75 5e:62:8b:28:93:af:-40 38:91:b7:1c:66:0c:-67 38:91:b7:1c:08:4f:-56 38:91:b7:1c:0b:df:-69 38:91:b7:19:2e:4c:-74 38:91:b7:1a:22:ec:-79 5c:62:8b:68:97:af:-58 38:91:b7:1c:0b:de:-70 5e:62:8b:28:95:db:-60 00:df:1d:de:de:ff:-73 5e:62:8b:28:97:ae:-55 52:91:e3:28:87:29:-59 5e:62:8b:28:97:af:-57 00:df:1d:de:de:fe:-73 6c:cd:d6:ca:90:e2:-69 50:91:e3:f8:87:29:-62 38:91:b7:19:2e:4d:-74 54:af:97:56:4d:dc:-73 38:91:b7:19:2e:4f:-74 1c:61:b4:88:79:ca:-74 50:91:e3:f8:87:2b:-76 38:91:b7:1c:08:4e:-56 62:61:b4:88:79:ce:-69 1c:61:b4:88:79:cb:-70 6c:cd:d6:ca:90:e1:-56 38:91:b7:1a:22:ef:-79 38:91:b7:1c:66:0f:-66 38:91:b7:1c:66:0e:-67 38:91:b7:1c:08:4d:-56 ec:f4:0c:2f:57:de:-84 38:91:b7:1a:22:ee:-79 38:91:b7:1c:0b:dd:-69 5e:62:8b:28:99:e3:-60 38:91:b7:1c:0b:dc:-70 5e:62:8b:28:93:ae:-36 ec:f4:0c:2f:57:df:-83 ec:f4:0c:2f:57:dd:-82]] GPS:{Latitude:0 Longitude:0 Altitude:0}} 
2025-07-09 06:43:31 [37m[DEBUG][0m [PID-15] analysis.go func1:112 [raaise-18-06] python classified 721.652056ms 
2025-07-09 06:43:31 [31m[ERROR][0m [PID-15] analysis.go AnalyzeSensorData:222 problem analyzing: no predictions 
2025-07-09 06:43:31 [33m[WARN][0m [PID-15] calibration.go func1:202 problem with machine learnaing: problem analyzing: no predictions: {Timestamp:1750218966771 Family:raaise-18-06 Device:user 2 Location:a03 Sensors:map[bluetooth:map[] wifi:map[38:91:b7:1a:22:ec:-73 38:91:b7:1c:08:4f:-53 38:91:b7:1c:01:bc:-56 5e:62:8b:28:95:da:-51 6c:cd:d6:ca:90:e2:-62 e6:ff:ae:35:a9:69:-73 ec:f4:0c:2f:57:dd:-81 54:af:97:56:4d:dd:-68 38:91:b7:19:2e:4e:-71 54:af:97:56:4d:dc:-69 5e:62:8b:28:97:af:-57 ec:f4:0c:2f:57:df:-81 38:91:b7:1a:22:ed:-73 38:91:b7:1c:76:5e:-80 50:91:e3:f8:87:2b:-67 38:91:b7:1c:76:53:-65 ec:f4:0c:2f:57:de:-82 38:91:b7:1c:01:be:-56 1c:61:b4:88:79:cb:-66 38:91:b7:1c:76:5c:-80 38:91:b7:1c:0b:dc:-66 38:91:b7:1c:76:52:-65 5c:62:8b:68:95:da:-51 38:91:b7:1c:66:0e:-60 38:91:b7:1c:76:51:-64 38:91:b7:1c:66:0d:-61 00:df:1d:de:de:ff:-71 38:91:b7:1c:66:0f:-61 38:91:b7:1c:66:0c:-61 00:df:1d:de:de:fd:-71 50:91:e3:f8:87:29:-53 52:91:e3:28:87:29:-57 9c:a2:f4:58:88:db:-70 5e:62:8b:28:99:e3:-62 38:91:b7:1c:0b:dd:-66 5e:62:8b:28:93:af:-40 38:91:b7:1c:08:4c:-53 5c:62:8b:68:97:af:-57 38:91:b7:1c:0b:de:-66 38:91:b7:1c:76:5f:-79 00:df:1d:de:de:fe:-71 38:91:b7:1c:01:bd:-56 ec:f4:0c:2f:57:dc:-81 6c:cd:d6:ca:90:e1:-62 00:df:1d:de:de:fc:-71 38:91:b7:19:2e:4f:-71 5e:62:8b:28:93:ae:-35 38:91:b7:1a:22:ee:-73 5e:62:8b:28:95:db:-55 38:91:b7:1c:08:4d:-53 5c:62:8b:68:93:af:-40 38:91:b7:1c:01:bf:-56 38:91:b7:1c:76:50:-65 5c:62:8b:68:95:db:-55 62:61:b4:88:79:ce:-66 38:91:b7:1a:22:ef:-73 1c:61:b4:88:79:ca:-70 38:91:b7:1c:76:5d:-79 38:91:b7:19:2e:4c:-72 38:91:b7:1c:0b:df:-66 38:91:b7:1c:08:4e:-53 38:91:b7:19:2e:4d:-72]] GPS:{Latitude:0 Longitude:0 Altitude:0}} 
2025-07-09 06:43:31 [37m[DEBUG][0m [PID-15] analysis.go func2:126 [raaise-18-06] nb1 classified 1.40330273s 
2025-07-09 06:43:31 [37m[DEBUG][0m [PID-15] analysis.go AnalyzeSensorData:222 [raaise-18-06] analyzed in 1.518044718s 
2025-07-09 06:43:31 [37m[DEBUG][0m [PID-15] analysis.go func2:126 [raaise-18-06] nb1 classified 1.794262683s 
2025-07-09 06:43:31 [37m[DEBUG][0m [PID-15] analysis.go AnalyzeSensorData:222 [raaise-18-06] analyzed in 2.053027253s 
2025-07-09 06:43:31 [37m[DEBUG][0m [PID-15] analysis.go func1:112 [raaise-18-06] python classified 593.87688ms 
2025-07-09 06:43:31 [37m[DEBUG][0m [PID-15] analysis.go func2:126 [raaise-18-06] nb1 classified 2.067510505s 
2025-07-09 06:43:31 [37m[DEBUG][0m [PID-15] analysis.go func2:126 [raaise-18-06] nb1 classified 1.90007184s 
2025-07-09 06:43:31 [31m[ERROR][0m [PID-15] analysis.go AnalyzeSensorData:222 problem analyzing: no predictions 
2025-07-09 06:43:31 [33m[WARN][0m [PID-15] calibration.go func1:202 problem with machine learnaing: problem analyzing: no predictions: {Timestamp:1751935395891 Family:raaise-18-06 Device:user 1 Location:a03 Sensors:map[bluetooth:map[] wifi:map[ec:f4:0c:2f:57:df:-86 38:91:b7:1c:66:0e:-66 00:df:1d:de:de:ff:-76 38:91:b7:1c:0b:dc:-69 38:91:b7:19:2e:4c:-77 9c:a2:f4:58:88:db:-75 38:91:b7:1c:76:51:-67 5c:62:8b:68:95:db:-56 38:91:b7:19:2e:4e:-77 38:91:b7:1c:76:53:-67 aa:61:b4:88:79:cf:-75 54:af:97:56:4d:dc:-73 38:91:b7:1c:66:0c:-66 62:61:b4:88:79:ce:-71 38:91:b7:1c:08:4e:-53 6c:cd:d6:ca:90:e1:-63 1c:61:b4:88:79:cc:-75 00:df:1d:de:de:fd:-77 38:91:b7:1c:0b:df:-70 52:91:e3:78:87:29:-70 38:91:b7:1a:22:ef:-78 1c:61:b4:88:79:ca:-77 38:91:b7:1c:76:52:-67 ec:f4:0c:2f:57:dc:-87 38:91:b7:1c:08:4f:-53 38:91:b7:1a:22:ed:-77 38:91:b7:19:2e:4d:-77 ec:f4:0c:2f:57:de:-86 5e:62:8b:28:93:ae:-33 38:91:b7:1c:0b:dd:-69 50:91:e3:f8:87:29:-66 5c:62:8b:68:93:af:-43 38:91:b7:1c:08:4c:-53 5e:62:8b:28:93:af:-43 38:91:b7:1a:22:ee:-78 00:df:1d:de:de:fe:-76 38:91:b7:19:2e:4f:-77 50:91:e3:f8:87:2b:-70 5e:62:8b:28:95:db:-57 38:91:b7:1c:66:0f:-66 1c:61:b4:88:79:cb:-71 00:df:1d:de:de:fc:-77 38:91:b7:1a:22:ec:-78 38:91:b7:1c:66:0d:-66 6c:cd:d6:ca:90:e2:-73 5e:62:8b:28:97:ae:-50 5c:62:8b:68:98:fb:-68 38:91:b7:1c:0b:de:-70 38:91:b7:1c:08:4d:-53 ec:f4:0c:2f:57:dd:-86 5c:62:8b:68:99:e3:-68 38:91:b7:1c:76:50:-67]] GPS:{Latitude:0 Longitude:0 Altitude:0}} 
2025-07-09 06:43:31 [31m[ERROR][0m [PID-15] analysis.go AnalyzeSensorData:222 problem analyzing: no predictions 
2025-07-09 06:43:31 [33m[WARN][0m [PID-15] calibration.go func1:202 problem with machine learnaing: problem analyzing: no predictions: {Timestamp:1751934755855 Family:raaise-18-06 Device:user 1 Location:a03 Sensors:map[wifi:map[1c:61:b4:88:79:cc:-74 5e:62:8b:28:95:db:-57 38:91:b7:1c:08:4c:-54 38:91:b7:1c:66:0e:-67 aa:61:b4:88:79:cf:-76 38:91:b7:19:2e:4f:-77 38:91:b7:1a:22:ee:-78 54:af:97:56:4d:dc:-74 1c:61:b4:88:79:ca:-76 38:91:b7:1c:08:4f:-54 ec:f4:0c:2f:57:de:-87 38:91:b7:1c:66:0f:-67 50:91:e3:f8:87:29:-63 52:91:e3:78:87:29:-70 38:91:b7:1c:0b:df:-69 38:91:b7:19:2e:4c:-77 38:91:b7:1c:0b:dd:-69 1c:61:b4:88:79:cb:-72 38:91:b7:1a:22:ef:-77 9c:a2:f4:58:88:db:-74 38:91:b7:1c:76:53:-68 62:61:b4:88:79:ce:-73 50:91:e3:f8:87:2b:-70 38:91:b7:19:2e:4e:-77 00:df:1d:de:de:fc:-76 ec:f4:0c:2f:57:df:-87 38:91:b7:1c:08:4d:-54 5c:62:8b:68:98:fb:-68 5c:62:8b:68:95:db:-57 38:91:b7:1a:22:ec:-78 38:91:b7:1c:66:0c:-67 5e:62:8b:28:93:af:-44 38:91:b7:1c:66:0d:-67 38:91:b7:1c:0b:de:-69 5e:62:8b:28:95:da:-51 ec:f4:0c:2f:57:dc:-87 00:df:1d:de:de:fd:-77 38:91:b7:1c:0b:dc:-70 00:df:1d:de:de:ff:-76 38:91:b7:1c:08:4e:-54 38:91:b7:1a:22:ed:-78 5c:62:8b:68:93:af:-43 5e:62:8b:28:99:e3:-68 38:91:b7:19:2e:4d:-77 6c:cd:d6:ca:90:e2:-72 00:df:1d:de:de:fe:-76 ec:f4:0c:2f:57:dd:-87 5e:62:8b:28:93:ae:-33] bluetooth:map[]] GPS:{Latitude:0 Longitude:0 Altitude:0}} 
2025-07-09 06:43:31 [37m[DEBUG][0m [PID-15] analysis.go func2:126 [raaise-18-06] nb1 classified 1.381604805s 
2025-07-09 06:43:31 [37m[DEBUG][0m [PID-15] analysis.go func2:126 [raaise-18-06] nb1 classified 1.781160671s 
2025-07-09 06:43:31 [37m[DEBUG][0m [PID-15] analysis.go func2:126 [raaise-18-06] nb1 classified 2.099601125s 
2025-07-09 06:43:31 [37m[DEBUG][0m [PID-15] analysis.go AnalyzeSensorData:222 [raaise-18-06] analyzed in 1.453763347s 
2025-07-09 06:43:31 [37m[DEBUG][0m [PID-15] analysis.go func1:112 [raaise-18-06] python classified 623.902606ms 
2025-07-09 06:43:31 [37m[DEBUG][0m [PID-15] analysis.go func2:126 [raaise-18-06] nb1 classified 1.535032415s 
2025-07-09 06:43:31 [37m[DEBUG][0m [PID-15] analysis.go func2:126 [raaise-18-06] nb1 classified 2.104195734s 
2025-07-09 06:43:31 [37m[DEBUG][0m [PID-15] analysis.go func1:112 [raaise-18-06] python classified 526.07405ms 
2025-07-09 06:43:31 [37m[DEBUG][0m [PID-15] analysis.go AnalyzeSensorData:222 [raaise-18-06] analyzed in 2.217289308s 
2025-07-09 06:43:32 [37m[DEBUG][0m [PID-15] analysis.go func2:126 [raaise-18-06] nb1 classified 1.674652374s 
2025-07-09 06:43:32 [31m[ERROR][0m [PID-15] analysis.go AnalyzeSensorData:222 problem analyzing: no predictions 
2025-07-09 06:43:32 [33m[WARN][0m [PID-15] calibration.go func1:202 problem with machine learnaing: problem analyzing: no predictions: {Timestamp:1751934960856 Family:raaise-18-06 Device:user 1 Location:a03 Sensors:map[bluetooth:map[] wifi:map[54:af:97:56:4d:dc:-74 38:91:b7:1c:66:0f:-67 38:91:b7:1a:22:ec:-78 00:df:1d:de:de:fc:-76 38:91:b7:1c:08:4c:-54 38:91:b7:1c:66:0e:-67 38:91:b7:1c:0b:de:-69 38:91:b7:1c:66:0c:-67 38:91:b7:1c:0b:df:-71 aa:61:b4:88:79:cf:-76 1c:61:b4:88:79:cc:-75 5c:62:8b:68:93:af:-43 50:91:e3:f8:87:29:-65 00:df:1d:de:de:fe:-77 38:91:b7:1c:66:0d:-67 00:df:1d:de:de:fd:-76 38:91:b7:19:2e:4d:-77 1c:61:b4:88:79:cb:-72 1c:61:b4:88:79:ca:-77 50:91:e3:f8:87:2b:-70 38:91:b7:1a:22:ef:-78 5e:62:8b:28:95:db:-57 38:91:b7:19:2e:4e:-77 62:61:b4:88:79:ce:-72 38:91:b7:1c:08:4e:-54 38:91:b7:1a:22:ee:-78 38:91:b7:1c:0b:dc:-69 38:91:b7:1c:08:4d:-54 5e:62:8b:28:97:ae:-52 5e:62:8b:28:93:af:-40 5e:62:8b:28:97:af:-57 38:91:b7:1c:08:4f:-53 38:91:b7:1c:0b:dd:-69 00:df:1d:de:de:ff:-76 38:91:b7:19:2e:4f:-77 6c:cd:d6:ca:90:e2:-72 5e:62:8b:28:93:ae:-33 38:91:b7:19:2e:4c:-77 38:91:b7:1a:22:ed:-78]] GPS:{Latitude:0 Longitude:0 Altitude:0}} 
2025-07-09 06:43:32 [31m[ERROR][0m [PID-15] analysis.go AnalyzeSensorData:222 problem analyzing: no predictions 
2025-07-09 06:43:32 [33m[WARN][0m [PID-15] calibration.go func1:202 problem with machine learnaing: problem analyzing: no predictions: {Timestamp:1751934935851 Family:raaise-18-06 Device:user 1 Location:a03 Sensors:map[bluetooth:map[] wifi:map[1c:61:b4:88:79:cb:-73 52:91:e3:28:87:29:-59 38:91:b7:1c:76:53:-67 38:91:b7:1c:66:0e:-66 5c:62:8b:68:93:ae:-33 38:91:b7:19:2e:4e:-77 38:91:b7:1c:0b:de:-69 5e:62:8b:28:97:af:-58 38:91:b7:1a:22:ed:-77 38:91:b7:1c:66:0c:-66 38:91:b7:1c:08:4e:-54 00:df:1d:de:de:ff:-77 38:91:b7:1c:76:52:-67 54:af:97:56:4d:dc:-74 50:91:e3:f8:87:29:-66 5e:62:8b:28:95:db:-57 38:91:b7:1c:08:4c:-54 5e:62:8b:28:93:ae:-33 38:91:b7:19:2e:4d:-77 38:91:b7:1c:66:0d:-66 aa:61:b4:88:79:ce:-68 00:df:1d:de:de:fe:-77 50:91:e3:f8:87:2b:-70 9c:a2:f4:58:88:db:-74 00:df:1d:de:de:fd:-76 38:91:b7:19:2e:4f:-76 38:91:b7:1a:22:ee:-78 38:91:b7:1c:08:4f:-54 00:df:1d:de:de:fc:-77 62:61:b4:88:79:ce:-72 5c:62:8b:68:97:af:-58 38:91:b7:1c:0b:df:-69 38:91:b7:1c:76:50:-66 38:91:b7:1c:76:51:-67 5e:62:8b:28:98:fb:-68 6c:cd:d6:ca:90:e2:-72 38:91:b7:1c:08:4d:-54 5e:62:8b:28:98:fa:-62 38:91:b7:1c:66:0f:-66 38:91:b7:1a:22:ef:-78 aa:61:b4:88:79:cf:-75 38:91:b7:1c:0b:dd:-69 38:91:b7:1c:0b:dc:-71 9a:61:b4:88:79:cc:-77 1c:61:b4:88:79:cc:-75 38:91:b7:19:2e:4c:-77 38:91:b7:1a:22:ec:-78 1c:61:b4:88:79:ca:-77 5e:62:8b:28:93:af:-43]] GPS:{Latitude:0 Longitude:0 Altitude:0}} 
2025-07-09 06:43:32 [37m[DEBUG][0m [PID-15] analysis.go func1:112 [raaise-18-06] python classified 533.700407ms 
2025-07-09 06:43:32 [37m[DEBUG][0m [PID-15] analysis.go func2:126 [raaise-18-06] nb1 classified 2.582389153s 
2025-07-09 06:43:32 [37m[DEBUG][0m [PID-15] analysis.go AnalyzeSensorData:222 [raaise-18-06] analyzed in 2.583270297s 
2025-07-09 06:43:32 [31m[ERROR][0m [PID-15] analysis.go AnalyzeSensorData:222 problem analyzing: no predictions 
2025-07-09 06:43:32 [33m[WARN][0m [PID-15] calibration.go func1:202 problem with machine learnaing: problem analyzing: no predictions: {Timestamp:1750218428549 Family:raaise-18-06 Device:user 1 Location:a03 Sensors:map[bluetooth:map[] wifi:map[50:91:e3:f8:87:2b:-70 38:91:b7:1c:76:50:-70 38:91:b7:1c:08:4d:-49 1c:61:b4:88:79:cc:-74 38:91:b7:19:2e:4f:-70 5e:62:8b:28:93:ae:-33 aa:61:b4:88:79:cf:-74 00:df:1d:de:de:fe:-73 5c:62:8b:68:95:db:-53 38:91:b7:1c:08:4f:-49 38:91:b7:1c:08:4c:-49 38:91:b7:1c:0b:dd:-66 5e:62:8b:28:93:af:-40 54:af:97:56:4d:dc:-70 38:91:b7:1c:0b:dc:-66 ec:f4:0c:2f:57:dc:-78 ec:f4:0c:2f:57:de:-79 5c:62:8b:68:93:af:-40 38:91:b7:1c:0b:de:-66 00:df:1d:de:de:fc:-72 38:91:b7:1c:08:4e:-49 38:91:b7:19:2e:4d:-70 ec:f4:0c:2f:57:df:-79 38:91:b7:19:2e:4e:-70 1c:61:b4:88:79:ca:-73 38:91:b7:1c:0b:df:-66 5e:62:8b:28:95:da:-43 00:df:1d:de:de:fd:-72 5e:62:8b:28:97:af:-57 38:91:b7:19:2e:4c:-70 54:af:97:56:4d:dd:-70 00:df:1d:de:de:ff:-73 38:91:b7:1c:76:51:-69 5c:62:8b:68:95:da:-43 ec:f4:0c:2f:57:dd:-79 38:91:b7:1c:76:53:-70 5e:62:8b:28:98:fb:-65 e6:ff:ae:35:a9:69:-68 5e:62:8b:28:95:db:-53 9c:a2:f4:58:88:db:-78 6c:cd:d6:ca:90:e2:-69 50:91:e3:f8:87:29:-61 38:91:b7:1c:76:52:-70]] GPS:{Latitude:0 Longitude:0 Altitude:0}} 
2025-07-09 06:43:32 [37m[DEBUG][0m [PID-15] analysis.go func1:112 [raaise-18-06] python classified 402.611786ms 
2025-07-09 06:43:32 [37m[DEBUG][0m [PID-15] analysis.go func1:112 [raaise-18-06] python classified 459.400359ms 
2025-07-09 06:43:32 [31m[ERROR][0m [PID-15] analysis.go AnalyzeSensorData:222 problem analyzing: no predictions 
2025-07-09 06:43:32 [33m[WARN][0m [PID-15] calibration.go func1:202 problem with machine learnaing: problem analyzing: no predictions: {Timestamp:1750218901773 Family:raaise-18-06 Device:user 2 Location:a03 Sensors:map[bluetooth:map[] wifi:map[1c:61:b4:88:79:ca:-70 38:91:b7:1a:22:e3:-69 38:91:b7:1c:66:0e:-61 00:df:1d:de:de:fe:-71 38:91:b7:1c:76:50:-69 5e:62:8b:28:98:fb:-62 00:df:1d:de:de:f3:-68 38:91:b7:19:2e:4c:-75 38:91:b7:1a:22:ec:-70 00:df:1d:de:de:fc:-71 38:91:b7:1a:22:e1:-69 6c:cd:d6:ca:90:e2:-66 00:df:1d:de:de:fd:-71 62:61:b4:88:79:ce:-63 6c:cd:d6:ca:90:e1:-58 5e:62:8b:28:95:da:-45 38:91:b7:1c:0b:de:-66 38:91:b7:1c:08:4d:-56 38:91:b7:1c:01:bd:-55 5c:62:8b:68:99:e3:-55 38:91:b7:1c:01:be:-55 38:91:b7:1c:76:5f:-78 38:91:b7:1c:0b:dc:-66 38:91:b7:1c:08:4c:-56 38:91:b7:1c:76:52:-69 00:df:1d:de:de:f2:-67 ec:f4:0c:2f:57:dc:-81 38:91:b7:1c:66:0f:-61 ec:f4:0c:2f:57:dd:-81 50:91:e3:f8:87:2b:-67 38:91:b7:1c:66:0c:-61 50:91:e3:f8:87:29:-69 1c:61:b4:88:79:cb:-63 00:df:1d:de:de:ff:-70 38:91:b7:1c:76:5d:-78 38:91:b7:1a:22:e0:-70 38:91:b7:1c:01:bc:-55 38:91:b7:1c:76:53:-67 38:91:b7:19:2e:4f:-75 38:91:b7:1a:22:ef:-71 9c:a2:f4:58:88:db:-76 52:91:e3:78:87:29:-67 ec:f4:0c:2f:57:df:-81 5c:62:8b:68:98:fb:-61 38:91:b7:1c:66:0d:-61 38:91:b7:1c:0b:dd:-66 38:91:b7:1a:22:ee:-71 38:91:b7:1a:22:e2:-69 38:91:b7:1c:76:5c:-78 38:91:b7:19:2e:4e:-74 38:91:b7:1c:76:5e:-78 54:af:97:56:4d:dd:-75 ec:f4:0c:2f:57:de:-81 38:91:b7:1c:08:4f:-56 00:df:1d:de:de:f0:-63 5e:62:8b:28:93:ae:-46 38:91:b7:1c:0b:df:-66 38:91:b7:1c:08:4e:-56 5e:62:8b:28:93:af:-40 38:91:b7:1a:22:ed:-70 38:91:b7:1c:01:bf:-55 38:91:b7:1c:76:51:-69 38:91:b7:19:2e:4d:-75 5c:62:8b:68:93:ae:-46]] GPS:{Latitude:0 Longitude:0 Altitude:0}} 
2025-07-09 06:43:32 [37m[DEBUG][0m [PID-15] analysis.go func2:126 [raaise-18-06] nb1 classified 2.233382561s 
2025-07-09 06:43:32 [37m[DEBUG][0m [PID-15] analysis.go func2:126 [raaise-18-06] nb1 classified 1.836208899s 
2025-07-09 06:43:32 [37m[DEBUG][0m [PID-15] analysis.go AnalyzeSensorData:222 [raaise-18-06] analyzed in 1.837235737s 
2025-07-09 06:43:32 [31m[ERROR][0m [PID-15] analysis.go AnalyzeSensorData:222 problem analyzing: no predictions 
2025-07-09 06:43:32 [33m[WARN][0m [PID-15] calibration.go func1:202 problem with machine learnaing: problem analyzing: no predictions: {Timestamp:1750210020271 Family:raaise-18-06 Device:intruder Location:a06 Sensors:map[bluetooth:map[] wifi:map[52:91:e3:78:87:29:-36 38:91:b7:1c:66:0d:-86 00:df:1d:de:de:fc:-89 38:91:b7:1c:08:4d:-83 38:91:b7:19:2e:4e:-71 54:af:97:56:4d:dc:-65 1c:61:b4:88:79:cb:-63 62:61:b4:88:79:ce:-63 38:91:b7:1a:22:e1:-54 50:91:e3:f8:87:2b:-37 38:91:b7:1c:66:0e:-86 38:91:b7:1a:22:ec:-63 38:91:b7:1c:0b:df:-90 38:91:b7:1c:0b:dd:-89 38:91:b7:1a:22:ee:-63 38:91:b7:1a:22:e3:-54 38:91:b7:1a:22:ed:-63 38:91:b7:1c:08:4c:-82 1c:61:b4:88:79:ca:-67 38:91:b7:1c:0b:de:-89 ec:f4:0c:2f:57:dc:-76 5e:62:8b:28:98:fb:-41 00:df:1d:de:de:ff:-88 6c:cd:d6:ca:90:e2:-31 ec:f4:0c:2f:57:df:-76 38:91:b7:1c:08:4e:-84 5e:62:8b:28:93:af:-71 38:91:b7:1c:66:0f:-86 38:91:b7:1c:66:0c:-86 5c:62:8b:68:98:fb:-42 38:91:b7:19:2e:4f:-71 ec:f4:0c:2f:57:dd:-76 50:91:e3:f8:87:29:-27 5e:62:8b:28:99:e3:-53 38:91:b7:1a:22:e0:-54 38:91:b7:1c:0b:dc:-89 38:91:b7:1a:22:e2:-54 00:df:1d:de:de:fd:-88 5e:62:8b:28:99:e2:-48 38:91:b7:1a:22:ef:-63 ec:f4:0c:2f:57:de:-76 38:91:b7:19:2e:4d:-71 00:df:1d:de:de:fe:-88 38:91:b7:19:2e:4c:-71]] GPS:{Latitude:0 Longitude:0 Altitude:0}} 
2025-07-09 06:43:32 [37m[DEBUG][0m [PID-15] analysis.go func1:112 [raaise-18-06] python classified 607.639018ms 
2025-07-09 06:43:32 [37m[DEBUG][0m [PID-15] analysis.go func2:126 [raaise-18-06] nb1 classified 1.375550988s 
2025-07-09 06:43:32 [37m[DEBUG][0m [PID-15] analysis.go func2:126 [raaise-18-06] nb1 classified 2.011478743s 
2025-07-09 06:43:32 [37m[DEBUG][0m [PID-15] analysis.go func2:126 [raaise-18-06] nb1 classified 1.956564617s 
2025-07-09 06:43:33 [37m[DEBUG][0m [PID-15] analysis.go func1:112 [raaise-18-06] python classified 614.362251ms 
2025-07-09 06:43:33 [37m[DEBUG][0m [PID-15] analysis.go func1:112 [raaise-18-06] python classified 504.650957ms 
2025-07-09 06:43:33 [37m[DEBUG][0m [PID-15] analysis.go func2:126 [raaise-18-06] nb1 classified 2.108548105s 
2025-07-09 06:43:33 [37m[DEBUG][0m [PID-15] analysis.go AnalyzeSensorData:222 [raaise-18-06] analyzed in 2.109622232s 
2025-07-09 06:43:33 [37m[DEBUG][0m [PID-15] analysis.go func2:126 [raaise-18-06] nb1 classified 2.289090608s 
2025-07-09 06:43:33 [37m[DEBUG][0m [PID-15] analysis.go func2:126 [raaise-18-06] nb1 classified 1.688499158s 
2025-07-09 06:43:33 [37m[DEBUG][0m [PID-15] analysis.go func2:126 [raaise-18-06] nb1 classified 1.843895255s 
2025-07-09 06:43:33 [37m[DEBUG][0m [PID-15] analysis.go func1:112 [raaise-18-06] python classified 696.478575ms 
2025-07-09 06:43:33 [37m[DEBUG][0m [PID-15] analysis.go AnalyzeSensorData:222 [raaise-18-06] analyzed in 2.380559772s 
2025-07-09 06:43:33 [37m[DEBUG][0m [PID-15] analysis.go func2:126 [raaise-18-06] nb1 classified 1.277291098s 
2025-07-09 06:43:33 [37m[DEBUG][0m [PID-15] analysis.go func2:126 [raaise-18-06] nb1 classified 1.407519156s 
2025-07-09 06:43:33 [37m[DEBUG][0m [PID-15] analysis.go AnalyzeSensorData:222 [raaise-18-06] analyzed in 1.408403934s 
2025-07-09 06:43:33 [37m[DEBUG][0m [PID-15] analysis.go func2:126 [raaise-18-06] nb1 classified 1.534992436s 
2025-07-09 06:43:33 [37m[DEBUG][0m [PID-15] analysis.go AnalyzeSensorData:222 [raaise-18-06] analyzed in 1.536366255s 
2025-07-09 06:43:33 [31m[ERROR][0m [PID-15] analysis.go AnalyzeSensorData:222 problem analyzing: no predictions 
2025-07-09 06:43:33 [33m[WARN][0m [PID-15] calibration.go func1:202 problem with machine learnaing: problem analyzing: no predictions: {Timestamp:1750223988020 Family:raaise-18-06 Device:user 2 Location:a06 Sensors:map[bluetooth:map[] wifi:map[38:91:b7:1a:22:e3:-54 50:91:e3:f8:87:2b:-38 38:91:b7:19:2e:4d:-75 38:91:b7:1c:01:be:-68 50:91:e3:f8:87:29:-28 38:91:b7:1a:22:ef:-56 38:91:b7:1c:66:0e:-81 5e:62:8b:28:93:af:-71 5c:62:8b:68:97:ae:-57 9a:61:b4:88:79:cc:-65 38:91:b7:1c:76:53:-86 5e:62:8b:28:95:db:-76 ec:f4:0c:2f:57:dc:-74 ec:f4:0c:2f:57:df:-75 38:91:b7:19:2e:4e:-74 54:af:97:56:4d:dd:-59 5c:62:8b:68:97:af:-61 38:91:b7:1a:22:ed:-56 5c:62:8b:68:95:db:-76 5c:62:8b:68:98:fa:-47 38:91:b7:1c:08:4e:-87 5e:62:8b:28:98:fa:-43 38:91:b7:1c:66:0c:-81 1c:61:b4:88:79:ca:-65 38:91:b7:1a:22:ec:-56 38:91:b7:19:2e:4f:-74 9c:a2:f4:58:88:db:-70 54:af:97:56:4d:dc:-68 38:91:b7:1a:22:e2:-53 62:61:b4:88:79:ce:-56 38:91:b7:1a:22:e0:-54 38:91:b7:1c:01:bc:-68 38:91:b7:1c:76:52:-86 38:91:b7:1c:01:bd:-68 38:91:b7:1c:08:4d:-87 00:df:1d:de:de:fe:-92 38:91:b7:1c:08:4c:-87 00:df:1d:de:de:f3:-82 38:91:b7:1a:22:ee:-56 38:91:b7:1c:0b:df:-85 38:91:b7:1c:0b:dc:-85 6c:cd:d6:ca:90:e2:-36 ec:f4:0c:2f:57:de:-74 38:91:b7:1c:0b:dd:-85 1c:61:b4:88:79:cb:-56 38:91:b7:1c:01:bf:-68 38:91:b7:1c:66:0f:-82 38:91:b7:1c:08:4f:-87 5e:62:8b:28:97:ae:-53 ec:f4:0c:2f:57:dd:-74 00:df:1d:de:de:ff:-92 6c:cd:d6:ca:90:e1:-29 5e:62:8b:28:97:af:-61 00:df:1d:de:de:fc:-93 38:91:b7:1c:0b:de:-85 38:91:b7:1c:66:0d:-82 5e:62:8b:28:98:fb:-37 5c:62:8b:68:93:ae:-62 38:91:b7:1a:22:e1:-53 00:df:1d:de:de:fd:-93 38:91:b7:19:2e:4c:-75]] GPS:{Latitude:0 Longitude:0 Altitude:0}} 
2025-07-09 06:43:33 [37m[DEBUG][0m [PID-15] analysis.go func2:126 [raaise-18-06] nb1 classified 1.964885645s 
2025-07-09 06:43:33 [37m[DEBUG][0m [PID-15] analysis.go func1:112 [raaise-18-06] python classified 369.264085ms 
2025-07-09 06:43:33 [37m[DEBUG][0m [PID-15] analysis.go func2:126 [raaise-18-06] nb1 classified 2.345327545s 
2025-07-09 06:43:33 [37m[DEBUG][0m [PID-15] analysis.go func2:126 [raaise-18-06] nb1 classified 1.833682223s 
2025-07-09 06:43:33 [37m[DEBUG][0m [PID-15] analysis.go AnalyzeSensorData:222 [raaise-18-06] analyzed in 2.352705986s 
2025-07-09 06:43:33 [37m[DEBUG][0m [PID-15] analysis.go AnalyzeSensorData:222 [raaise-18-06] analyzed in 1.855791832s 
2025-07-09 06:43:34 [37m[DEBUG][0m [PID-15] analysis.go func1:112 [raaise-18-06] python classified 456.291702ms 
2025-07-09 06:43:34 [37m[DEBUG][0m [PID-15] analysis.go func1:112 [raaise-18-06] python classified 404.612327ms 
2025-07-09 06:43:34 [37m[DEBUG][0m [PID-15] analysis.go func2:126 [raaise-18-06] nb1 classified 1.500753682s 
2025-07-09 06:43:34 [37m[DEBUG][0m [PID-15] analysis.go AnalyzeSensorData:222 [raaise-18-06] analyzed in 1.501642746s 
2025-07-09 06:43:34 [37m[DEBUG][0m [PID-15] analysis.go func1:112 [raaise-18-06] python classified 441.61462ms 
2025-07-09 06:43:34 [37m[DEBUG][0m [PID-15] analysis.go func1:112 [raaise-18-06] python classified 436.368089ms 
2025-07-09 06:43:34 [37m[DEBUG][0m [PID-15] analysis.go func1:112 [raaise-18-06] python classified 496.661405ms 
2025-07-09 06:43:34 [37m[DEBUG][0m [PID-15] analysis.go func2:126 [raaise-18-06] nb1 classified 1.946232115s 
2025-07-09 06:43:34 [37m[DEBUG][0m [PID-15] analysis.go func1:112 [raaise-18-06] python classified 504.95651ms 
2025-07-09 06:43:34 [37m[DEBUG][0m [PID-15] analysis.go func2:126 [raaise-18-06] nb1 classified 2.110932431s 
2025-07-09 06:43:34 [37m[DEBUG][0m [PID-15] analysis.go AnalyzeSensorData:222 [raaise-18-06] analyzed in 2.022915207s 
2025-07-09 06:43:34 [37m[DEBUG][0m [PID-15] analysis.go func2:126 [raaise-18-06] nb1 classified 1.256556346s 
2025-07-09 06:43:34 [37m[DEBUG][0m [PID-15] analysis.go AnalyzeSensorData:222 [raaise-18-06] analyzed in 1.281009256s 
2025-07-09 06:43:34 [37m[DEBUG][0m [PID-15] analysis.go AnalyzeSensorData:222 [raaise-18-06] analyzed in 2.226481834s 
2025-07-09 06:43:34 [37m[DEBUG][0m [PID-15] analysis.go func2:126 [raaise-18-06] nb1 classified 1.561382614s 
2025-07-09 06:43:35 [37m[DEBUG][0m [PID-15] analysis.go func2:126 [raaise-18-06] nb1 classified 1.551778611s 
2025-07-09 06:43:35 [37m[DEBUG][0m [PID-15] analysis.go AnalyzeSensorData:222 [raaise-18-06] analyzed in 1.552769803s 
2025-07-09 06:43:35 [31m[ERROR][0m [PID-15] analysis.go AnalyzeSensorData:222 problem analyzing: no predictions 
2025-07-09 06:43:35 [33m[WARN][0m [PID-15] calibration.go func1:202 problem with machine learnaing: problem analyzing: no predictions: {Timestamp:1750210052303 Family:raaise-18-06 Device:user 1 Location:a06 Sensors:map[wifi:map[54:af:97:56:4d:dd:-63 ec:f4:0c:2f:57:de:-70 38:91:b7:1c:0b:dc:-79 50:91:e3:f8:87:29:-29 38:91:b7:19:2e:4d:-70 5e:62:8b:28:98:fb:-34 00:25:42:ea:8a:b4:-96 ec:f4:0c:2f:57:df:-69 00:df:1d:de:de:ff:-83 54:af:97:56:4d:dc:-63 6c:cd:d6:ca:90:e2:-32 00:df:1d:de:de:fe:-83 00:df:1d:de:de:fd:-83 38:91:b7:19:2e:4c:-69 ec:f4:0c:2f:57:dd:-69 00:df:1d:de:de:fc:-84 38:91:b7:1a:22:ef:-58 86:69:93:27:ad:35:-70 5c:62:8b:68:98:fb:-32 5e:62:8b:28:98:fa:-32 6c:cd:d6:ca:90:e1:-39 38:91:b7:1c:0b:de:-79 38:91:b7:1a:22:ec:-59 38:91:b7:1a:22:ed:-59 1c:61:b4:88:79:cc:-69 38:91:b7:1a:22:ee:-58 1c:61:b4:88:79:ca:-63 38:91:b7:19:2e:4f:-70 aa:61:b4:88:79:ce:-70 ec:f4:0c:2f:57:dc:-69 5e:62:8b:28:99:e3:-50 38:91:b7:1c:08:4f:-77 38:91:b7:1c:0b:dd:-79 38:91:b7:1c:0b:df:-79 50:91:e3:f8:87:2b:-31 5e:62:8b:28:99:e2:-49 38:91:b7:19:2e:4e:-69 38:91:b7:1c:08:4d:-77 38:91:b7:1c:08:4c:-76 38:91:b7:1c:08:4e:-77 9c:a2:f4:58:88:db:-61] bluetooth:map[]] GPS:{Latitude:0 Longitude:0 Altitude:0}} 
2025-07-09 06:43:35 [37m[DEBUG][0m [PID-15] analysis.go func2:126 [raaise-18-06] nb1 classified 1.145170357s 
2025-07-09 06:43:35 [37m[DEBUG][0m [PID-15] analysis.go AnalyzeSensorData:222 [raaise-18-06] analyzed in 1.146306736s 
2025-07-09 06:43:35 [37m[DEBUG][0m [PID-15] analysis.go func1:112 [raaise-18-06] python classified 336.557341ms 
2025-07-09 06:43:35 [37m[DEBUG][0m [PID-15] analysis.go func2:126 [raaise-18-06] nb1 classified 1.419004953s 
2025-07-09 06:43:35 [37m[DEBUG][0m [PID-15] analysis.go func1:112 [raaise-18-06] python classified 335.607292ms 
2025-07-09 06:43:35 [37m[DEBUG][0m [PID-15] analysis.go func2:126 [raaise-18-06] nb1 classified 1.10516648s 
2025-07-09 06:43:35 [37m[DEBUG][0m [PID-15] analysis.go AnalyzeSensorData:222 [raaise-18-06] analyzed in 1.506320284s 
2025-07-09 06:43:35 [37m[DEBUG][0m [PID-15] analysis.go AnalyzeSensorData:222 [raaise-18-06] analyzed in 1.241196823s 
2025-07-09 06:43:35 [31m[ERROR][0m [PID-15] analysis.go AnalyzeSensorData:222 problem analyzing: no predictions 
2025-07-09 06:43:35 [33m[WARN][0m [PID-15] calibration.go func1:202 problem with machine learnaing: problem analyzing: no predictions: {Timestamp:1751935804363 Family:raaise-18-06 Device:user 1 Location:a14 Sensors:map[bluetooth:map[] wifi:map[00:df:1d:de:de:fc:-88 5e:62:8b:28:93:af:-64 38:91:b7:1a:22:ed:-82 00:df:1d:de:de:ff:-88 1c:61:b4:88:79:cb:-57 54:af:97:56:4d:dc:-58 5e:62:8b:28:95:db:-50 38:91:b7:1a:22:ee:-82 38:91:b7:1c:0b:dd:-57 ec:f4:0c:2f:57:dc:-72 ec:f4:0c:2f:57:de:-72 38:91:b7:1c:66:0e:-74 5e:62:8b:28:97:af:-49 38:91:b7:1c:76:50:-68 38:91:b7:19:2e:4d:-56 1c:61:b4:88:79:ca:-58 9a:61:b4:88:79:cc:-58 5e:62:8b:28:99:e3:-67 ec:f4:0c:2f:57:df:-72 38:91:b7:1c:08:4c:-77 38:91:b7:1c:66:0f:-74 38:91:b7:1c:0b:dc:-58 00:df:1d:de:de:fe:-88 00:df:1d:de:de:fd:-88 6c:cd:d6:ca:90:e2:-75 52:91:e3:28:87:29:-69 38:91:b7:1c:66:0c:-74 38:91:b7:1c:0b:de:-57 9c:a2:f4:58:88:db:-64 38:91:b7:1a:22:ef:-82 38:91:b7:19:2e:4e:-56 38:91:b7:1c:0b:df:-57 38:91:b7:19:2e:4c:-56 50:91:e3:f8:87:29:-69 54:af:97:56:4d:dd:-59 5e:62:8b:28:97:ae:-40 5e:62:8b:28:95:da:-44 38:91:b7:1a:22:ec:-82 50:91:e3:f8:87:2b:-74 38:91:b7:1c:08:4f:-77 ec:f4:0c:2f:57:dd:-72 5c:62:8b:68:95:da:-44 38:91:b7:1c:08:4e:-77 38:91:b7:1c:66:0d:-74 38:91:b7:19:2e:4f:-56 62:61:b4:88:79:ce:-57 38:91:b7:1c:08:4d:-77]] GPS:{Latitude:0 Longitude:0 Altitude:0}} 
2025-07-09 06:43:35 [37m[DEBUG][0m [PID-15] analysis.go func2:126 [raaise-18-06] nb1 classified 1.885395108s 
2025-07-09 06:43:35 [37m[DEBUG][0m [PID-15] analysis.go AnalyzeSensorData:222 [raaise-18-06] analyzed in 1.886196086s 
2025-07-09 06:43:35 [37m[DEBUG][0m [PID-15] analysis.go func2:126 [raaise-18-06] nb1 classified 1.567162562s 
2025-07-09 06:43:35 [37m[DEBUG][0m [PID-15] analysis.go AnalyzeSensorData:222 [raaise-18-06] analyzed in 1.568195512s 
2025-07-09 06:43:35 [31m[ERROR][0m [PID-15] analysis.go AnalyzeSensorData:222 problem analyzing: no predictions 
2025-07-09 06:43:35 [33m[WARN][0m [PID-15] calibration.go func1:202 problem with machine learnaing: problem analyzing: no predictions: {Timestamp:1751936005008 Family:raaise-18-06 Device:user 3 Location:a14 Sensors:map[bluetooth:map[] wifi:map[5e:62:8b:28:99:e3:-67 5e:62:8b:28:97:ae:-37 1c:61:b4:88:79:ca:-59 54:af:97:56:4d:dc:-57 38:91:b7:1a:22:e2:-65 ec:f4:0c:2f:57:dc:-76 38:91:b7:1a:22:e0:-67 00:df:1d:de:de:f0:-79 38:91:b7:1a:22:e3:-65 38:91:b7:1c:76:5e:-80 5e:62:8b:28:95:da:-40 5c:62:8b:68:95:da:-39 aa:61:b4:88:79:cf:-59 ec:f4:0c:2f:57:df:-76 00:df:1d:de:de:f2:-78 ec:f4:0c:2f:57:de:-76 ec:f4:0c:2f:57:dd:-76 52:91:e3:78:87:29:-71 5e:62:8b:28:95:db:-44 1c:61:b4:88:79:cc:-59 50:91:e3:f8:87:2b:-71 38:91:b7:1c:76:5c:-80 54:af:97:56:4d:dd:-59 38:91:b7:1c:76:5f:-80 38:91:b7:1c:76:5d:-80 38:91:b7:1c:08:4d:-78 5e:62:8b:28:93:af:-59 00:df:1d:de:de:f1:-79 00:df:1d:de:de:f3:-79 38:91:b7:1c:08:4f:-78 38:91:b7:1c:08:4c:-78 38:91:b7:1c:08:4e:-78 38:91:b7:1a:22:e1:-67]] GPS:{Latitude:0 Longitude:0 Altitude:0}} 
2025-07-09 06:43:35 [37m[DEBUG][0m [PID-15] analysis.go func1:112 [raaise-18-06] python classified 513.252957ms 
2025-07-09 06:43:35 [37m[DEBUG][0m [PID-15] analysis.go func2:126 [raaise-18-06] nb1 classified 1.01223138s 
2025-07-09 06:43:35 [31m[ERROR][0m [PID-15] analysis.go AnalyzeSensorData:222 problem analyzing: no predictions 
2025-07-09 06:43:35 [33m[WARN][0m [PID-15] calibration.go func1:202 problem with machine learnaing: problem analyzing: no predictions: {Timestamp:1751935510005 Family:raaise-18-06 Device:user 3 Location:a14 Sensors:map[bluetooth:map[] wifi:map[38:91:b7:1c:08:4e:-78 38:91:b7:1a:22:e3:-67 54:af:97:56:4d:dd:-60 5e:62:8b:28:93:ae:-56 62:61:b4:88:79:ce:-53 38:91:b7:1c:76:5d:-73 38:91:b7:1c:01:bd:-60 38:91:b7:1a:22:e1:-68 38:91:b7:1c:08:4f:-78 5c:62:8b:68:97:ae:-41 5e:62:8b:28:97:af:-49 50:91:e3:f8:87:2b:-73 00:df:1d:de:de:f1:-81 00:df:1d:de:de:f0:-81 38:91:b7:1c:01:bf:-60 1c:61:b4:88:79:cb:-53 9a:61:b4:88:79:cc:-56 ec:f4:0c:2f:57:de:-69 38:91:b7:1c:08:4c:-77 38:91:b7:1c:01:bc:-60 52:91:e3:28:87:29:-66 54:af:97:56:4d:dc:-58 5e:62:8b:28:95:db:-47 38:91:b7:1c:76:5f:-73 5e:62:8b:28:93:af:-64 38:91:b7:1c:01:be:-59 1c:61:b4:88:79:ca:-56 38:91:b7:1a:22:e0:-66 ec:f4:0c:2f:57:dd:-68 ec:f4:0c:2f:57:dc:-68 5c:62:8b:68:97:af:-48 38:91:b7:1c:76:5c:-73 38:91:b7:1c:08:4d:-78 38:91:b7:1c:76:5e:-73 18:a6:f7:21:47:c6:-91 00:df:1d:de:de:f2:-82 38:91:b7:1a:22:e2:-67 00:df:1d:de:de:f3:-81 ec:f4:0c:2f:57:df:-69]] GPS:{Latitude:0 Longitude:0 Altitude:0}} 
2025-07-09 06:43:35 [31m[ERROR][0m [PID-15] analysis.go AnalyzeSensorData:222 problem analyzing: no predictions 
2025-07-09 06:43:35 [33m[WARN][0m [PID-15] calibration.go func1:202 problem with machine learnaing: problem analyzing: no predictions: {Timestamp:1750211789762 Family:raaise-18-06 Device:user 2 Location:a14 Sensors:map[bluetooth:map[] wifi:map[38:91:b7:1c:0b:dc:-56 00:df:1d:de:de:f3:-84 38:91:b7:1c:08:4f:-78 9c:a2:f4:58:88:db:-60 54:af:97:56:4d:dc:-51 38:91:b7:1a:22:e1:-72 38:91:b7:1c:76:5e:-72 38:91:b7:1c:76:52:-64 5e:62:8b:28:93:af:-65 5c:62:8b:68:95:db:-47 50:91:e3:f8:87:29:-58 6c:cd:d6:ca:90:e2:-66 38:91:b7:1c:0b:de:-55 38:91:b7:19:2e:4d:-51 38:91:b7:1c:08:4e:-78 38:91:b7:1a:22:ee:-77 38:91:b7:1c:76:5c:-72 5c:62:8b:68:97:af:-40 38:91:b7:1c:66:0f:-76 6c:cd:d6:ca:90:e1:-59 5c:62:8b:68:93:ae:-63 ec:f4:0c:2f:57:df:-68 5e:62:8b:28:95:da:-50 5c:62:8b:68:98:fb:-66 52:91:e3:78:87:29:-70 38:91:b7:1a:22:ef:-77 38:91:b7:1c:76:53:-63 38:91:b7:1c:08:4c:-79 86:69:93:27:ad:35:-57 50:91:e3:f8:87:2b:-67 38:91:b7:1c:66:0c:-75 38:91:b7:1c:01:bf:-68 5c:62:8b:68:97:ae:-43 18:a6:f7:21:47:c6:-95 62:61:b4:88:79:ce:-47 38:91:b7:1c:01:be:-68 00:df:1d:de:de:ff:-91 38:91:b7:1c:0b:df:-55 52:91:e3:28:87:29:-59 5e:62:8b:28:99:e3:-63 00:df:1d:de:de:fc:-91 38:91:b7:19:2e:4c:-51 38:91:b7:1a:22:ed:-77 aa:61:b4:88:79:cf:-61 38:91:b7:1c:01:bd:-68 38:91:b7:1c:66:0e:-75 5c:62:8b:68:99:e2:-58 54:af:97:56:4d:dd:-60 ec:f4:0c:2f:57:dd:-68 38:91:b7:1c:01:bc:-68 1c:61:b4:88:79:ca:-54 5e:62:8b:28:97:ae:-39 38:91:b7:1c:66:0d:-76 38:91:b7:1c:08:4d:-78 ec:f4:0c:2f:57:de:-68 aa:61:b4:88:79:ce:-63 38:91:b7:1a:22:e0:-72 5c:62:8b:68:99:e3:-66 00:df:1d:de:de:fd:-91 1c:61:b4:88:79:cc:-62 38:91:b7:1c:76:51:-63 38:91:b7:1a:22:e3:-72 9a:61:b4:88:79:cc:-54 5c:62:8b:68:93:af:-65 38:91:b7:1a:22:ec:-78 38:91:b7:19:2e:4f:-51 38:91:b7:19:2e:4e:-51 5e:62:8b:28:95:db:-49 5e:62:8b:28:98:fb:-66 ec:f4:0c:2f:57:dc:-68 1c:61:b4:88:79:cb:-46 38:91:b7:1c:76:50:-63 38:91:b7:1a:22:e2:-72 38:91:b7:1c:0b:dd:-56 38:91:b7:1c:76:5d:-72 5e:62:8b:28:97:af:-45 00:df:1d:de:de:fe:-91 38:91:b7:1c:76:5f:-71]] GPS:{Latitude:0 Longitude:0 Altitude:0}} 
2025-07-09 06:43:35 [31m[ERROR][0m [PID-15] analysis.go AnalyzeSensorData:222 problem analyzing: no predictions 
2025-07-09 06:43:35 [33m[WARN][0m [PID-15] calibration.go func1:202 problem with machine learnaing: problem analyzing: no predictions: {Timestamp:1750211334067 Family:raaise-18-06 Device:user 1 Location:a14 Sensors:map[wifi:map[5c:62:8b:68:99:e3:-65 00:df:1d:de:de:ff:-92 54:af:97:56:4d:dc:-57 50:91:e3:f8:87:2b:-72 86:69:93:27:ad:35:-62 38:91:b7:1a:22:ee:-80 ec:f4:0c:2f:57:de:-69 aa:61:b4:88:79:ce:-61 38:91:b7:1c:0b:dd:-60 38:91:b7:1c:08:4e:-76 54:af:97:56:4d:dd:-51 00:df:1d:de:de:fe:-91 00:df:1d:de:de:fc:-92 38:91:b7:1c:08:4f:-76 ec:f4:0c:2f:57:dc:-69 38:91:b7:1a:22:ec:-80 52:91:e3:78:87:29:-72 5e:62:8b:28:97:af:-47 ec:f4:0c:2f:57:dd:-69 1c:61:b4:88:79:ca:-53 38:91:b7:1c:0b:df:-60 00:df:1d:de:de:fd:-91 9c:a2:f4:58:88:db:-59 5c:62:8b:68:97:af:-46 5e:62:8b:28:98:fb:-67 38:91:b7:1a:22:ef:-80 38:91:b7:1c:76:51:-67 38:91:b7:1c:08:4d:-76 ec:f4:0c:2f:57:df:-69 38:91:b7:1c:0b:dc:-60 50:91:e3:f8:87:29:-57 38:91:b7:1c:08:4c:-76 38:91:b7:1c:0b:de:-60 38:91:b7:1c:76:50:-69 6c:cd:d6:ca:90:e1:-63 5e:62:8b:28:97:ae:-41 5e:62:8b:28:99:e3:-65 6c:cd:d6:ca:90:e2:-70 52:91:e3:28:87:29:-57 38:91:b7:1a:22:ed:-80] bluetooth:map[]] GPS:{Latitude:0 Longitude:0 Altitude:0}} 
2025-07-09 06:43:35 [37m[DEBUG][0m [PID-15] analysis.go func2:126 [raaise-18-06] nb1 classified 866.954776ms 
2025-07-09 06:43:36 [37m[DEBUG][0m [PID-15] analysis.go func1:112 [raaise-18-06] python classified 486.42199ms 
2025-07-09 06:43:36 [37m[DEBUG][0m [PID-15] analysis.go func1:112 [raaise-18-06] python classified 592.762395ms 
2025-07-09 06:43:36 [31m[ERROR][0m [PID-15] analysis.go AnalyzeSensorData:222 problem analyzing: no predictions 
2025-07-09 06:43:36 [33m[WARN][0m [PID-15] calibration.go func1:202 problem with machine learnaing: problem analyzing: no predictions: {Timestamp:1751936117772 Family:raaise-18-06 Device:intruder Location:a14 Sensors:map[bluetooth:map[] wifi:map[ec:f4:0c:2f:57:de:-73 6c:cd:d6:ca:90:e2:-76 ec:f4:0c:2f:57:dc:-74 00:df:1d:de:de:f2:-87 52:91:e3:28:87:29:-64 38:91:b7:1a:22:e3:-70 38:91:b7:1a:22:e0:-69 5e:62:8b:28:95:da:-41 5e:62:8b:28:97:ae:-46 38:91:b7:1c:0b:de:-55 38:91:b7:1c:08:4f:-80 38:91:b7:1c:76:5e:-74 00:df:1d:de:de:f0:-87 54:af:97:56:4d:dd:-61 5c:62:8b:68:97:af:-48 38:91:b7:1c:01:be:-61 5e:62:8b:28:99:e3:-69 38:91:b7:1c:08:4e:-80 38:91:b7:1c:08:4c:-80 38:91:b7:1c:76:5d:-74 38:91:b7:1c:0b:df:-55 00:df:1d:de:de:f1:-86 38:91:b7:1c:66:0d:-69 38:91:b7:1c:0b:dd:-55 18:a6:f7:21:47:c6:-90 54:af:97:56:4d:dc:-59 62:61:b4:88:79:ce:-55 50:91:e3:f8:87:29:-69 52:91:e3:78:87:29:-75 38:91:b7:1c:01:bd:-61 00:df:1d:de:de:f3:-87 ec:f4:0c:2f:57:dd:-73 1c:61:b4:88:79:ca:-57 38:91:b7:1a:22:e1:-69 38:91:b7:1c:08:4d:-79 38:91:b7:1a:22:e2:-70 38:91:b7:1c:76:50:-67 38:91:b7:1c:01:bc:-61 ec:f4:0c:2f:57:df:-73 38:91:b7:1c:01:bf:-61 38:91:b7:1c:66:0c:-69 5e:62:8b:28:95:db:-45 6c:cd:d6:ca:90:e1:-63 38:91:b7:1c:0b:dc:-55 5e:62:8b:28:97:af:-48 5e:62:8b:28:93:af:-64 38:91:b7:1c:66:0e:-68 50:91:e3:f8:87:2b:-74 38:91:b7:1c:76:5f:-74 1c:61:b4:88:79:cb:-54 9a:61:b4:88:79:cc:-56 38:91:b7:1c:66:0f:-69 38:91:b7:1c:76:5c:-75]] GPS:{Latitude:0 Longitude:0 Altitude:0}} 
2025-07-09 06:43:36 [37m[DEBUG][0m [PID-15] analysis.go func2:126 [raaise-18-06] nb1 classified 1.151590532s 
2025-07-09 06:43:36 [37m[DEBUG][0m [PID-15] analysis.go func1:112 [raaise-18-06] python classified 509.821255ms 
2025-07-09 06:43:36 [37m[DEBUG][0m [PID-15] analysis.go func2:126 [raaise-18-06] nb1 classified 1.515879276s 
2025-07-09 06:43:36 [31m[ERROR][0m [PID-15] analysis.go AnalyzeSensorData:222 problem analyzing: no predictions 
2025-07-09 06:43:36 [33m[WARN][0m [PID-15] calibration.go func1:202 problem with machine learnaing: problem analyzing: no predictions: {Timestamp:1750211504066 Family:raaise-18-06 Device:user 1 Location:a14 Sensors:map[bluetooth:map[] wifi:map[38:91:b7:1a:22:e3:-75 38:91:b7:1a:22:ec:-77 38:91:b7:1c:76:52:-70 38:91:b7:1c:0b:dd:-56 38:91:b7:1c:76:50:-70 38:91:b7:1a:22:ed:-77 5c:62:8b:68:99:e3:-67 18:a6:f7:21:47:c6:-96 5e:62:8b:28:95:da:-55 38:91:b7:1c:76:51:-69 00:df:1d:de:de:ff:-89 38:91:b7:19:2e:4e:-55 5c:62:8b:68:97:ae:-42 00:df:1d:de:de:fc:-90 00:df:1d:de:de:fd:-89 38:91:b7:1c:76:53:-69 ec:f4:0c:2f:57:df:-65 38:91:b7:1c:08:4e:-77 5e:62:8b:28:97:af:-46 ec:f4:0c:2f:57:dd:-65 50:91:e3:f8:87:2b:-69 38:91:b7:1c:08:4d:-77 38:91:b7:1a:22:ef:-77 5c:62:8b:68:98:fb:-67 ec:f4:0c:2f:57:de:-65 5e:62:8b:28:95:db:-50 38:91:b7:1a:22:e2:-74 38:91:b7:1a:22:ee:-77 1c:61:b4:88:79:ca:-53 00:df:1d:de:de:fe:-89 6c:cd:d6:ca:90:e1:-69 6c:cd:d6:ca:90:e2:-66 5e:62:8b:28:98:fb:-67 5e:62:8b:28:97:ae:-42 38:91:b7:19:2e:4f:-54 54:af:97:56:4d:dd:-64 38:91:b7:1c:08:4f:-77 38:91:b7:1c:08:4c:-77 52:91:e3:78:87:29:-69 38:91:b7:1a:22:e1:-74 38:91:b7:19:2e:4d:-54 54:af:97:56:4d:dc:-51 38:91:b7:19:2e:4c:-54 38:91:b7:1a:22:e0:-74 86:69:93:27:ad:35:-63 38:91:b7:1c:0b:df:-56 38:91:b7:1c:0b:de:-56 5c:62:8b:68:97:af:-46 ec:f4:0c:2f:57:dc:-65 5e:62:8b:28:99:e3:-67 9c:a2:f4:58:88:db:-63 38:91:b7:1c:0b:dc:-56]] GPS:{Latitude:0 Longitude:0 Altitude:0}} 
2025-07-09 06:43:36 [31m[ERROR][0m [PID-15] analysis.go AnalyzeSensorData:222 problem analyzing: no predictions 
2025-07-09 06:43:36 [33m[WARN][0m [PID-15] calibration.go func1:202 problem with machine learnaing: problem analyzing: no predictions: {Timestamp:1751936485010 Family:raaise-18-06 Device:user 3 Location:a14 Sensors:map[wifi:map[38:91:b7:1c:08:4c:-77 1c:61:b4:88:79:ca:-59 38:91:b7:1a:22:e3:-65 38:91:b7:1c:76:5e:-71 00:df:1d:de:de:f3:-79 38:91:b7:1c:08:4e:-78 38:91:b7:1c:08:4d:-78 5e:62:8b:28:95:db:-44 1c:61:b4:88:79:cc:-58 5c:62:8b:68:97:af:-50 9a:61:b4:88:79:cc:-59 00:df:1d:de:de:f2:-80 52:91:e3:28:87:29:-61 5e:62:8b:28:95:da:-41 38:91:b7:1c:76:53:-65 38:91:b7:1a:22:e1:-66 5c:62:8b:68:95:da:-41 38:91:b7:1c:76:5c:-71 aa:61:b4:88:79:cf:-56 54:af:97:56:4d:dd:-61 5e:62:8b:28:97:af:-48 00:df:1d:de:de:f0:-79 38:91:b7:1c:08:4f:-78 ec:f4:0c:2f:57:df:-76 38:91:b7:1a:22:e2:-66 5e:62:8b:28:93:ae:-52 ec:f4:0c:2f:57:dc:-76 5e:62:8b:28:93:af:-59 ec:f4:0c:2f:57:dd:-77 50:91:e3:f8:87:2b:-72 38:91:b7:1a:22:e0:-65 38:91:b7:1c:76:5f:-71 50:91:e3:f8:87:29:-61 38:91:b7:1c:76:5d:-71 54:af:97:56:4d:dc:-56 ec:f4:0c:2f:57:de:-76 9c:a2:f4:58:88:db:-67 00:df:1d:de:de:f1:-79] bluetooth:map[]] GPS:{Latitude:0 Longitude:0 Altitude:0}} 
2025-07-09 06:43:36 [37m[DEBUG][0m [PID-15] websockets.go websocketListener:81 removed raaise-18-06-all/172.18.0.1:37002 
2025-07-09 06:43:36 [37m[DEBUG][0m [PID-15] analysis.go AnalyzeSensorData:222 [raaise-18-06] analyzed in 1.627514382s 
2025-07-09 06:43:36 [37m[DEBUG][0m [PID-15] analysis.go func2:126 [raaise-18-06] nb1 classified 1.499381665s 
2025-07-09 06:43:36 [37m[DEBUG][0m [PID-15] analysis.go AnalyzeSensorData:222 [raaise-18-06] analyzed in 1.5003317s 
2025-07-09 06:43:36 [37m[DEBUG][0m [PID-15] analysis.go func1:112 [raaise-18-06] python classified 534.795352ms 
2025-07-09 06:43:36 [36m[INFO][0m [PID-15] server.go func1:1360 172.18.0.1:55104 GET /ws?device=all&family=raaise-18-06 132.65µs 
2025-07-09 06:43:36 [37m[DEBUG][0m [PID-15] db.go GetSensorFromGreaterTime:429 using minimum timestamp of 1751937957792 
2025-07-09 06:43:36 [37m[DEBUG][0m [PID-15] db.go getRows:1055 getting columns 
2025-07-09 06:43:36 [37m[DEBUG][0m [PID-15] db.go getRows:1062 getting sensorstringsizer 
2025-07-09 06:43:36 [37m[DEBUG][0m [PID-15] db.go getRows:1079 getting locations 
2025-07-09 06:43:36 [37m[DEBUG][0m [PID-15] db.go getRows:1085 got locations 
2025-07-09 06:43:36 [37m[DEBUG][0m [PID-15] db.go GetSensorFromGreaterTime:429 using minimum timestamp of 1751940657792 
2025-07-09 06:43:36 [37m[DEBUG][0m [PID-15] db.go getRows:1055 getting columns 
2025-07-09 06:43:36 [37m[DEBUG][0m [PID-15] db.go getRows:1062 getting sensorstringsizer 
2025-07-09 06:43:36 [37m[DEBUG][0m [PID-15] db.go getRows:1079 getting locations 
2025-07-09 06:43:36 [37m[DEBUG][0m [PID-15] db.go getRows:1085 got locations 
2025-07-09 06:43:36 [37m[DEBUG][0m [PID-15] server.go 1:367 [raaise-18-06] got sensor from greater time 4.968847ms 
2025-07-09 06:43:36 [37m[DEBUG][0m [PID-15] server.go 1:380 [raaise-18-06] found 3 devices to check 
2025-07-09 06:43:36 [37m[DEBUG][0m [PID-15] server.go 1:381 [raaise-18-06] getting device counts 
2025-07-09 06:43:36 [37m[DEBUG][0m [PID-15] server.go 1:399 found 3 devices 
2025-07-09 06:43:36 [37m[DEBUG][0m [PID-15] server.go 1:400 [raaise-18-06] getting locations 
2025-07-09 06:43:36 [37m[DEBUG][0m [PID-15] server.go 1:407 found 13 locations 
2025-07-09 06:43:36 [37m[DEBUG][0m [PID-15] server.go 1:408 [raaise-18-06] total learned count 
2025-07-09 06:43:36 [37m[DEBUG][0m [PID-15] server.go 1:434 [raaise-18-06] getting location count 
2025-07-09 06:43:36 [37m[DEBUG][0m [PID-15] server.go 1:440 [raaise-18-06] locations: map[a13:610 a15:815 a17:500 a10:653 a02:590 a01:599 a07:550 a06:453 a03:677 a04:562 a11:552 a14:541 a16:631] 
2025-07-09 06:43:36 [37m[DEBUG][0m [PID-15] server.go 1:489 [raaise-18-06] getting by_locations for 3 devices 
2025-07-09 06:43:36 [37m[DEBUG][0m [PID-15] server.go 1:495 [raaise-18-06] creating device table 
2025-07-09 06:43:36 [37m[DEBUG][0m [PID-15] server.go 1:536 [raaise-18-06] rendered dashboard in 32.035135ms 
2025-07-09 06:43:36 [37m[DEBUG][0m [PID-15] analysis.go GetByLocation:299 [raaise-18-06] got sensor from greater time 11.955416ms 
2025-07-09 06:43:36 [37m[DEBUG][0m [PID-15] analysis.go GetByLocation:313 [raaise-18-06] got predictions in map 111.323µs 
2025-07-09 06:43:36 [37m[DEBUG][0m [PID-15] analysis.go GetByLocation:321 [raaise-18-06] found 1 devices to check 
2025-07-09 06:43:36 [37m[DEBUG][0m [PID-15] analysis.go GetByLocation:331 [raaise-18-06] got device counts 223ns 
2025-07-09 06:43:36 [37m[DEBUG][0m [PID-15] analysis.go GetByLocation:339 [raaise-18-06] got device first-time 336.637µs 
2025-07-09 06:43:36 [36m[INFO][0m [PID-15] server.go func1:1360 172.18.0.1:55092 GET /view/dashboard/raaise-18-06 187.068263ms 
2025-07-09 06:43:36 [37m[DEBUG][0m [PID-15] websockets.go websocketListener:81 removed raaise-18-06-all/172.18.0.1:55104 
2025-07-09 06:43:37 [37m[DEBUG][0m [PID-15] analysis.go func2:126 [raaise-18-06] nb1 classified 1.730101912s 
2025-07-09 06:43:37 [37m[DEBUG][0m [PID-15] analysis.go AnalyzeSensorData:222 [raaise-18-06] analyzed in 1.731779263s 
2025-07-09 06:43:37 [31m[ERROR][0m [PID-15] analysis.go AnalyzeSensorData:222 problem analyzing: no predictions 
2025-07-09 06:43:37 [33m[WARN][0m [PID-15] calibration.go func1:202 problem with machine learnaing: problem analyzing: no predictions: {Timestamp:1751936149359 Family:raaise-18-06 Device:user 1 Location:a14 Sensors:map[bluetooth:map[] wifi:map[50:91:e3:f8:87:2b:-77 50:91:e3:f8:87:29:-68 54:af:97:56:4d:dc:-57 52:91:e3:78:87:29:-77 38:91:b7:19:2e:4d:-59 38:91:b7:1c:0b:dd:-59 38:91:b7:1c:08:4d:-77 5c:62:8b:68:93:af:-61 38:91:b7:1c:66:0c:-71 38:91:b7:1c:08:4e:-77 6c:cd:d6:ca:90:e2:-77 38:91:b7:1c:66:0e:-71 ec:f4:0c:2f:57:de:-70 ec:f4:0c:2f:57:df:-71 5e:62:8b:28:95:da:-49 38:91:b7:1a:22:ef:-81 38:91:b7:1c:0b:df:-59 00:df:1d:de:de:fd:-91 38:91:b7:1a:22:ed:-81 ec:f4:0c:2f:57:dd:-71 62:61:b4:88:79:ce:-53 38:91:b7:1c:66:0f:-70 38:91:b7:1c:08:4f:-77 38:91:b7:1c:0b:de:-59 38:91:b7:1a:22:ec:-81 38:91:b7:1a:22:ee:-81 38:91:b7:1c:08:4c:-77 38:91:b7:19:2e:4c:-59 38:91:b7:1c:0b:dc:-59 ec:f4:0c:2f:57:dc:-71 1c:61:b4:88:79:cb:-53 38:91:b7:19:2e:4e:-59 5e:62:8b:28:97:af:-44 00:df:1d:de:de:fc:-91 38:91:b7:1c:66:0d:-71 00:df:1d:de:de:ff:-92 6c:cd:d6:ca:90:e1:-76 38:91:b7:19:2e:4f:-59 00:df:1d:de:de:fe:-91 5e:62:8b:28:95:db:-48]] GPS:{Latitude:0 Longitude:0 Altitude:0}} 
2025-07-09 06:43:37 [37m[DEBUG][0m [PID-15] analysis.go func1:112 [raaise-18-06] python classified 747.641472ms 
2025-07-09 06:43:37 [37m[DEBUG][0m [PID-15] analysis.go func2:126 [raaise-18-06] nb1 classified 1.689141962s 
2025-07-09 06:43:37 [37m[DEBUG][0m [PID-15] analysis.go func1:112 [raaise-18-06] python classified 748.435536ms 
2025-07-09 06:43:37 [31m[ERROR][0m [PID-15] analysis.go AnalyzeSensorData:222 problem analyzing: no predictions 
2025-07-09 06:43:37 [33m[WARN][0m [PID-15] calibration.go func1:202 problem with machine learnaing: problem analyzing: no predictions: {Timestamp:1751936539366 Family:raaise-18-06 Device:user 1 Location:a14 Sensors:map[bluetooth:map[] wifi:map[38:91:b7:19:2e:4f:-58 5e:62:8b:28:95:db:-48 1c:61:b4:88:79:cb:-53 38:91:b7:19:2e:4e:-58 38:91:b7:1c:66:0c:-70 38:91:b7:1a:22:ee:-82 1c:61:b4:88:79:ca:-59 38:91:b7:1c:0b:de:-60 38:91:b7:19:2e:4d:-58 5e:62:8b:28:97:af:-45 38:91:b7:1c:66:0e:-70 38:91:b7:1c:08:4d:-78 38:91:b7:1a:22:ef:-82 38:91:b7:1c:0b:dd:-60 50:91:e3:f8:87:29:-67 5e:62:8b:28:97:ae:-41 54:af:97:56:4d:dc:-57 50:91:e3:f8:87:2b:-77 38:91:b7:1c:0b:dc:-60 9c:a2:f4:58:88:db:-61 aa:61:b4:88:79:cf:-68 52:91:e3:78:87:29:-77 1c:61:b4:88:79:cc:-66 38:91:b7:1c:08:4e:-79 aa:61:b4:88:79:ce:-61 5c:62:8b:68:95:da:-49 62:61:b4:88:79:ce:-53 38:91:b7:1c:66:0d:-71 38:91:b7:1c:0b:df:-59 ec:f4:0c:2f:57:df:-70 ec:f4:0c:2f:57:dd:-69 38:91:b7:1c:08:4f:-78 5e:62:8b:28:95:da:-49 38:91:b7:1c:66:0f:-70 ec:f4:0c:2f:57:dc:-70 38:91:b7:19:2e:4c:-58 38:91:b7:1c:08:4c:-79 6c:cd:d6:ca:90:e2:-75 00:df:1d:de:de:fc:-94 00:df:1d:de:de:fe:-94 38:91:b7:1a:22:ec:-82 38:91:b7:1a:22:ed:-82 00:df:1d:de:de:fd:-94 ec:f4:0c:2f:57:de:-70 00:df:1d:de:de:ff:-93]] GPS:{Latitude:0 Longitude:0 Altitude:0}} 
2025-07-09 06:43:37 [37m[DEBUG][0m [PID-15] analysis.go func2:126 [raaise-18-06] nb1 classified 2.002667943s 
2025-07-09 06:43:37 [37m[DEBUG][0m [PID-15] server.go 1:284 [raaise-18-06] getting gps 
2025-07-09 06:43:37 [36m[INFO][0m [PID-15] server.go func1:1360 172.18.0.1:55092 GET /view/gps/raaise-18-06 10.355262ms 
2025-07-09 06:43:37 [37m[DEBUG][0m [PID-15] analysis.go func2:126 [raaise-18-06] nb1 classified 2.953971676s 
2025-07-09 06:43:37 [37m[DEBUG][0m [PID-15] analysis.go func1:112 [raaise-18-06] python classified 703.644643ms 
2025-07-09 06:43:37 [36m[INFO][0m [PID-15] server.go func1:1360 172.18.0.1:55138 GET /ws?device=all&family=raaise-18-06 385.457µs 
2025-07-09 06:43:37 [37m[DEBUG][0m [PID-15] analysis.go func1:112 [raaise-18-06] python classified 643.265113ms 
2025-07-09 06:43:37 [37m[DEBUG][0m [PID-15] analysis.go AnalyzeSensorData:222 [raaise-18-06] analyzed in 3.080786947s 
2025-07-09 06:43:38 [37m[DEBUG][0m [PID-15] analysis.go func2:126 [raaise-18-06] nb1 classified 2.466788999s 
2025-07-09 06:43:38 [37m[DEBUG][0m [PID-15] analysis.go func2:126 [raaise-18-06] nb1 classified 2.100753327s 
2025-07-09 06:43:38 [33m[WARN][0m [PID-15] server.go func14:541 You need to add learning data first: group 'apple-icon.png' does not exist 
2025-07-09 06:43:38 [36m[INFO][0m [PID-15] server.go func1:1360 172.18.0.1:55092 GET /view/dashboard/apple-icon.png 1.462201ms 
2025-07-09 06:43:38 [37m[DEBUG][0m [PID-15] analysis.go func1:112 [raaise-18-06] python classified 922.633303ms 
2025-07-09 06:43:38 [37m[DEBUG][0m [PID-15] analysis.go func2:126 [raaise-18-06] nb1 classified 2.927816891s 
2025-07-09 06:43:38 [37m[DEBUG][0m [PID-15] analysis.go func2:126 [raaise-18-06] nb1 classified 2.467388438s 
2025-07-09 06:43:38 [37m[DEBUG][0m [PID-15] analysis.go AnalyzeSensorData:222 [raaise-18-06] analyzed in 3.039029393s 
2025-07-09 06:43:38 [37m[DEBUG][0m [PID-15] analysis.go func2:126 [raaise-18-06] nb1 classified 2.756799625s 
2025-07-09 06:43:38 [37m[DEBUG][0m [PID-15] analysis.go AnalyzeSensorData:222 [raaise-18-06] analyzed in 2.758731493s 
2025-07-09 06:43:38 [37m[DEBUG][0m [PID-15] analysis.go func2:126 [raaise-18-06] nb1 classified 2.139800284s 
2025-07-09 06:43:38 [37m[DEBUG][0m [PID-15] analysis.go func1:112 [raaise-18-06] python classified 709.686164ms 
2025-07-09 06:43:38 [37m[DEBUG][0m [PID-15] analysis.go func2:126 [raaise-18-06] nb1 classified 2.297041416s 
2025-07-09 06:43:38 [37m[DEBUG][0m [PID-15] analysis.go func2:126 [raaise-18-06] nb1 classified 3.447119405s 
2025-07-09 06:43:39 [31m[ERROR][0m [PID-15] analysis.go AnalyzeSensorData:222 problem analyzing: no predictions 
2025-07-09 06:43:39 [33m[WARN][0m [PID-15] calibration.go func1:202 problem with machine learnaing: problem analyzing: no predictions: {Timestamp:1750217301227 Family:raaise-18-06 Device:user 2 Location:a16 Sensors:map[bluetooth:map[] wifi:map[5e:62:8b:28:93:af:-56 00:df:1d:de:de:fd:-83 38:91:b7:1c:76:53:-61 38:91:b7:1c:76:50:-61 38:91:b7:1a:22:ec:-75 54:af:97:56:4d:dd:-63 38:91:b7:1c:66:0c:-61 38:91:b7:19:2e:4c:-60 5e:62:8b:28:98:fb:-71 38:91:b7:1c:76:5f:-70 86:69:93:27:ad:35:-65 1c:61:b4:88:79:ca:-58 5c:62:8b:68:93:af:-56 38:91:b7:1c:08:4e:-69 38:91:b7:1c:66:0f:-61 9a:61:b4:88:79:cc:-58 38:91:b7:1c:0b:dd:-47 5c:62:8b:68:95:da:-41 38:91:b7:1c:76:52:-61 38:91:b7:1c:01:bd:-63 00:df:1d:de:de:fc:-84 38:91:b7:1c:01:bf:-63 62:61:b4:88:79:ce:-49 50:91:e3:f8:87:2b:-75 6c:cd:d6:ca:90:e2:-71 38:91:b7:1c:08:4f:-69 5c:62:8b:68:99:e3:-69 38:91:b7:1a:22:ed:-75 38:91:b7:1c:76:5e:-70 5c:62:8b:68:97:af:-52 ec:f4:0c:2f:57:dd:-75 ec:f4:0c:2f:57:de:-75 aa:61:b4:88:79:cf:-61 5e:62:8b:28:97:af:-47 38:91:b7:19:2e:4d:-61 ec:f4:0c:2f:57:dc:-75 38:91:b7:1c:66:0d:-61 38:91:b7:1c:01:bc:-63 38:91:b7:1a:22:ee:-75 1c:61:b4:88:79:cc:-61 5e:62:8b:28:99:e3:-68 38:91:b7:1c:0b:de:-46 38:91:b7:1a:22:ef:-75 38:91:b7:1c:0b:dc:-46 38:91:b7:19:2e:4f:-61 5e:62:8b:28:97:ae:-45 5c:62:8b:68:95:db:-34 38:91:b7:1c:08:4d:-69 00:df:1d:de:de:fe:-84 38:91:b7:19:2e:4e:-61 5c:62:8b:68:98:fb:-71 38:91:b7:1c:0b:df:-47 38:91:b7:1c:66:0e:-61 38:91:b7:1c:76:5d:-70 38:91:b7:1c:76:51:-60 ec:f4:0c:2f:57:df:-75 00:df:1d:de:de:ff:-85 38:91:b7:1c:01:be:-63 54:af:97:56:4d:dc:-56 38:91:b7:1c:76:5c:-70 1c:61:b4:88:79:cb:-50 38:91:b7:1c:08:4c:-68 52:91:e3:78:87:29:-74 5e:62:8b:28:95:da:-41 18:a6:f7:21:47:c6:-84 5e:62:8b:28:95:db:-36 9c:a2:f4:58:88:db:-69 6c:cd:d6:ca:90:e1:-63]] GPS:{Latitude:0 Longitude:0 Altitude:0}} 
2025-07-09 06:43:39 [37m[DEBUG][0m [PID-15] analysis.go func1:112 [raaise-18-06] python classified 449.861426ms 
2025-07-09 06:43:39 [37m[DEBUG][0m [PID-15] analysis.go func2:126 [raaise-18-06] nb1 classified 2.085087345s 
2025-07-09 06:43:39 [37m[DEBUG][0m [PID-15] analysis.go AnalyzeSensorData:222 [raaise-18-06] analyzed in 2.086641232s 
2025-07-09 06:43:39 [37m[DEBUG][0m [PID-15] analysis.go func2:126 [raaise-18-06] nb1 classified 3.10110724s 
2025-07-09 06:43:39 [37m[DEBUG][0m [PID-15] analysis.go func2:126 [raaise-18-06] nb1 classified 2.679131003s 
2025-07-09 06:43:39 [37m[DEBUG][0m [PID-15] analysis.go AnalyzeSensorData:222 [raaise-18-06] analyzed in 3.2112713s 
2025-07-09 06:43:39 [37m[DEBUG][0m [PID-15] analysis.go func2:126 [raaise-18-06] nb1 classified 2.854143171s 
2025-07-09 06:43:39 [37m[DEBUG][0m [PID-15] analysis.go func1:112 [raaise-18-06] python classified 317.308264ms 
2025-07-09 06:43:39 [37m[DEBUG][0m [PID-15] analysis.go AnalyzeSensorData:222 [raaise-18-06] analyzed in 2.913774995s 
2025-07-09 06:43:39 [31m[ERROR][0m [PID-15] analysis.go AnalyzeSensorData:222 problem analyzing: no predictions 
2025-07-09 06:43:39 [33m[WARN][0m [PID-15] calibration.go func1:202 problem with machine learnaing: problem analyzing: no predictions: {Timestamp:1750227689095 Family:raaise-18-06 Device:user 2 Location:a16 Sensors:map[bluetooth:map[] wifi:map[ec:f4:0c:2f:57:de:-72 5c:62:8b:68:93:ae:-53 38:91:b7:1c:76:53:-52 5c:62:8b:68:98:fb:-71 38:91:b7:1c:0b:dc:-47 5c:62:8b:68:99:e3:-69 ec:f4:0c:2f:57:dc:-72 50:91:e3:f8:87:2b:-77 38:91:b7:1c:76:5d:-62 38:91:b7:19:2e:4c:-57 6c:cd:d6:ca:90:e1:-72 38:91:b7:1c:01:bc:-64 ec:f4:0c:2f:57:dd:-72 5e:62:8b:28:99:e3:-69 38:91:b7:1c:08:4f:-71 38:91:b7:1a:22:e1:-75 38:91:b7:1c:0b:dd:-47 00:df:1d:de:de:fc:-83 5e:62:8b:28:98:fb:-71 38:91:b7:1a:22:ec:-82 00:df:1d:de:de:ff:-84 1c:61:b4:88:79:cc:-64 5e:62:8b:28:93:af:-57 38:91:b7:1c:0b:df:-47 38:91:b7:1c:08:4d:-71 54:af:97:56:4d:dd:-60 38:91:b7:1c:08:4c:-71 5e:62:8b:28:97:af:-48 00:df:1d:de:de:f3:-75 5e:62:8b:28:97:ae:-48 54:af:97:56:4d:dc:-55 38:91:b7:1a:22:e2:-75 38:91:b7:1a:22:e0:-74 38:91:b7:1a:22:ef:-82 38:91:b7:1c:66:0f:-61 38:91:b7:1c:76:5e:-62 9c:a2:f4:58:88:db:-63 38:91:b7:1c:76:52:-52 38:91:b7:1c:08:4e:-71 1c:61:b4:88:79:cb:-50 5c:62:8b:68:97:af:-48 38:91:b7:19:2e:4f:-57 38:91:b7:1a:22:ed:-82 5c:62:8b:68:97:ae:-48 00:df:1d:de:de:fe:-84 38:91:b7:1c:01:be:-64 38:91:b7:1c:76:51:-52 38:91:b7:1c:01:bd:-64 62:61:b4:88:79:ce:-50 5e:62:8b:28:95:db:-42 38:91:b7:1c:76:50:-52 38:91:b7:1c:01:bf:-64 38:91:b7:1a:22:ee:-82 aa:61:b4:88:79:cf:-61 38:91:b7:19:2e:4e:-57 38:91:b7:1c:66:0c:-61 38:91:b7:1c:66:0e:-61 86:69:93:27:ad:35:-67 38:91:b7:1c:76:5c:-62 5e:62:8b:28:95:da:-29 5c:62:8b:68:93:af:-56 38:91:b7:1c:76:5f:-62 38:91:b7:19:2e:4d:-57 38:91:b7:1a:22:e3:-75 00:df:1d:de:de:fd:-83 6c:cd:d6:ca:90:e2:-67 ec:f4:0c:2f:57:df:-72 38:91:b7:1c:66:0d:-61 1c:61:b4:88:79:ca:-58 38:91:b7:1c:0b:de:-47]] GPS:{Latitude:0 Longitude:0 Altitude:0}} 
2025-07-09 06:43:39 [37m[DEBUG][0m [PID-15] analysis.go func2:126 [raaise-18-06] nb1 classified 2.284579332s 
2025-07-09 06:43:39 [37m[DEBUG][0m [PID-15] analysis.go AnalyzeSensorData:222 [raaise-18-06] analyzed in 2.285441856s 
2025-07-09 06:43:39 [37m[DEBUG][0m [PID-15] analysis.go AnalyzeSensorData:222 [raaise-18-06] analyzed in 3.058385519s 
2025-07-09 06:43:39 [37m[DEBUG][0m [PID-15] analysis.go func1:112 [raaise-18-06] python classified 330.077576ms 
2025-07-09 06:43:39 [37m[DEBUG][0m [PID-15] analysis.go func2:126 [raaise-18-06] nb1 classified 1.831663306s 
2025-07-09 06:43:39 [37m[DEBUG][0m [PID-15] analysis.go AnalyzeSensorData:222 [raaise-18-06] analyzed in 1.834539262s 
2025-07-09 06:43:39 [37m[DEBUG][0m [PID-15] analysis.go func1:112 [raaise-18-06] python classified 347.769545ms 
2025-07-09 06:43:39 [37m[DEBUG][0m [PID-15] analysis.go func2:126 [raaise-18-06] nb1 classified 1.269709704s 
2025-07-09 06:43:39 [37m[DEBUG][0m [PID-15] analysis.go AnalyzeSensorData:222 [raaise-18-06] analyzed in 1.271075775s 
2025-07-09 06:43:39 [37m[DEBUG][0m [PID-15] analysis.go func1:112 [raaise-18-06] python classified 449.227861ms 
2025-07-09 06:43:39 [37m[DEBUG][0m [PID-15] analysis.go func2:126 [raaise-18-06] nb1 classified 931.498889ms 
2025-07-09 06:43:39 [37m[DEBUG][0m [PID-15] analysis.go func1:112 [raaise-18-06] python classified 405.77713ms 
2025-07-09 06:43:39 [37m[DEBUG][0m [PID-15] analysis.go func2:126 [raaise-18-06] nb1 classified 2.773837324s 
2025-07-09 06:43:39 [37m[DEBUG][0m [PID-15] analysis.go AnalyzeSensorData:222 [raaise-18-06] analyzed in 2.774684276s 
2025-07-09 06:43:40 [37m[DEBUG][0m [PID-15] analysis.go AnalyzeSensorData:222 [raaise-18-06] analyzed in 1.016187152s 
2025-07-09 06:43:40 [37m[DEBUG][0m [PID-15] analysis.go func2:126 [raaise-18-06] nb1 classified 1.68295975s 
2025-07-09 06:43:40 [37m[DEBUG][0m [PID-15] analysis.go func1:112 [raaise-18-06] python classified 592.220486ms 
2025-07-09 06:43:40 [37m[DEBUG][0m [PID-15] analysis.go func1:112 [raaise-18-06] python classified 490.685289ms 
2025-07-09 06:43:40 [31m[ERROR][0m [PID-15] analysis.go AnalyzeSensorData:222 problem analyzing: no predictions 
2025-07-09 06:43:40 [33m[WARN][0m [PID-15] calibration.go func1:202 problem with machine learnaing: problem analyzing: no predictions: {Timestamp:1750217346226 Family:raaise-18-06 Device:user 2 Location:a16 Sensors:map[bluetooth:map[] wifi:map[38:91:b7:19:2e:4c:-64 54:af:97:56:4d:dd:-61 38:91:b7:1c:01:bc:-60 38:91:b7:1c:08:4e:-67 38:91:b7:1c:76:51:-57 ec:f4:0c:2f:57:dd:-71 5e:62:8b:28:95:da:-42 38:91:b7:1c:01:be:-60 6c:cd:d6:ca:90:e2:-72 38:91:b7:1c:66:0e:-64 52:91:e3:78:87:29:-71 ec:f4:0c:2f:57:dc:-72 38:91:b7:1c:08:4f:-67 00:df:1d:de:de:fd:-85 38:91:b7:1c:76:5e:-68 38:91:b7:1c:08:4c:-67 38:91:b7:1c:76:50:-57 50:91:e3:f8:87:2b:-71 38:91:b7:1c:0b:dc:-48 5c:62:8b:68:98:fb:-70 ec:f4:0c:2f:57:df:-72 38:91:b7:1c:76:5c:-69 62:61:b4:88:79:ce:-54 38:91:b7:1c:76:53:-57 38:91:b7:1a:22:ed:-78 38:91:b7:1c:0b:df:-48 5e:62:8b:28:95:db:-42 9c:a2:f4:58:88:db:-69 9a:61:b4:88:79:cc:-59 38:91:b7:1c:0b:de:-48 00:df:1d:de:de:ff:-85 38:91:b7:1c:66:0f:-64 00:df:1d:de:de:fc:-85 54:af:97:56:4d:dc:-61 1c:61:b4:88:79:ca:-59 38:91:b7:1c:01:bf:-60 6c:cd:d6:ca:90:e1:-67 38:91:b7:19:2e:4f:-64 38:91:b7:1c:66:0c:-64 38:91:b7:1c:01:bd:-60 18:a6:f7:21:47:c6:-92 38:91:b7:1c:76:52:-56 38:91:b7:19:2e:4d:-64 86:69:93:27:ad:35:-68 00:df:1d:de:de:fe:-85 38:91:b7:1c:0b:dd:-48 5e:62:8b:28:97:ae:-51 38:91:b7:1c:08:4d:-67 1c:61:b4:88:79:cb:-54 38:91:b7:1a:22:ef:-78 38:91:b7:1c:76:5f:-69 38:91:b7:1c:76:5d:-69 38:91:b7:19:2e:4e:-64 38:91:b7:1a:22:ec:-78 38:91:b7:1a:22:ee:-78 ec:f4:0c:2f:57:de:-72 38:91:b7:1c:66:0d:-64]] GPS:{Latitude:0 Longitude:0 Altitude:0}} 
2025-07-09 06:43:40 [37m[DEBUG][0m [PID-15] analysis.go func2:126 [raaise-18-06] nb1 classified 1.111063258s 
2025-07-09 06:43:40 [37m[DEBUG][0m [PID-15] analysis.go AnalyzeSensorData:222 [raaise-18-06] analyzed in 1.192448818s 
2025-07-09 06:43:40 [31m[ERROR][0m [PID-15] analysis.go AnalyzeSensorData:222 problem analyzing: no predictions 
2025-07-09 06:43:40 [33m[WARN][0m [PID-15] calibration.go func1:202 problem with machine learnaing: problem analyzing: no predictions: {Timestamp:1750216712504 Family:raaise-18-06 Device:user 1 Location:a16 Sensors:map[bluetooth:map[] wifi:map[5e:62:8b:28:99:e3:-67 00:df:1d:de:de:fc:-86 5c:62:8b:68:98:fb:-69 1c:61:b4:88:79:ca:-59 38:91:b7:1a:22:e0:-75 38:91:b7:1c:76:52:-59 5c:62:8b:68:99:e3:-68 00:df:1d:de:de:fd:-87 5e:62:8b:28:98:fb:-68 50:91:e3:f8:87:29:-61 6c:cd:d6:ca:90:e1:-69 00:df:1d:de:de:f1:-72 5c:62:8b:68:95:da:-80 38:91:b7:19:2e:4d:-57 54:af:97:56:4d:dd:-59 5c:62:8b:68:95:db:-42 38:91:b7:1c:76:51:-58 38:91:b7:1a:22:e3:-76 38:91:b7:1c:08:4c:-65 38:91:b7:1c:0b:dc:-48 5e:62:8b:28:97:af:-50 5e:62:8b:28:93:af:-56 50:91:e3:f8:87:2b:-75 38:91:b7:1a:22:e1:-76 9a:61:b4:88:79:cc:-59 00:df:1d:de:de:ff:-87 38:91:b7:1a:22:e2:-76 9c:a2:f4:58:88:db:-69 52:91:e3:78:87:29:-75 52:91:e3:28:87:29:-63 38:91:b7:1c:08:4d:-65 38:91:b7:1c:08:4f:-65 ec:f4:0c:2f:57:de:-71 38:91:b7:1c:76:50:-58 38:91:b7:1c:0b:df:-46 ec:f4:0c:2f:57:dd:-71 38:91:b7:19:2e:4f:-57 38:91:b7:1c:0b:de:-46 38:91:b7:19:2e:4c:-57 5e:62:8b:28:97:ae:-42 38:91:b7:1c:08:4e:-65 38:91:b7:1c:0b:dd:-47 00:df:1d:de:de:f2:-72 00:df:1d:de:de:f0:-72 00:df:1d:de:de:f3:-72 5e:62:8b:28:93:ae:-47 ec:f4:0c:2f:57:dc:-71 5e:62:8b:28:95:db:-42 5c:62:8b:68:97:af:-50 ec:f4:0c:2f:57:df:-71 00:df:1d:de:de:fe:-86 38:91:b7:1c:76:53:-59 38:91:b7:19:2e:4e:-57 54:af:97:56:4d:dc:-58]] GPS:{Latitude:0 Longitude:0 Altitude:0}} 
2025-07-09 06:43:40 [37m[DEBUG][0m [PID-15] analysis.go func1:112 [raaise-18-06] python classified 552.78004ms 
2025-07-09 06:43:40 [37m[DEBUG][0m [PID-15] analysis.go func2:126 [raaise-18-06] nb1 classified 1.251112084s 
2025-07-09 06:43:40 [37m[DEBUG][0m [PID-15] analysis.go AnalyzeSensorData:222 [raaise-18-06] analyzed in 1.251988691s 
2025-07-09 06:43:40 [31m[ERROR][0m [PID-15] analysis.go AnalyzeSensorData:222 problem analyzing: no predictions 
2025-07-09 06:43:40 [33m[WARN][0m [PID-15] calibration.go func1:202 problem with machine learnaing: problem analyzing: no predictions: {Timestamp:1750227489097 Family:raaise-18-06 Device:user 2 Location:a16 Sensors:map[bluetooth:map[] wifi:map[62:61:b4:88:79:ce:-50 00:df:1d:de:de:ff:-84 ec:f4:0c:2f:57:de:-71 38:91:b7:1c:08:4e:-71 52:91:e3:78:87:29:-76 38:91:b7:1c:76:5d:-62 38:91:b7:1c:0b:dc:-47 1c:61:b4:88:79:cc:-63 38:91:b7:1c:66:0d:-61 38:91:b7:1c:01:bd:-63 5c:62:8b:68:99:e3:-70 aa:61:b4:88:79:cf:-60 38:91:b7:1c:0b:dd:-47 86:69:93:27:ad:35:-67 38:91:b7:1c:01:be:-63 38:91:b7:1c:08:4d:-70 38:91:b7:1c:76:51:-55 ec:f4:0c:2f:57:df:-71 ec:f4:0c:2f:57:dd:-71 1c:61:b4:88:79:cb:-50 38:91:b7:1c:76:53:-55 38:91:b7:1c:76:50:-55 54:af:97:56:4d:dc:-57 ec:f4:0c:2f:57:dc:-71 38:91:b7:19:2e:4e:-58 6c:cd:d6:ca:90:e1:-70 5e:62:8b:28:95:db:-42 18:a6:f7:21:47:c6:-95 38:91:b7:1c:66:0c:-62 1c:61:b4:88:79:ca:-58 00:df:1d:de:de:fc:-84 38:91:b7:1c:01:bc:-63 38:91:b7:1c:76:52:-55 38:91:b7:1c:08:4c:-70 38:91:b7:1a:22:ed:-82 5e:62:8b:28:95:da:-28 38:91:b7:1c:76:5e:-63 38:91:b7:1c:76:5c:-62 5e:62:8b:28:93:ae:-53 5e:62:8b:28:97:af:-47 38:91:b7:1c:08:4f:-70 38:91:b7:19:2e:4f:-58 38:91:b7:1c:01:bf:-63 38:91:b7:1c:0b:de:-47 38:91:b7:1c:66:0e:-61 00:df:1d:de:de:fe:-84 38:91:b7:1c:76:5f:-62 54:af:97:56:4d:dd:-61 9a:61:b4:88:79:cc:-58 00:df:1d:de:de:fd:-84 38:91:b7:19:2e:4d:-58 38:91:b7:1c:66:0f:-61 38:91:b7:1a:22:ee:-82 38:91:b7:1a:22:ef:-83 38:91:b7:19:2e:4c:-58 5e:62:8b:28:93:af:-54 5c:62:8b:68:98:fb:-70 50:91:e3:f8:87:2b:-76 38:91:b7:1c:0b:df:-47 9c:a2:f4:58:88:db:-63 38:91:b7:1a:22:ec:-82]] GPS:{Latitude:0 Longitude:0 Altitude:0}} 
2025-07-09 06:43:40 [37m[DEBUG][0m [PID-15] analysis.go func2:126 [raaise-18-06] nb1 classified 1.707515474s 
2025-07-09 06:43:40 [37m[DEBUG][0m [PID-15] analysis.go func2:126 [raaise-18-06] nb1 classified 1.401100827s 
2025-07-09 06:43:40 [37m[DEBUG][0m [PID-15] analysis.go AnalyzeSensorData:222 [raaise-18-06] analyzed in 1.403557637s 
2025-07-09 06:43:41 [37m[DEBUG][0m [PID-15] analysis.go func2:126 [raaise-18-06] nb1 classified 1.550917595s 
2025-07-09 06:43:41 [37m[DEBUG][0m [PID-15] analysis.go AnalyzeSensorData:222 [raaise-18-06] analyzed in 1.653100562s 
2025-07-09 06:43:41 [37m[DEBUG][0m [PID-15] analysis.go func2:126 [raaise-18-06] nb1 classified 1.238098722s 
2025-07-09 06:43:41 [37m[DEBUG][0m [PID-15] analysis.go func1:112 [raaise-18-06] python classified 422.083288ms 
2025-07-09 06:43:41 [37m[DEBUG][0m [PID-15] analysis.go func2:126 [raaise-18-06] nb1 classified 1.398814513s 
2025-07-09 06:43:41 [37m[DEBUG][0m [PID-15] analysis.go AnalyzeSensorData:222 [raaise-18-06] analyzed in 1.399699608s 
2025-07-09 06:43:41 [37m[DEBUG][0m [PID-15] analysis.go func1:112 [raaise-18-06] python classified 514.244629ms 
2025-07-09 06:43:41 [37m[DEBUG][0m [PID-15] analysis.go func2:126 [raaise-18-06] nb1 classified 1.620687904s 
2025-07-09 06:43:41 [37m[DEBUG][0m [PID-15] analysis.go AnalyzeSensorData:222 [raaise-18-06] analyzed in 1.701078216s 
2025-07-09 06:43:41 [37m[DEBUG][0m [PID-15] analysis.go func1:112 [raaise-18-06] python classified 547.887682ms 
2025-07-09 06:43:41 [37m[DEBUG][0m [PID-15] analysis.go func1:112 [raaise-18-06] python classified 736.633605ms 
2025-07-09 06:43:41 [37m[DEBUG][0m [PID-15] analysis.go func2:126 [raaise-18-06] nb1 classified 1.362713643s 
2025-07-09 06:43:41 [37m[DEBUG][0m [PID-15] analysis.go func1:112 [raaise-18-06] python classified 494.251482ms 
2025-07-09 06:43:41 [31m[ERROR][0m [PID-15] analysis.go AnalyzeSensorData:222 problem analyzing: no predictions 
2025-07-09 06:43:41 [33m[WARN][0m [PID-15] calibration.go func1:202 problem with machine learnaing: problem analyzing: no predictions: {Timestamp:1750227350823 Family:raaise-18-06 Device:user 3 Location:a16 Sensors:map[bluetooth:map[] wifi:map[38:91:b7:1c:76:52:-62 9c:a2:f4:58:88:db:-68 54:af:97:56:4d:dd:-66 5e:62:8b:28:93:af:-57 38:91:b7:1a:22:e1:-76 38:91:b7:1c:08:4d:-75 50:91:e3:f8:87:2b:-75 6c:cd:d6:ca:90:e2:-79 5e:62:8b:28:98:fb:-73 5c:62:8b:68:93:af:-58 ec:f4:0c:2f:57:de:-74 38:91:b7:1c:08:4f:-75 ec:f4:0c:2f:57:df:-74 6c:cd:d6:ca:90:e1:-69 5c:62:8b:68:97:af:-52 ec:f4:0c:2f:57:dc:-74 5c:62:8b:68:98:fb:-73 38:91:b7:1c:76:53:-62 5e:62:8b:28:95:db:-42 5e:62:8b:28:97:ae:-48 38:91:b7:19:2e:4c:-60 38:91:b7:19:2e:4d:-60 1c:61:b4:88:79:ca:-61 38:91:b7:1a:22:e0:-76 38:91:b7:1c:76:50:-62 5e:62:8b:28:99:e3:-71 38:91:b7:19:2e:4e:-60 54:af:97:56:4d:dc:-58 38:91:b7:1c:08:4e:-75 52:91:e3:28:87:29:-72 5e:62:8b:28:97:af:-52 38:91:b7:1c:76:51:-61 18:a6:f7:21:47:c6:-86 ec:f4:0c:2f:57:dd:-74 38:91:b7:19:2e:4f:-60 38:91:b7:1c:08:4c:-74]] GPS:{Latitude:0 Longitude:0 Altitude:0}} 
2025-07-09 06:43:41 [37m[DEBUG][0m [PID-15] analysis.go func1:112 [raaise-18-06] python classified 394.124887ms 
2025-07-09 06:43:41 [37m[DEBUG][0m [PID-15] analysis.go func2:126 [raaise-18-06] nb1 classified 1.633928162s 
2025-07-09 06:43:41 [37m[DEBUG][0m [PID-15] analysis.go AnalyzeSensorData:222 [raaise-18-06] analyzed in 1.634994084s 
2025-07-09 06:43:41 [37m[DEBUG][0m [PID-15] analysis.go func2:126 [raaise-18-06] nb1 classified 1.117743869s 
2025-07-09 06:43:41 [37m[DEBUG][0m [PID-15] analysis.go AnalyzeSensorData:222 [raaise-18-06] analyzed in 1.123436023s 
2025-07-09 06:43:41 [37m[DEBUG][0m [PID-15] analysis.go func1:112 [raaise-18-06] python classified 503.57745ms 
2025-07-09 06:43:41 [37m[DEBUG][0m [PID-15] analysis.go func2:126 [raaise-18-06] nb1 classified 1.529180188s 
2025-07-09 06:43:41 [37m[DEBUG][0m [PID-15] analysis.go func1:112 [raaise-18-06] python classified 394.999664ms 
2025-07-09 06:43:42 [37m[DEBUG][0m [PID-15] analysis.go func1:112 [raaise-18-06] python classified 392.430744ms 
2025-07-09 06:43:42 [37m[DEBUG][0m [PID-15] analysis.go func2:126 [raaise-18-06] nb1 classified 1.076389389s 
2025-07-09 06:43:42 [31m[ERROR][0m [PID-15] analysis.go AnalyzeSensorData:222 problem analyzing: no predictions 
2025-07-09 06:43:42 [33m[WARN][0m [PID-15] calibration.go func1:202 problem with machine learnaing: problem analyzing: no predictions: {Timestamp:1750227599406 Family:raaise-18-06 Device:user 1 Location:a16 Sensors:map[wifi:map[38:91:b7:19:2e:4e:-60 5c:62:8b:68:93:af:-57 5e:62:8b:28:95:da:-48 ec:f4:0c:2f:57:df:-74 ec:f4:0c:2f:57:dd:-75 38:91:b7:1c:0b:df:-50 38:91:b7:1c:08:4e:-72 38:91:b7:1a:22:e3:-75 6c:cd:d6:ca:90:e2:-75 5e:62:8b:28:97:ae:-48 5c:62:8b:68:97:af:-51 38:91:b7:1c:76:53:-63 38:91:b7:1c:76:52:-63 38:91:b7:1c:76:51:-62 50:91:e3:f8:87:2b:-78 5e:62:8b:28:97:af:-51 50:91:e3:f8:87:29:-68 38:91:b7:1c:0b:dc:-50 ec:f4:0c:2f:57:de:-75 00:df:1d:de:de:fd:-87 38:91:b7:1a:22:e0:-75 38:91:b7:1a:9d:22:-87 38:91:b7:1a:22:e1:-75 00:df:1d:de:de:fc:-87 54:af:97:56:4d:dd:-61 5e:62:8b:28:95:db:-47 38:91:b7:19:2e:4d:-60 38:91:b7:1c:76:50:-65 38:91:b7:1c:08:4c:-72 38:91:b7:1c:0b:de:-51 38:91:b7:19:2e:4c:-60 5e:62:8b:28:98:fb:-73 00:df:1d:de:de:ff:-87 38:91:b7:1a:9d:23:-87 ec:f4:0c:2f:57:dc:-75 00:df:1d:de:de:fe:-86 5e:62:8b:28:99:e3:-68 38:91:b7:1c:0b:dd:-50 38:91:b7:1c:08:4f:-72 38:91:b7:19:2e:4f:-60 00:df:1d:de:de:f0:-78 54:af:97:56:4d:dc:-61 5e:62:8b:28:93:af:-57 86:69:93:27:ad:35:-67 6c:cd:d6:ca:90:e1:-68 38:91:b7:1a:22:e2:-74 38:91:b7:1c:08:4d:-72] bluetooth:map[]] GPS:{Latitude:0 Longitude:0 Altitude:0}} 
2025-07-09 06:43:42 [37m[DEBUG][0m [PID-15] analysis.go func2:126 [raaise-18-06] nb1 classified 1.738168238s 
2025-07-09 06:43:42 [37m[DEBUG][0m [PID-15] analysis.go AnalyzeSensorData:222 [raaise-18-06] analyzed in 1.739047633s 
2025-07-09 06:43:42 [37m[DEBUG][0m [PID-15] analysis.go func2:126 [raaise-18-06] nb1 classified 1.791185893s 
2025-07-09 06:43:42 [37m[DEBUG][0m [PID-15] analysis.go func2:126 [raaise-18-06] nb1 classified 1.109556431s 
2025-07-09 06:43:42 [37m[DEBUG][0m [PID-15] analysis.go func2:126 [raaise-18-06] nb1 classified 1.008285246s 
2025-07-09 06:43:42 [37m[DEBUG][0m [PID-15] analysis.go func2:126 [raaise-18-06] nb1 classified 1.362616613s 
2025-07-09 06:43:42 [37m[DEBUG][0m [PID-15] analysis.go AnalyzeSensorData:222 [raaise-18-06] analyzed in 1.881937228s 
2025-07-09 06:43:42 [37m[DEBUG][0m [PID-15] analysis.go AnalyzeSensorData:222 [raaise-18-06] analyzed in 1.222532071s 
2025-07-09 06:43:42 [37m[DEBUG][0m [PID-15] analysis.go AnalyzeSensorData:222 [raaise-18-06] analyzed in 1.133404018s 
2025-07-09 06:43:42 [37m[DEBUG][0m [PID-15] analysis.go AnalyzeSensorData:222 [raaise-18-06] analyzed in 1.481466322s 
2025-07-09 06:43:42 [37m[DEBUG][0m [PID-15] analysis.go func1:112 [raaise-18-06] python classified 304.354091ms 
2025-07-09 06:43:42 [37m[DEBUG][0m [PID-15] analysis.go func2:126 [raaise-18-06] nb1 classified 948.339451ms 
2025-07-09 06:43:42 [37m[DEBUG][0m [PID-15] analysis.go func2:126 [raaise-18-06] nb1 classified 1.853087708s 
2025-07-09 06:43:42 [37m[DEBUG][0m [PID-15] analysis.go AnalyzeSensorData:222 [raaise-18-06] analyzed in 1.854009884s 
2025-07-09 06:43:42 [37m[DEBUG][0m [PID-15] analysis.go AnalyzeSensorData:222 [raaise-18-06] analyzed in 1.074249475s 
2025-07-09 06:43:42 [37m[DEBUG][0m [PID-15] analysis.go func1:112 [raaise-18-06] python classified 376.378572ms 
2025-07-09 06:43:42 [31m[ERROR][0m [PID-15] analysis.go AnalyzeSensorData:222 problem analyzing: no predictions 
2025-07-09 06:43:42 [33m[WARN][0m [PID-15] calibration.go func1:202 problem with machine learnaing: problem analyzing: no predictions: {Timestamp:1750222509157 Family:raaise-18-06 Device:user 2 Location:a01 Sensors:map[bluetooth:map[] wifi:map[38:91:b7:1c:66:0d:-53 00:df:1d:de:de:f2:-51 38:91:b7:1c:08:4d:-73 1c:61:b4:88:79:cc:-84 38:91:b7:1a:22:e2:-80 38:91:b7:1c:76:52:-55 38:91:b7:1c:76:5e:-61 38:91:b7:1c:01:bd:-69 50:91:e3:f8:87:2b:-81 38:91:b7:1c:0b:dc:-77 38:91:b7:1a:22:ed:-78 00:df:1d:de:de:fd:-70 38:91:b7:1c:76:51:-55 38:91:b7:1c:0b:dd:-78 50:91:e3:f8:87:29:-76 5e:62:8b:28:93:af:-58 5c:62:8b:68:95:db:-57 ec:f4:0c:2f:57:dc:-87 5e:62:8b:28:97:af:-76 38:91:b7:1c:01:be:-69 38:91:b7:1c:0b:de:-77 38:91:b7:19:2e:4d:-86 38:91:b7:1c:76:53:-55 38:91:b7:19:2e:4f:-85 38:91:b7:1a:22:e3:-81 00:df:1d:de:de:f0:-52 5c:62:8b:68:93:af:-57 5e:62:8b:28:99:e3:-65 9a:61:b4:88:79:cc:-81 1c:61:b4:88:79:ca:-81 38:91:b7:1a:22:ef:-77 ec:f4:0c:2f:57:de:-87 38:91:b7:1c:0b:df:-77 38:91:b7:1a:22:ec:-78 38:91:b7:1a:22:e0:-81 86:69:93:27:ad:35:-89 54:af:97:56:4d:dd:-85 38:91:b7:1a:22:ee:-78 38:91:b7:1c:01:bf:-69 00:df:1d:de:de:fe:-71 38:91:b7:1c:76:5f:-61 ec:f4:0c:2f:57:dd:-86 00:df:1d:de:de:fc:-71 00:df:1d:de:de:f3:-52 54:af:97:56:4d:dc:-82 5c:62:8b:68:93:ae:-53 38:91:b7:1c:08:4e:-74 38:91:b7:19:2e:4e:-86 38:91:b7:1c:08:4c:-74 aa:61:b4:88:79:cf:-84 38:91:b7:19:2e:4c:-85 38:91:b7:1c:08:4f:-73 5e:62:8b:28:95:db:-58 38:91:b7:1c:76:50:-55 38:91:b7:1c:01:bc:-70 38:91:b7:1c:66:0e:-53 38:91:b7:1a:22:e1:-80 38:91:b7:1c:66:0c:-53 5e:62:8b:28:93:ae:-54 62:61:b4:88:79:ce:-74 6c:cd:d6:ca:90:e1:-74 ec:f4:0c:2f:57:df:-87 6c:cd:d6:ca:90:e2:-72 00:df:1d:de:de:ff:-71 9c:a2:f4:58:88:db:-87 00:df:1d:de:de:f1:-52 1c:61:b4:88:79:cb:-75 38:91:b7:1c:76:5c:-61 38:91:b7:1c:66:0f:-53 5e:62:8b:28:95:da:-60 38:91:b7:1c:76:5d:-61]] GPS:{Latitude:0 Longitude:0 Altitude:0}} 
2025-07-09 06:43:42 [37m[DEBUG][0m [PID-15] analysis.go func1:112 [raaise-18-06] python classified 383.646324ms 
2025-07-09 06:43:42 [37m[DEBUG][0m [PID-15] analysis.go func1:112 [raaise-18-06] python classified 408.573481ms 
2025-07-09 06:43:42 [37m[DEBUG][0m [PID-15] analysis.go func1:112 [raaise-18-06] python classified 445.164714ms 
2025-07-09 06:43:42 [37m[DEBUG][0m [PID-15] analysis.go func2:126 [raaise-18-06] nb1 classified 1.115380752s 
2025-07-09 06:43:43 [37m[DEBUG][0m [PID-15] analysis.go func2:126 [raaise-18-06] nb1 classified 1.375052213s 
2025-07-09 06:43:43 [37m[DEBUG][0m [PID-15] analysis.go AnalyzeSensorData:222 [raaise-18-06] analyzed in 1.375971968s 
2025-07-09 06:43:43 [37m[DEBUG][0m [PID-15] analysis.go func1:112 [raaise-18-06] python classified 395.907155ms 
2025-07-09 06:43:43 [37m[DEBUG][0m [PID-15] analysis.go func2:126 [raaise-18-06] nb1 classified 951.297951ms 
2025-07-09 06:43:43 [37m[DEBUG][0m [PID-15] analysis.go AnalyzeSensorData:222 [raaise-18-06] analyzed in 952.190852ms 
2025-07-09 06:43:43 [31m[ERROR][0m [PID-15] analysis.go AnalyzeSensorData:222 problem analyzing: no predictions 
2025-07-09 06:43:43 [33m[WARN][0m [PID-15] calibration.go func1:202 problem with machine learnaing: problem analyzing: no predictions: {Timestamp:1750229476984 Family:raaise-18-06 Device:user 2 Location:a01 Sensors:map[bluetooth:map[] wifi:map[00:df:1d:de:de:f1:-57 38:91:b7:1c:01:be:-69 00:df:1d:de:de:f3:-56 62:61:b4:88:79:ce:-70 38:91:b7:1c:76:5e:-68 38:91:b7:1c:01:bd:-68 00:df:1d:de:de:f2:-57 38:91:b7:1c:76:5f:-68 ec:f4:0c:2f:57:de:-94 00:df:1d:de:de:fc:-68 38:91:b7:1c:76:5c:-68 50:91:e3:f8:87:29:-74 38:91:b7:1a:22:e1:-80 38:91:b7:19:2e:4d:-89 38:91:b7:1c:01:bf:-68 38:91:b7:1a:22:ed:-87 38:91:b7:1c:76:51:-60 54:af:97:56:4d:dc:-83 38:91:b7:1c:0b:dd:-76 38:91:b7:1c:66:0e:-58 38:91:b7:1a:22:ef:-87 38:91:b7:1c:76:52:-60 00:df:1d:de:de:ff:-68 38:91:b7:1c:08:4f:-70 38:91:b7:1c:66:0c:-58 38:91:b7:1a:22:ee:-87 5c:62:8b:68:95:db:-60 38:91:b7:19:2e:4e:-89 5e:62:8b:28:95:db:-59 38:91:b7:1c:0b:dc:-76 38:91:b7:1a:22:ec:-87 00:df:1d:de:de:fe:-69 38:91:b7:1c:76:53:-60 38:91:b7:1a:22:e3:-80 38:91:b7:1a:22:e2:-80 52:91:e3:28:87:29:-73 38:91:b7:1c:08:4e:-70 5e:62:8b:28:93:af:-57 38:91:b7:1c:76:50:-60 38:91:b7:19:2e:4c:-89 1c:61:b4:88:79:cb:-70 ec:f4:0c:2f:57:dc:-94 ec:f4:0c:2f:57:dd:-94 38:91:b7:1c:76:5d:-68 38:91:b7:1c:08:4d:-70 38:91:b7:1c:01:bc:-68 38:91:b7:1c:0b:de:-75 1c:61:b4:88:79:ca:-80 ec:f4:0c:2f:57:df:-94 38:91:b7:19:2e:4f:-89 38:91:b7:1c:66:0d:-58 38:91:b7:1c:0b:df:-76 38:91:b7:1c:08:4c:-70 00:df:1d:de:de:f0:-58 38:91:b7:1c:66:0f:-58 00:df:1d:de:de:fd:-69 38:91:b7:1a:22:e0:-80 50:91:e3:f8:87:2b:-77]] GPS:{Latitude:0 Longitude:0 Altitude:0}} 
2025-07-09 06:43:43 [31m[ERROR][0m [PID-15] analysis.go AnalyzeSensorData:222 problem analyzing: no predictions 
2025-07-09 06:43:43 [33m[WARN][0m [PID-15] calibration.go func1:202 problem with machine learnaing: problem analyzing: no predictions: {Timestamp:1750229650933 Family:raaise-18-06 Device:user 1 Location:a01 Sensors:map[bluetooth:map[] wifi:map[6c:cd:d6:ca:90:e2:-79 38:91:b7:1a:22:e0:-79 38:91:b7:1c:08:4f:-76 38:91:b7:1c:08:4d:-75 54:af:97:56:4d:dd:-82 00:df:1d:de:de:f3:-53 00:df:1d:de:de:fd:-67 38:91:b7:1c:0b:df:-82 aa:61:b4:88:79:ce:-89 38:91:b7:1c:0b:dd:-81 38:91:b7:1a:22:e3:-79 ec:f4:0c:2f:57:de:-94 5e:62:8b:28:95:db:-60 5e:62:8b:28:95:da:-64 5e:62:8b:28:93:af:-60 5e:62:8b:28:98:fb:-74 38:91:b7:1c:76:52:-56 52:91:e3:78:87:29:-81 ec:f4:0c:2f:57:dc:-94 38:91:b7:1c:08:4c:-76 6c:cd:d6:ca:90:e1:-71 ec:f4:0c:2f:57:dd:-95 52:91:e3:28:87:29:-74 00:df:1d:de:de:f1:-51 00:df:1d:de:de:ff:-67 38:91:b7:1c:08:4e:-76 00:df:1d:de:de:fc:-67 38:91:b7:19:2e:4d:-88 9c:a2:f4:58:88:db:-92 38:91:b7:1c:76:53:-55 38:91:b7:1c:76:50:-55 00:df:1d:de:de:f0:-51 1c:61:b4:88:79:ca:-86 5e:62:8b:28:93:ae:-62 38:91:b7:1c:0b:dc:-81 38:91:b7:19:2e:4f:-88 50:91:e3:f8:87:2b:-81 ec:f4:0c:2f:57:df:-96 38:91:b7:1c:76:51:-55 00:df:1d:de:de:f2:-51 54:af:97:56:4d:dc:-82 38:91:b7:19:2e:4e:-89 38:91:b7:19:2e:4c:-89 00:df:1d:de:de:fe:-66 aa:61:b4:88:79:cf:-88 38:91:b7:1a:22:e1:-79 38:91:b7:1a:22:e2:-79 38:91:b7:1c:0b:de:-82]] GPS:{Latitude:0 Longitude:0 Altitude:0}} 
2025-07-09 06:43:43 [37m[DEBUG][0m [PID-15] analysis.go func2:126 [raaise-18-06] nb1 classified 1.03177067s 
2025-07-09 06:43:43 [37m[DEBUG][0m [PID-15] analysis.go AnalyzeSensorData:222 [raaise-18-06] analyzed in 1.032682979s 
2025-07-09 06:43:43 [37m[DEBUG][0m [PID-15] analysis.go func1:112 [raaise-18-06] python classified 410.150482ms 
2025-07-09 06:43:43 [31m[ERROR][0m [PID-15] analysis.go AnalyzeSensorData:222 problem analyzing: no predictions 
2025-07-09 06:43:43 [33m[WARN][0m [PID-15] calibration.go func1:202 problem with machine learnaing: problem analyzing: no predictions: {Timestamp:1750222289154 Family:raaise-18-06 Device:user 2 Location:a01 Sensors:map[bluetooth:map[] wifi:map[5e:62:8b:28:93:ae:-55 1c:61:b4:88:79:ca:-85 38:91:b7:1c:66:0d:-58 38:91:b7:1c:76:5d:-78 38:91:b7:1c:08:4e:-75 38:91:b7:1c:76:51:-62 5e:62:8b:28:98:fa:-73 38:91:b7:1a:22:ee:-85 38:91:b7:1c:0b:df:-78 38:91:b7:1c:08:4d:-75 38:91:b7:1c:01:be:-69 54:af:97:56:4d:dc:-83 38:91:b7:19:2e:4f:-91 5c:62:8b:68:95:da:-64 00:df:1d:de:de:fd:-70 38:91:b7:1c:01:bd:-69 38:91:b7:1c:76:52:-63 00:df:1d:de:de:fc:-70 38:91:b7:1c:0b:dd:-78 38:91:b7:1c:01:bc:-69 38:91:b7:1a:22:ec:-86 38:91:b7:1c:76:5c:-78 6c:cd:d6:ca:90:e1:-80 38:91:b7:1c:76:53:-63 5c:62:8b:68:98:fb:-83 62:61:b4:88:79:ce:-84 38:91:b7:1c:08:4f:-75 5e:62:8b:28:99:e3:-76 00:df:1d:de:de:f0:-51 38:91:b7:1c:66:0f:-58 52:91:e3:78:87:29:-82 38:91:b7:1c:66:0e:-58 5e:62:8b:28:95:db:-65 5e:62:8b:28:93:af:-59 38:91:b7:1c:76:50:-62 00:df:1d:de:de:ff:-70 5e:62:8b:28:97:af:-72 38:91:b7:1c:0b:de:-78 38:91:b7:19:2e:4c:-90 38:91:b7:1c:0b:dc:-78 5c:62:8b:68:99:e3:-76 38:91:b7:1c:66:0c:-58 00:df:1d:de:de:f1:-51 00:df:1d:de:de:f2:-52 5c:62:8b:68:98:fa:-74 38:91:b7:19:2e:4e:-91 38:91:b7:1c:08:4c:-75 38:91:b7:1a:22:ed:-86 6c:cd:d6:ca:90:e2:-84 1c:61:b4:88:79:cb:-83 38:91:b7:1c:01:bf:-69 38:91:b7:1a:22:ef:-86 38:91:b7:19:2e:4d:-89 50:91:e3:f8:87:29:-79 00:df:1d:de:de:f3:-51 38:91:b7:1c:76:5f:-77 5e:62:8b:28:98:fb:-83 50:91:e3:f8:87:2b:-82 00:df:1d:de:de:fe:-70 38:91:b7:1c:76:5e:-77]] GPS:{Latitude:0 Longitude:0 Altitude:0}} 
2025-07-09 06:43:43 [37m[DEBUG][0m [PID-15] analysis.go func1:112 [raaise-18-06] python classified 645.394776ms 
2025-07-09 06:43:43 [37m[DEBUG][0m [PID-15] analysis.go func1:112 [raaise-18-06] python classified 438.251341ms 
2025-07-09 06:43:43 [37m[DEBUG][0m [PID-15] analysis.go func2:126 [raaise-18-06] nb1 classified 1.420321309s 
2025-07-09 06:43:43 [37m[DEBUG][0m [PID-15] analysis.go AnalyzeSensorData:222 [raaise-18-06] analyzed in 1.421226455s 
2025-07-09 06:43:43 [37m[DEBUG][0m [PID-15] analysis.go func2:126 [raaise-18-06] nb1 classified 1.395872482s 
2025-07-09 06:43:43 [37m[DEBUG][0m [PID-15] analysis.go AnalyzeSensorData:222 [raaise-18-06] analyzed in 1.398116657s 
2025-07-09 06:43:43 [31m[ERROR][0m [PID-15] analysis.go AnalyzeSensorData:222 problem analyzing: no predictions 
2025-07-09 06:43:43 [33m[WARN][0m [PID-15] calibration.go func1:202 problem with machine learnaing: problem analyzing: no predictions: {Timestamp:1750229356978 Family:raaise-18-06 Device:user 2 Location:a01 Sensors:map[wifi:map[54:af:97:56:4d:dc:-84 ec:f4:0c:2f:57:dc:-96 00:df:1d:de:de:f3:-59 ec:f4:0c:2f:57:de:-94 50:91:e3:f8:87:2b:-77 1c:61:b4:88:79:ca:-80 38:91:b7:1c:76:51:-57 38:91:b7:1a:22:e0:-81 38:91:b7:1c:76:53:-58 5c:62:8b:68:93:ae:-61 38:91:b7:1a:22:e1:-80 38:91:b7:1c:76:5d:-69 ec:f4:0c:2f:57:df:-94 86:69:93:27:ad:35:-94 38:91:b7:1c:76:5c:-69 62:61:b4:88:79:ce:-70 52:91:e3:78:87:29:-77 38:91:b7:1a:22:ed:-86 38:91:b7:1c:08:4f:-70 38:91:b7:1c:76:5f:-68 38:91:b7:1c:76:52:-58 5e:62:8b:28:95:da:-63 5e:62:8b:28:95:db:-59 38:91:b7:1c:76:5e:-68 38:91:b7:1c:66:0c:-58 38:91:b7:1c:08:4d:-70 38:91:b7:1a:22:ef:-86 00:df:1d:de:de:f0:-58 6c:cd:d6:ca:90:e1:-74 38:91:b7:1c:66:0d:-58 00:df:1d:de:de:f2:-58 38:91:b7:1c:08:4e:-70 38:91:b7:1a:22:e2:-81 38:91:b7:1c:66:0e:-58 38:91:b7:1c:66:0f:-58 6c:cd:d6:ca:90:e2:-76 1c:61:b4:88:79:cb:-70 38:91:b7:1c:76:50:-59 38:91:b7:1c:08:4c:-70 38:91:b7:1a:22:ec:-87 5e:62:8b:28:93:ae:-60 38:91:b7:1a:22:e3:-81 5e:62:8b:28:93:af:-56 00:df:1d:de:de:f1:-59 38:91:b7:1a:22:ee:-87 52:91:e3:28:87:29:-74 ec:f4:0c:2f:57:dd:-94] bluetooth:map[]] GPS:{Latitude:0 Longitude:0 Altitude:0}} 
2025-07-09 06:43:44 [37m[DEBUG][0m [PID-15] analysis.go func2:126 [raaise-18-06] nb1 classified 1.740102434s 
2025-07-09 06:43:44 [37m[DEBUG][0m [PID-15] analysis.go func2:126 [raaise-18-06] nb1 classified 1.775173926s 
2025-07-09 06:43:44 [37m[DEBUG][0m [PID-15] analysis.go AnalyzeSensorData:222 [raaise-18-06] analyzed in 1.776131169s 
2025-07-09 06:43:44 [37m[DEBUG][0m [PID-15] analysis.go func2:126 [raaise-18-06] nb1 classified 1.341376138s 
2025-07-09 06:43:44 [37m[DEBUG][0m [PID-15] analysis.go func1:112 [raaise-18-06] python classified 636.357238ms 
2025-07-09 06:43:44 [37m[DEBUG][0m [PID-15] analysis.go func1:112 [raaise-18-06] python classified 390.810034ms 
2025-07-09 06:43:44 [37m[DEBUG][0m [PID-15] analysis.go func2:126 [raaise-18-06] nb1 classified 1.670156012s 
2025-07-09 06:43:44 [37m[DEBUG][0m [PID-15] analysis.go func1:112 [raaise-18-06] python classified 566.352481ms 
2025-07-09 06:43:44 [37m[DEBUG][0m [PID-15] analysis.go func2:126 [raaise-18-06] nb1 classified 1.332906134s 
2025-07-09 06:43:44 [37m[DEBUG][0m [PID-15] analysis.go AnalyzeSensorData:222 [raaise-18-06] analyzed in 1.333884928s 
2025-07-09 06:43:44 [37m[DEBUG][0m [PID-15] analysis.go func2:126 [raaise-18-06] nb1 classified 1.477124167s 
2025-07-09 06:43:44 [37m[DEBUG][0m [PID-15] analysis.go func2:126 [raaise-18-06] nb1 classified 1.083250163s 
2025-07-09 06:43:44 [37m[DEBUG][0m [PID-15] analysis.go AnalyzeSensorData:222 [raaise-18-06] analyzed in 1.582869365s 
2025-07-09 06:43:44 [31m[ERROR][0m [PID-15] analysis.go AnalyzeSensorData:222 problem analyzing: no predictions 
2025-07-09 06:43:44 [33m[WARN][0m [PID-15] calibration.go func1:202 problem with machine learnaing: problem analyzing: no predictions: {Timestamp:1750229711981 Family:raaise-18-06 Device:user 2 Location:a01 Sensors:map[bluetooth:map[] wifi:map[ec:f4:0c:2f:57:dd:-95 5e:62:8b:28:93:af:-57 38:91:b7:19:2e:4e:-89 38:91:b7:1a:22:e1:-80 6c:cd:d6:ca:90:e2:-77 86:69:93:27:ad:35:-91 38:91:b7:1a:22:ed:-87 00:df:1d:de:de:fe:-69 38:91:b7:1c:08:4d:-70 00:df:1d:de:de:fc:-69 38:91:b7:1c:08:4c:-69 aa:61:b4:88:79:cf:-82 00:df:1d:de:de:f2:-57 1c:61:b4:88:79:cb:-70 38:91:b7:1c:76:5c:-68 38:91:b7:1a:22:ee:-87 00:df:1d:de:de:f0:-58 38:91:b7:1c:0b:dc:-75 38:91:b7:1c:66:0f:-58 ec:f4:0c:2f:57:de:-94 38:91:b7:1c:76:50:-59 38:91:b7:1c:76:5f:-68 00:df:1d:de:de:fd:-69 ec:f4:0c:2f:57:df:-94 38:91:b7:1c:66:0d:-58 1c:61:b4:88:79:ca:-80 5e:62:8b:28:93:ae:-61 ec:f4:0c:2f:57:dc:-94 62:61:b4:88:79:ce:-70 52:91:e3:28:87:29:-74 38:91:b7:1c:0b:de:-76 1c:61:b4:88:79:cc:-88 38:91:b7:1c:01:bf:-68 5e:62:8b:28:95:db:-60 50:91:e3:f8:87:2b:-77 5e:62:8b:28:98:fb:-77 38:91:b7:1a:22:ef:-87 38:91:b7:1c:08:4e:-70 38:91:b7:1c:01:bc:-68 38:91:b7:1c:76:53:-59 38:91:b7:1c:76:52:-59 38:91:b7:1c:76:5e:-70 38:91:b7:1c:08:4f:-70 38:91:b7:1c:01:bd:-68 38:91:b7:19:2e:4d:-89 38:91:b7:19:2e:4c:-90 00:df:1d:de:de:ff:-68 00:df:1d:de:de:f3:-58 38:91:b7:1c:76:51:-59 5e:62:8b:28:95:da:-62 38:91:b7:1a:22:e2:-81 38:91:b7:1c:66:0e:-58 38:91:b7:1c:01:be:-69 38:91:b7:1c:76:5d:-68 38:91:b7:1c:66:0c:-58 5e:62:8b:28:99:e3:-71 38:91:b7:1c:0b:df:-76 38:91:b7:1a:22:e3:-80 38:91:b7:1a:22:e0:-80 38:91:b7:19:2e:4f:-90 38:91:b7:1a:22:ec:-87 54:af:97:56:4d:dc:-83 00:df:1d:de:de:f1:-59 38:91:b7:1c:0b:dd:-76]] GPS:{Latitude:0 Longitude:0 Altitude:0}} 
2025-07-09 06:43:44 [37m[DEBUG][0m [PID-15] analysis.go func1:112 [raaise-18-06] python classified 396.742329ms 
2025-07-09 06:43:44 [37m[DEBUG][0m [PID-15] analysis.go func2:126 [raaise-18-06] nb1 classified 2.08974025s 
2025-07-09 06:43:44 [37m[DEBUG][0m [PID-15] analysis.go AnalyzeSensorData:222 [raaise-18-06] analyzed in 2.090630037s 
2025-07-09 06:43:44 [37m[DEBUG][0m [PID-15] analysis.go func2:126 [raaise-18-06] nb1 classified 1.545321455s 
2025-07-09 06:43:44 [37m[DEBUG][0m [PID-15] analysis.go AnalyzeSensorData:222 [raaise-18-06] analyzed in 1.546286728s 
2025-07-09 06:43:44 [37m[DEBUG][0m [PID-15] analysis.go func2:126 [raaise-18-06] nb1 classified 1.643063579s 
2025-07-09 06:43:44 [37m[DEBUG][0m [PID-15] analysis.go func1:112 [raaise-18-06] python classified 430.048124ms 
2025-07-09 06:43:45 [37m[DEBUG][0m [PID-15] analysis.go func1:112 [raaise-18-06] python classified 380.817058ms 
2025-07-09 06:43:45 [37m[DEBUG][0m [PID-15] analysis.go func1:112 [raaise-18-06] python classified 428.124985ms 
2025-07-09 06:43:45 [37m[DEBUG][0m [PID-15] analysis.go func2:126 [raaise-18-06] nb1 classified 1.476903148s 
2025-07-09 06:43:45 [37m[DEBUG][0m [PID-15] analysis.go AnalyzeSensorData:222 [raaise-18-06] analyzed in 1.479821587s 
2025-07-09 06:43:45 [31m[ERROR][0m [PID-15] analysis.go AnalyzeSensorData:222 problem analyzing: no predictions 
2025-07-09 06:43:45 [33m[WARN][0m [PID-15] calibration.go func1:202 problem with machine learnaing: problem analyzing: no predictions: {Timestamp:1751932508369 Family:raaise-18-06 Device:intruder Location:a01 Sensors:map[bluetooth:map[] wifi:map[38:91:b7:1c:0b:df:-88 38:91:b7:1c:08:4c:-90 38:91:b7:1a:22:e2:-32 38:91:b7:1c:66:0d:-86 54:af:97:56:4d:dd:-64 38:91:b7:1a:22:e0:-33 38:91:b7:1c:08:4e:-91 38:91:b7:1c:01:bc:-69 1c:61:b4:88:79:ca:-67 38:91:b7:1c:66:0f:-85 38:91:b7:1c:01:bf:-69 ec:f4:0c:2f:57:de:-70 6c:cd:d6:ca:90:e1:-51 52:91:e3:78:87:29:-56 ec:f4:0c:2f:57:dc:-71 ec:f4:0c:2f:57:dd:-71 38:91:b7:1c:0b:dc:-89 5c:62:8b:68:97:af:-63 38:91:b7:1c:08:4d:-91 38:91:b7:1c:08:4f:-91 5e:62:8b:28:98:fa:-41 5e:62:8b:28:99:e2:-44 38:91:b7:1c:66:0e:-86 50:91:e3:f8:87:29:-49 5c:62:8b:68:95:da:-75 50:91:e3:f8:87:2b:-56 5e:62:8b:28:95:db:-80 38:91:b7:1c:66:0c:-86 1c:61:b4:88:79:cb:-58 38:91:b7:1a:22:e1:-32 6c:cd:d6:ca:90:e2:-48 38:91:b7:1c:0b:dd:-87 38:91:b7:1a:22:e3:-32 62:61:b4:88:79:ce:-58 ec:f4:0c:2f:57:df:-71 38:91:b7:1c:01:be:-69 54:af:97:56:4d:dc:-61 52:91:e3:28:87:29:-49 38:91:b7:1c:01:bd:-69 9a:61:b4:88:79:cc:-67 38:91:b7:1c:0b:de:-88 5e:62:8b:28:99:e3:-44]] GPS:{Latitude:0 Longitude:0 Altitude:0}} 
2025-07-09 06:43:45 [37m[DEBUG][0m [PID-15] analysis.go func1:112 [raaise-18-06] python classified 338.711616ms 
2025-07-09 06:43:45 [37m[DEBUG][0m [PID-15] analysis.go func2:126 [raaise-18-06] nb1 classified 1.547149295s 
2025-07-09 06:43:45 [37m[DEBUG][0m [PID-15] analysis.go AnalyzeSensorData:222 [raaise-18-06] analyzed in 1.547981292s 
2025-07-09 06:43:45 [37m[DEBUG][0m [PID-15] analysis.go func2:126 [raaise-18-06] nb1 classified 1.373072954s 
2025-07-09 06:43:45 [37m[DEBUG][0m [PID-15] analysis.go func1:112 [raaise-18-06] python classified 379.901658ms 
2025-07-09 06:43:45 [37m[DEBUG][0m [PID-15] analysis.go func2:126 [raaise-18-06] nb1 classified 1.310066914s 
2025-07-09 06:43:45 [37m[DEBUG][0m [PID-15] analysis.go AnalyzeSensorData:222 [raaise-18-06] analyzed in 1.311047365s 
2025-07-09 06:43:45 [37m[DEBUG][0m [PID-15] analysis.go func1:112 [raaise-18-06] python classified 463.293224ms 
2025-07-09 06:43:45 [37m[DEBUG][0m [PID-15] analysis.go func1:112 [raaise-18-06] python classified 351.185995ms 
2025-07-09 06:43:45 [37m[DEBUG][0m [PID-15] analysis.go func2:126 [raaise-18-06] nb1 classified 1.085189877s 
2025-07-09 06:43:45 [37m[DEBUG][0m [PID-15] analysis.go AnalyzeSensorData:222 [raaise-18-06] analyzed in 1.086130703s 
2025-07-09 06:43:45 [37m[DEBUG][0m [PID-15] analysis.go func2:126 [raaise-18-06] nb1 classified 1.932832632s 
2025-07-09 06:43:45 [37m[DEBUG][0m [PID-15] analysis.go AnalyzeSensorData:222 [raaise-18-06] analyzed in 1.934824756s 
2025-07-09 06:43:45 [37m[DEBUG][0m [PID-15] analysis.go func2:126 [raaise-18-06] nb1 classified 1.221902472s 
2025-07-09 06:43:45 [37m[DEBUG][0m [PID-15] analysis.go func2:126 [raaise-18-06] nb1 classified 1.366023424s 
2025-07-09 06:43:45 [31m[ERROR][0m [PID-15] analysis.go AnalyzeSensorData:222 problem analyzing: no predictions 
2025-07-09 06:43:45 [33m[WARN][0m [PID-15] calibration.go func1:202 problem with machine learnaing: problem analyzing: no predictions: {Timestamp:1750219886168 Family:raaise-18-06 Device:user 1 Location:a10 Sensors:map[bluetooth:map[] wifi:map[52:91:e3:28:87:29:-57 a6:1b:6a:b4:0b:04:-91 5e:62:8b:28:95:da:-46 5e:62:8b:28:93:af:-46 86:69:93:27:ad:35:-73 9c:a2:f4:58:88:db:-70 00:df:1d:de:de:fc:-77 ec:f4:0c:2f:57:dd:-74 00:df:1d:de:de:f2:-71 5e:62:8b:28:95:db:-46 9a:61:b4:88:79:cc:-65 5c:62:8b:68:95:db:-46 38:91:b7:1c:08:4f:-61 38:91:b7:1c:76:50:-62 ec:f4:0c:2f:57:dc:-74 1c:61:b4:88:79:ca:-65 50:91:e3:f8:87:2b:-69 38:91:b7:1c:0b:dc:-51 00:df:1d:de:de:f3:-71 38:91:b7:19:2e:4e:-67 00:df:1d:de:de:fd:-76 6c:cd:d6:ca:90:e1:-57 54:af:97:56:4d:dc:-69 00:df:1d:de:de:f1:-72 38:91:b7:1c:08:4d:-60 00:df:1d:de:de:ff:-77 38:91:b7:19:2e:4f:-67 00:df:1d:de:de:fe:-77 38:91:b7:1c:08:4e:-60 5c:62:8b:68:93:af:-45 ec:f4:0c:2f:57:de:-74 5c:62:8b:68:93:ae:-36 5e:62:8b:28:93:ae:-37 38:91:b7:1c:76:51:-62 aa:61:b4:88:79:ce:-69 38:91:b7:19:2e:4c:-67 ec:f4:0c:2f:57:df:-74 50:91:e3:f8:87:29:-57 5c:62:8b:68:97:af:-52 18:a6:f7:21:47:c6:-94 38:91:b7:1c:08:4c:-61 1c:61:b4:88:79:cc:-68 5e:62:8b:28:97:af:-52 38:91:b7:1c:0b:de:-51 38:91:b7:1c:0b:dd:-51 38:91:b7:1c:76:52:-62 6c:cd:d6:ca:90:e2:-69 38:91:b7:19:2e:4d:-68 38:91:b7:1c:0b:df:-51 38:91:b7:1c:76:53:-64]] GPS:{Latitude:0 Longitude:0 Altitude:0}} 
2025-07-09 06:43:45 [37m[DEBUG][0m [PID-15] analysis.go func2:126 [raaise-18-06] nb1 classified 1.11000581s 
2025-07-09 06:43:45 [37m[DEBUG][0m [PID-15] analysis.go AnalyzeSensorData:222 [raaise-18-06] analyzed in 1.442600041s 
2025-07-09 06:43:46 [37m[DEBUG][0m [PID-15] analysis.go func1:112 [raaise-18-06] python classified 420.88731ms 
2025-07-09 06:43:46 [37m[DEBUG][0m [PID-15] analysis.go AnalyzeSensorData:222 [raaise-18-06] analyzed in 1.560885405s 
2025-07-09 06:43:46 [37m[DEBUG][0m [PID-15] analysis.go func1:112 [raaise-18-06] python classified 382.661809ms 
2025-07-09 06:43:46 [37m[DEBUG][0m [PID-15] analysis.go func2:126 [raaise-18-06] nb1 classified 1.475355666s 
2025-07-09 06:43:46 [37m[DEBUG][0m [PID-15] analysis.go AnalyzeSensorData:222 [raaise-18-06] analyzed in 1.557556501s 
2025-07-09 06:43:46 [37m[DEBUG][0m [PID-15] analysis.go func1:112 [raaise-18-06] python classified 316.607546ms 
2025-07-09 06:43:46 [37m[DEBUG][0m [PID-15] analysis.go func2:126 [raaise-18-06] nb1 classified 1.286222607s 
2025-07-09 06:43:46 [37m[DEBUG][0m [PID-15] analysis.go AnalyzeSensorData:222 [raaise-18-06] analyzed in 1.287794959s 
2025-07-09 06:43:46 [37m[DEBUG][0m [PID-15] analysis.go func1:112 [raaise-18-06] python classified 520.54386ms 
2025-07-09 06:43:46 [37m[DEBUG][0m [PID-15] analysis.go func2:126 [raaise-18-06] nb1 classified 1.343672412s 
2025-07-09 06:43:46 [37m[DEBUG][0m [PID-15] analysis.go AnalyzeSensorData:222 [raaise-18-06] analyzed in 1.344565652s 
2025-07-09 06:43:46 [37m[DEBUG][0m [PID-15] analysis.go func1:112 [raaise-18-06] python classified 416.632514ms 
2025-07-09 06:43:46 [37m[DEBUG][0m [PID-15] analysis.go func2:126 [raaise-18-06] nb1 classified 1.09665812s 
2025-07-09 06:43:46 [37m[DEBUG][0m [PID-15] analysis.go func2:126 [raaise-18-06] nb1 classified 1.371410575s 
2025-07-09 06:43:46 [37m[DEBUG][0m [PID-15] analysis.go AnalyzeSensorData:222 [raaise-18-06] analyzed in 1.372327128s 
2025-07-09 06:43:46 [37m[DEBUG][0m [PID-15] analysis.go func1:112 [raaise-18-06] python classified 373.650938ms 
2025-07-09 06:43:46 [37m[DEBUG][0m [PID-15] analysis.go func2:126 [raaise-18-06] nb1 classified 969.20546ms 
2025-07-09 06:43:46 [37m[DEBUG][0m [PID-15] analysis.go AnalyzeSensorData:222 [raaise-18-06] analyzed in 970.641905ms 
2025-07-09 06:43:46 [37m[DEBUG][0m [PID-15] analysis.go func2:126 [raaise-18-06] nb1 classified 1.056751964s 
2025-07-09 06:43:46 [37m[DEBUG][0m [PID-15] analysis.go func1:112 [raaise-18-06] python classified 362.345216ms 
2025-07-09 06:43:46 [37m[DEBUG][0m [PID-15] analysis.go AnalyzeSensorData:222 [raaise-18-06] analyzed in 1.105600395s 
2025-07-09 06:43:46 [37m[DEBUG][0m [PID-15] analysis.go func2:126 [raaise-18-06] nb1 classified 1.206815965s 
2025-07-09 06:43:46 [37m[DEBUG][0m [PID-15] analysis.go AnalyzeSensorData:222 [raaise-18-06] analyzed in 1.20776391s 
2025-07-09 06:43:46 [31m[ERROR][0m [PID-15] analysis.go AnalyzeSensorData:222 problem analyzing: no predictions 
2025-07-09 06:43:46 [33m[WARN][0m [PID-15] calibration.go func1:202 problem with machine learnaing: problem analyzing: no predictions: {Timestamp:1751938017873 Family:raaise-18-06 Device:user 1 Location:a10 Sensors:map[bluetooth:map[] wifi:map[38:91:b7:1c:0b:df:-60 1c:61:b4:88:79:cb:-63 6c:cd:d6:ca:90:e2:-68 00:df:1d:de:de:ff:-76 38:91:b7:19:2e:4f:-70 38:91:b7:1c:0b:dd:-60 62:61:b4:88:79:ce:-63 5c:62:8b:68:93:af:-47 00:df:1d:de:de:fd:-76 38:91:b7:1a:22:ee:-80 5e:62:8b:28:97:ae:-46 5e:62:8b:28:95:db:-50 38:91:b7:19:2e:4d:-68 38:91:b7:1c:08:4f:-61 38:91:b7:1c:08:4e:-60 38:91:b7:1c:0b:dc:-60 5e:62:8b:28:97:af:-54 ec:f4:0c:2f:57:df:-83 5e:62:8b:28:93:af:-46 38:91:b7:1c:66:0e:-69 9a:61:b4:88:79:cc:-70 1c:61:b4:88:79:ca:-69 38:91:b7:1a:22:ed:-80 ec:f4:0c:2f:57:de:-83 38:91:b7:1c:66:0c:-69 00:df:1d:de:de:fe:-76 00:df:1d:de:de:fc:-76 38:91:b7:19:2e:4e:-68 ec:f4:0c:2f:57:dd:-82 38:91:b7:1a:22:ec:-80 54:af:97:56:4d:dc:-68 ec:f4:0c:2f:57:dc:-82 38:91:b7:1c:08:4c:-60 38:91:b7:1c:66:0d:-69 5c:62:8b:68:95:db:-49 38:91:b7:19:2e:4c:-70 38:91:b7:1a:22:ef:-80 38:91:b7:1c:0b:de:-60 5e:62:8b:28:93:ae:-36 38:91:b7:1c:66:0f:-69 38:91:b7:1c:08:4d:-60]] GPS:{Latitude:0 Longitude:0 Altitude:0}} 
2025-07-09 06:43:47 [31m[ERROR][0m [PID-15] analysis.go AnalyzeSensorData:222 problem analyzing: no predictions 
2025-07-09 06:43:47 [33m[WARN][0m [PID-15] calibration.go func1:202 problem with machine learnaing: problem analyzing: no predictions: {Timestamp:1750220334832 Family:raaise-18-06 Device:user 2 Location:a10 Sensors:map[bluetooth:map[] wifi:map[62:61:b4:88:79:ce:-65 38:91:b7:1c:76:51:-69 5c:62:8b:68:98:fb:-69 00:df:1d:de:de:fc:-67 38:91:b7:1c:76:50:-67 38:91:b7:1c:08:4d:-58 18:a6:f7:21:47:c6:-96 38:91:b7:19:2e:4e:-69 38:91:b7:1c:0b:dc:-60 54:af:97:56:4d:dd:-69 ec:f4:0c:2f:57:dc:-82 38:91:b7:1a:22:ef:-73 1c:61:b4:88:79:ca:-69 38:91:b7:1c:66:0f:-60 38:91:b7:1c:08:4f:-58 38:91:b7:1a:22:ee:-73 38:91:b7:1c:01:be:-57 5e:62:8b:28:93:af:-45 38:91:b7:1c:66:0d:-60 00:df:1d:de:de:fd:-68 1a:61:b4:ac:59:58:-85 5c:62:8b:68:99:e3:-62 38:91:b7:1c:08:4e:-58 aa:61:b4:88:79:cf:-70 38:91:b7:1c:0b:dd:-60 52:91:e3:78:87:29:-69 5e:62:8b:28:99:e3:-62 38:91:b7:1c:01:bc:-57 54:af:97:56:4d:dc:-69 5e:62:8b:28:95:da:-48 38:91:b7:1c:01:bd:-56 38:91:b7:1c:0b:df:-60 38:91:b7:1c:76:53:-68 38:91:b7:1c:76:5c:-75 38:91:b7:19:2e:4c:-69 38:91:b7:1c:0b:de:-60 38:91:b7:1c:76:52:-67 50:91:e3:f8:87:2b:-68 ec:f4:0c:2f:57:dd:-82 38:91:b7:1c:76:5d:-74 38:91:b7:1a:22:ed:-73 38:91:b7:1c:08:4c:-58 38:91:b7:19:2e:4d:-69 38:91:b7:1c:66:0c:-60 50:91:e3:f8:87:29:-61 38:91:b7:1c:66:0e:-60 6c:cd:d6:ca:90:e2:-73 9c:a2:f4:58:88:db:-71 5e:62:8b:28:93:ae:-40 1c:61:b4:88:79:cb:-65 1c:61:b4:88:79:cc:-72 5e:62:8b:28:98:fb:-68 00:df:1d:de:de:f1:-70 ec:f4:0c:2f:57:de:-82 00:df:1d:de:de:fe:-68 00:df:1d:de:de:ff:-68 6c:cd:d6:ca:90:e1:-65 38:91:b7:1a:22:ec:-73 ec:f4:0c:2f:57:df:-82 38:91:b7:19:2e:4f:-69 5c:62:8b:68:97:ae:-54 38:91:b7:1c:01:bf:-57]] GPS:{Latitude:0 Longitude:0 Altitude:0}} 
2025-07-09 06:43:47 [37m[DEBUG][0m [PID-15] analysis.go func1:112 [raaise-18-06] python classified 467.65796ms 
2025-07-09 06:43:47 [37m[DEBUG][0m [PID-15] analysis.go func2:126 [raaise-18-06] nb1 classified 814.054257ms 
2025-07-09 06:43:47 [37m[DEBUG][0m [PID-15] analysis.go func2:126 [raaise-18-06] nb1 classified 1.288135345s 
2025-07-09 06:43:47 [37m[DEBUG][0m [PID-15] analysis.go AnalyzeSensorData:222 [raaise-18-06] analyzed in 1.289227083s 
2025-07-09 06:43:47 [37m[DEBUG][0m [PID-15] analysis.go func2:126 [raaise-18-06] nb1 classified 1.020502639s 
2025-07-09 06:43:47 [37m[DEBUG][0m [PID-15] analysis.go AnalyzeSensorData:222 [raaise-18-06] analyzed in 1.02144702s 
2025-07-09 06:43:47 [37m[DEBUG][0m [PID-15] analysis.go func1:112 [raaise-18-06] python classified 344.17701ms 
2025-07-09 06:43:47 [37m[DEBUG][0m [PID-15] analysis.go func1:112 [raaise-18-06] python classified 333.087907ms 
2025-07-09 06:43:47 [37m[DEBUG][0m [PID-15] analysis.go func1:112 [raaise-18-06] python classified 386.689272ms 
2025-07-09 06:43:47 [37m[DEBUG][0m [PID-15] analysis.go func1:112 [raaise-18-06] python classified 322.196936ms 
2025-07-09 06:43:47 [37m[DEBUG][0m [PID-15] analysis.go func1:112 [raaise-18-06] python classified 505.771937ms 
2025-07-09 06:43:47 [37m[DEBUG][0m [PID-15] analysis.go func2:126 [raaise-18-06] nb1 classified 1.591253984s 
2025-07-09 06:43:47 [37m[DEBUG][0m [PID-15] analysis.go AnalyzeSensorData:222 [raaise-18-06] analyzed in 1.593278655s 
2025-07-09 06:43:47 [37m[DEBUG][0m [PID-15] analysis.go func1:112 [raaise-18-06] python classified 448.731518ms 
2025-07-09 06:43:47 [37m[DEBUG][0m [PID-15] analysis.go func2:126 [raaise-18-06] nb1 classified 964.402449ms 
2025-07-09 06:43:47 [37m[DEBUG][0m [PID-15] analysis.go AnalyzeSensorData:222 [raaise-18-06] analyzed in 965.249656ms 
2025-07-09 06:43:47 [37m[DEBUG][0m [PID-15] analysis.go func2:126 [raaise-18-06] nb1 classified 1.497694155s 
2025-07-09 06:43:47 [37m[DEBUG][0m [PID-15] analysis.go AnalyzeSensorData:222 [raaise-18-06] analyzed in 1.498723834s 
2025-07-09 06:43:47 [37m[DEBUG][0m [PID-15] analysis.go func2:126 [raaise-18-06] nb1 classified 1.04504384s 
2025-07-09 06:43:47 [37m[DEBUG][0m [PID-15] analysis.go AnalyzeSensorData:222 [raaise-18-06] analyzed in 1.047615519s 
2025-07-09 06:43:48 [37m[DEBUG][0m [PID-15] analysis.go func2:126 [raaise-18-06] nb1 classified 1.447151022s 
2025-07-09 06:43:48 [37m[DEBUG][0m [PID-15] analysis.go AnalyzeSensorData:222 [raaise-18-06] analyzed in 1.448606857s 
2025-07-09 06:43:48 [37m[DEBUG][0m [PID-15] analysis.go func2:126 [raaise-18-06] nb1 classified 1.020743041s 
2025-07-09 06:43:48 [37m[DEBUG][0m [PID-15] analysis.go AnalyzeSensorData:222 [raaise-18-06] analyzed in 1.023250421s 
2025-07-09 06:43:48 [37m[DEBUG][0m [PID-15] analysis.go func2:126 [raaise-18-06] nb1 classified 1.240154076s 
2025-07-09 06:43:48 [37m[DEBUG][0m [PID-15] analysis.go AnalyzeSensorData:222 [raaise-18-06] analyzed in 1.240917207s 
2025-07-09 06:43:48 [37m[DEBUG][0m [PID-15] analysis.go func2:126 [raaise-18-06] nb1 classified 1.366381548s 
2025-07-09 06:43:48 [37m[DEBUG][0m [PID-15] analysis.go func1:112 [raaise-18-06] python classified 363.08956ms 
2025-07-09 06:43:48 [37m[DEBUG][0m [PID-15] analysis.go func2:126 [raaise-18-06] nb1 classified 1.081633675s 
2025-07-09 06:43:48 [37m[DEBUG][0m [PID-15] analysis.go func1:112 [raaise-18-06] python classified 410.486143ms 
2025-07-09 06:43:48 [37m[DEBUG][0m [PID-15] analysis.go func1:112 [raaise-18-06] python classified 364.567556ms 
2025-07-09 06:43:48 [37m[DEBUG][0m [PID-15] analysis.go AnalyzeSensorData:222 [raaise-18-06] analyzed in 1.149708789s 
2025-07-09 06:43:48 [37m[DEBUG][0m [PID-15] analysis.go func1:112 [raaise-18-06] python classified 468.744083ms 
2025-07-09 06:43:48 [31m[ERROR][0m [PID-15] analysis.go AnalyzeSensorData:222 problem analyzing: no predictions 
2025-07-09 06:43:48 [33m[WARN][0m [PID-15] calibration.go func1:202 problem with machine learnaing: problem analyzing: no predictions: {Timestamp:1750220006163 Family:raaise-18-06 Device:user 1 Location:a10 Sensors:map[bluetooth:map[] wifi:map[38:91:b7:1c:76:51:-64 54:af:97:56:4d:dd:-72 a6:1b:6a:b4:0b:04:-84 ec:f4:0c:2f:57:dd:-81 38:91:b7:19:2e:4c:-71 38:91:b7:1c:0b:dc:-63 52:91:e3:28:87:29:-59 18:a6:f7:21:47:c6:-92 54:af:97:56:4d:dc:-69 38:91:b7:1c:76:50:-63 00:df:1d:de:de:ff:-81 5c:62:8b:68:98:fb:-68 38:91:b7:1c:08:4c:-58 52:91:e3:78:87:29:-69 5e:62:8b:28:93:ae:-49 9c:a2:f4:58:88:db:-74 38:91:b7:19:2e:4f:-72 5e:62:8b:28:99:e3:-67 00:df:1d:de:de:fc:-81 38:91:b7:19:2e:4e:-72 38:91:b7:1c:08:4d:-58 38:91:b7:1c:76:52:-63 38:91:b7:19:2e:4d:-71 1c:61:b4:88:79:ca:-67 5e:62:8b:28:93:af:-46 38:91:b7:1c:0b:de:-63 38:91:b7:1c:76:53:-64 ec:f4:0c:2f:57:df:-81 5e:62:8b:28:95:db:-53 5e:62:8b:28:97:af:-57 6c:cd:d6:ca:90:e2:-70 00:df:1d:de:de:fd:-81 50:91:e3:f8:87:29:-59 38:91:b7:1c:0b:df:-63 50:91:e3:f8:87:2b:-69 38:91:b7:1c:08:4f:-58 86:69:93:27:ad:35:-75 6c:cd:d6:ca:90:e1:-59 5e:62:8b:28:98:fb:-68 00:df:1d:de:de:fe:-81 5e:62:8b:28:95:da:-46 5c:62:8b:68:99:e3:-67 38:91:b7:1c:0b:dd:-63 ec:f4:0c:2f:57:dc:-81 ec:f4:0c:2f:57:de:-81 38:91:b7:1c:08:4e:-58]] GPS:{Latitude:0 Longitude:0 Altitude:0}} 
2025-07-09 06:43:48 [37m[DEBUG][0m [PID-15] analysis.go func2:126 [raaise-18-06] nb1 classified 1.214179743s 
2025-07-09 06:43:48 [31m[ERROR][0m [PID-15] analysis.go AnalyzeSensorData:222 problem analyzing: no predictions 
2025-07-09 06:43:48 [33m[WARN][0m [PID-15] calibration.go func1:202 problem with machine learnaing: problem analyzing: no predictions: {Timestamp:1750218116291 Family:raaise-18-06 Device:intruder Location:a17 Sensors:map[bluetooth:map[] wifi:map[ec:f4:0c:2f:57:de:-83 38:91:b7:1c:08:4e:-74 38:91:b7:1c:76:51:-59 54:af:97:56:4d:dc:-67 5e:62:8b:28:97:af:-60 5e:62:8b:28:95:da:-30 38:91:b7:1c:76:50:-60 ec:f4:0c:2f:57:dd:-84 5c:62:8b:68:98:fb:-81 1c:61:b4:88:79:ca:-68 62:61:b4:88:79:ce:-60 38:91:b7:1c:66:0d:-62 5e:62:8b:28:93:af:-60 ec:f4:0c:2f:57:dc:-83 18:a6:f7:21:47:c6:-97 1c:61:b4:88:79:cb:-60 6c:cd:d6:ca:90:e2:-80 ec:f4:0c:2f:57:df:-83 38:91:b7:1c:08:4f:-74 38:91:b7:1c:08:4d:-74 38:91:b7:1c:66:0c:-62 5e:62:8b:28:97:ae:-58 38:91:b7:1c:66:0f:-62 38:91:b7:1c:76:52:-60 5e:62:8b:28:95:db:-35 50:91:e3:f8:87:2b:-85 38:91:b7:1c:76:53:-60 e6:ff:ae:35:a9:69:-74 6c:cd:d6:ca:90:e1:-79 38:91:b7:1c:08:4c:-74 38:91:b7:1c:66:0e:-61]] GPS:{Latitude:0 Longitude:0 Altitude:0}} 
2025-07-09 06:43:48 [37m[DEBUG][0m [PID-15] analysis.go AnalyzeSensorData:222 [raaise-18-06] analyzed in 1.298757952s 
2025-07-09 06:43:48 [37m[DEBUG][0m [PID-15] analysis.go func1:112 [raaise-18-06] python classified 427.162208ms 
2025-07-09 06:43:48 [31m[ERROR][0m [PID-15] analysis.go AnalyzeSensorData:222 problem analyzing: no predictions 
2025-07-09 06:43:48 [33m[WARN][0m [PID-15] calibration.go func1:202 problem with machine learnaing: problem analyzing: no predictions: {Timestamp:1750228423222 Family:raaise-18-06 Device:intruder Location:a17 Sensors:map[bluetooth:map[] wifi:map[ec:f4:0c:2f:57:dd:-89 1c:61:b4:88:79:ca:-78 38:91:b7:19:2e:4f:-77 38:91:b7:1c:08:4c:-71 00:df:1d:de:de:ff:-77 6c:cd:d6:ca:90:e2:-79 38:91:b7:1c:01:bc:-74 5e:62:8b:28:97:af:-69 38:91:b7:1c:76:50:-62 38:91:b7:1c:08:4e:-72 5c:62:8b:68:93:af:-52 62:61:b4:88:79:ce:-66 5c:62:8b:68:95:da:-44 5e:62:8b:28:95:db:-50 38:91:b7:1c:66:0e:-60 38:91:b7:1c:01:bf:-73 00:df:1d:de:de:fc:-78 00:df:1d:de:de:fd:-77 5e:62:8b:28:93:ae:-54 5e:62:8b:28:93:af:-52 38:91:b7:1c:01:bd:-73 00:df:1d:de:de:f0:-67 00:df:1d:de:de:f2:-68 38:91:b7:1a:22:ee:-88 00:df:1d:de:de:f3:-67 ec:f4:0c:2f:57:df:-89 5e:62:8b:28:95:da:-44 5c:62:8b:68:97:af:-68 54:af:97:56:4d:dd:-71 9c:a2:f4:58:88:db:-79 6c:cd:d6:ca:90:e1:-71 38:91:b7:1c:76:53:-62 38:91:b7:1c:66:0d:-60 38:91:b7:1c:66:0c:-60 38:91:b7:19:2e:4c:-77 54:af:97:56:4d:dc:-70 00:df:1d:de:de:fe:-78 38:91:b7:1c:76:52:-62 50:91:e3:f8:87:2b:-82 38:91:b7:1c:76:5f:-72 38:91:b7:1c:01:be:-74 38:91:b7:1a:22:ef:-87 38:91:b7:19:2e:4d:-77 38:91:b7:1c:76:5e:-73 38:91:b7:1a:22:ed:-88 5c:62:8b:68:95:db:-49 38:91:b7:1c:76:5c:-73 38:91:b7:1c:66:0f:-60 38:91:b7:1c:76:51:-62 38:91:b7:1c:08:4f:-72 1c:61:b4:88:79:cb:-66 38:91:b7:19:2e:4e:-77 ec:f4:0c:2f:57:dc:-89 38:91:b7:1a:22:ec:-88 00:df:1d:de:de:f1:-70 38:91:b7:1c:08:4d:-71 ec:f4:0c:2f:57:de:-89 38:91:b7:1c:76:5d:-73]] GPS:{Latitude:0 Longitude:0 Altitude:0}} 
2025-07-09 06:43:48 [37m[DEBUG][0m [PID-15] analysis.go func2:126 [raaise-18-06] nb1 classified 1.093043856s 
2025-07-09 06:43:48 [37m[DEBUG][0m [PID-15] analysis.go AnalyzeSensorData:222 [raaise-18-06] analyzed in 1.094022359s 
2025-07-09 06:43:48 [37m[DEBUG][0m [PID-15] analysis.go func2:126 [raaise-18-06] nb1 classified 738.479405ms 
2025-07-09 06:43:48 [37m[DEBUG][0m [PID-15] analysis.go func1:112 [raaise-18-06] python classified 388.886896ms 
2025-07-09 06:43:48 [37m[DEBUG][0m [PID-15] analysis.go func2:126 [raaise-18-06] nb1 classified 987.733961ms 
2025-07-09 06:43:48 [37m[DEBUG][0m [PID-15] analysis.go AnalyzeSensorData:222 [raaise-18-06] analyzed in 992.568738ms 
2025-07-09 06:43:48 [31m[ERROR][0m [PID-15] analysis.go AnalyzeSensorData:222 problem analyzing: no predictions 
2025-07-09 06:43:48 [33m[WARN][0m [PID-15] calibration.go func1:202 problem with machine learnaing: problem analyzing: no predictions: {Timestamp:1750228515708 Family:raaise-18-06 Device:user 2 Location:a17 Sensors:map[bluetooth:map[] wifi:map[aa:61:b4:88:79:ce:-73 00:df:1d:de:de:fd:-83 18:a6:f7:21:47:c6:-89 38:91:b7:1c:76:53:-59 38:91:b7:1c:66:0d:-68 6c:cd:d6:ca:90:e2:-78 38:91:b7:1c:76:5e:-69 38:91:b7:19:2e:4f:-73 38:91:b7:1a:22:ef:-91 5e:62:8b:28:93:ae:-58 00:df:1d:de:de:f1:-73 38:91:b7:19:2e:4d:-73 52:91:e3:28:87:29:-79 38:91:b7:1c:76:5c:-69 ec:f4:0c:2f:57:de:-90 38:91:b7:1c:66:0e:-68 5c:62:8b:68:95:da:-43 38:91:b7:1c:08:4d:-74 38:91:b7:1c:0b:dd:-57 38:91:b7:1a:9d:21:-80 00:df:1d:de:de:f2:-74 1c:61:b4:88:79:cb:-69 00:df:1d:de:de:f0:-73 38:91:b7:1c:08:4e:-74 38:91:b7:1a:22:ec:-91 38:91:b7:1a:9d:23:-79 54:af:97:56:4d:dc:-71 38:91:b7:19:2e:4e:-73 38:91:b7:19:2e:4c:-73 00:df:1d:de:de:fc:-82 38:91:b7:1c:76:5d:-69 38:91:b7:1c:0b:de:-57 38:91:b7:1a:22:e0:-85 38:91:b7:1c:0b:df:-57 38:91:b7:1a:22:ee:-91 38:91:b7:1a:22:e1:-85 38:91:b7:1c:01:bd:-78 38:91:b7:1c:08:4f:-74 38:91:b7:1c:01:be:-78 5c:62:8b:68:95:db:-48 38:91:b7:1a:9d:20:-78 38:91:b7:1a:22:e3:-85 50:91:e3:f8:87:2b:-86 38:91:b7:1c:66:0c:-68 38:91:b7:1c:01:bf:-78 38:91:b7:1c:76:51:-58 38:91:b7:1c:66:0f:-68 ec:f4:0c:2f:57:dc:-89 38:91:b7:1a:9d:22:-80 38:91:b7:1c:08:4c:-74 38:91:b7:1c:01:bc:-78 ec:f4:0c:2f:57:dd:-89 50:91:e3:f8:87:29:-79 00:df:1d:de:de:ff:-82 38:91:b7:1c:0b:dc:-57 aa:61:b4:88:79:cf:-72 5e:62:8b:28:93:af:-62 38:91:b7:1c:76:5f:-69 5e:62:8b:28:97:af:-61 5e:62:8b:28:95:db:-48 ec:f4:0c:2f:57:df:-89 00:df:1d:de:de:f3:-73 00:df:1d:de:de:fe:-83 5e:62:8b:28:95:da:-43 38:91:b7:1c:76:50:-58 62:61:b4:88:79:ce:-69 54:af:97:56:4d:dd:-71 38:91:b7:1a:22:e2:-85 38:91:b7:1c:76:52:-59 38:91:b7:1a:22:ed:-91]] GPS:{Latitude:0 Longitude:0 Altitude:0}} 
2025-07-09 06:43:49 [31m[ERROR][0m [PID-15] analysis.go AnalyzeSensorData:222 problem analyzing: no predictions 
2025-07-09 06:43:49 [33m[WARN][0m [PID-15] calibration.go func1:202 problem with machine learnaing: problem analyzing: no predictions: {Timestamp:1750217996299 Family:raaise-18-06 Device:intruder Location:a17 Sensors:map[bluetooth:map[] wifi:map[6c:cd:d6:ca:90:e1:-72 5e:62:8b:28:95:db:-32 38:91:b7:1c:08:4e:-75 00:df:1d:de:de:fc:-86 ec:f4:0c:2f:57:df:-84 5e:62:8b:28:93:af:-60 00:df:1d:de:de:fd:-86 38:91:b7:1c:66:0e:-65 38:91:b7:19:2e:4c:-67 50:91:e3:f8:87:29:-70 18:a6:f7:21:47:c6:-95 38:91:b7:19:2e:4d:-67 38:91:b7:1c:76:53:-54 5e:62:8b:28:95:da:-34 ec:f4:0c:2f:57:dd:-83 5e:62:8b:28:93:ae:-54 52:91:e3:78:87:29:-82 54:af:97:56:4d:dd:-73 38:91:b7:1c:66:0f:-65 38:91:b7:1c:76:52:-54 38:91:b7:1c:08:4f:-75 38:91:b7:1c:66:0c:-65 38:91:b7:1c:76:51:-53 38:91:b7:1c:08:4d:-74 1c:61:b4:88:79:ca:-63 38:91:b7:1c:66:0d:-65 50:91:e3:f8:87:2b:-82 38:91:b7:1c:76:50:-53 5c:62:8b:68:95:db:-32 00:df:1d:de:de:fe:-86 38:91:b7:1c:08:4c:-75 00:df:1d:de:de:ff:-86 00:df:1d:de:de:f0:-76 ec:f4:0c:2f:57:de:-84 54:af:97:56:4d:dc:-68 38:91:b7:19:2e:4e:-67 9c:a2:f4:58:88:db:-75 ec:f4:0c:2f:57:dc:-84 38:91:b7:19:2e:4f:-67 6c:cd:d6:ca:90:e2:-83 5e:62:8b:28:97:af:-56]] GPS:{Latitude:0 Longitude:0 Altitude:0}} 
2025-07-09 06:43:49 [37m[DEBUG][0m [PID-15] analysis.go func2:126 [raaise-18-06] nb1 classified 1.246679992s 
2025-07-09 06:43:49 [37m[DEBUG][0m [PID-15] analysis.go AnalyzeSensorData:222 [raaise-18-06] analyzed in 1.251300042s 
2025-07-09 06:43:49 [37m[DEBUG][0m [PID-15] analysis.go func2:126 [raaise-18-06] nb1 classified 1.241926813s 
2025-07-09 06:43:49 [37m[DEBUG][0m [PID-15] analysis.go func2:126 [raaise-18-06] nb1 classified 1.04010287s 
2025-07-09 06:43:49 [37m[DEBUG][0m [PID-15] analysis.go AnalyzeSensorData:222 [raaise-18-06] analyzed in 1.041047366s 
2025-07-09 06:43:49 [37m[DEBUG][0m [PID-15] analysis.go func1:112 [raaise-18-06] python classified 669.501728ms 
2025-07-09 06:43:49 [37m[DEBUG][0m [PID-15] analysis.go func1:112 [raaise-18-06] python classified 563.364294ms 
2025-07-09 06:43:49 [37m[DEBUG][0m [PID-15] analysis.go func1:112 [raaise-18-06] python classified 578.494914ms 
2025-07-09 06:43:49 [37m[DEBUG][0m [PID-15] analysis.go func2:126 [raaise-18-06] nb1 classified 1.356526958s 
2025-07-09 06:43:49 [37m[DEBUG][0m [PID-15] analysis.go AnalyzeSensorData:222 [raaise-18-06] analyzed in 1.357387598s 
2025-07-09 06:43:49 [37m[DEBUG][0m [PID-15] analysis.go func1:112 [raaise-18-06] python classified 560.724238ms 
2025-07-09 06:43:49 [37m[DEBUG][0m [PID-15] analysis.go func2:126 [raaise-18-06] nb1 classified 1.643773627s 
2025-07-09 06:43:49 [37m[DEBUG][0m [PID-15] analysis.go AnalyzeSensorData:222 [raaise-18-06] analyzed in 1.647436929s 
2025-07-09 06:43:49 [31m[ERROR][0m [PID-15] analysis.go AnalyzeSensorData:222 problem analyzing: no predictions 
2025-07-09 06:43:49 [33m[WARN][0m [PID-15] calibration.go func1:202 problem with machine learnaing: problem analyzing: no predictions: {Timestamp:1750228435697 Family:raaise-18-06 Device:user 2 Location:a17 Sensors:map[bluetooth:map[] wifi:map[ec:f4:0c:2f:57:de:-89 38:91:b7:1c:66:0c:-68 18:a6:f7:21:47:c6:-89 5e:62:8b:28:97:af:-61 5e:62:8b:28:97:ae:-59 38:91:b7:1c:08:4f:-74 38:91:b7:19:2e:4c:-73 38:91:b7:1a:22:ed:-91 ec:f4:0c:2f:57:df:-89 38:91:b7:1c:76:5c:-69 38:91:b7:1c:08:4e:-74 aa:61:b4:88:79:cf:-76 00:df:1d:de:de:fd:-82 38:91:b7:19:2e:4e:-73 50:91:e3:f8:87:2b:-86 38:91:b7:19:2e:4d:-73 ec:f4:0c:2f:57:dc:-89 38:91:b7:1c:76:5f:-69 00:df:1d:de:de:fe:-82 38:91:b7:1c:76:5d:-69 38:91:b7:1a:22:ef:-91 00:df:1d:de:de:ff:-82 38:91:b7:1c:66:0d:-68 38:91:b7:1c:0b:df:-57 38:91:b7:1c:76:5e:-69 38:91:b7:1c:08:4d:-74 38:91:b7:1c:0b:dc:-57 6c:cd:d6:ca:90:e2:-78 38:91:b7:1a:22:ec:-91 5e:62:8b:28:95:da:-42 1c:61:b4:88:79:ca:-76 38:91:b7:1c:08:4c:-74 1c:61:b4:88:79:cb:-69 ec:f4:0c:2f:57:dd:-89 38:91:b7:1c:66:0f:-68 38:91:b7:1c:66:0e:-68 5e:62:8b:28:95:db:-47 54:af:97:56:4d:dc:-71 38:91:b7:1c:0b:dd:-57 62:61:b4:88:79:ce:-69 38:91:b7:1c:0b:de:-57 38:91:b7:1a:22:ee:-91 5c:62:8b:68:97:ae:-70 38:91:b7:19:2e:4f:-73 5c:62:8b:68:95:db:-48 00:df:1d:de:de:fc:-82]] GPS:{Latitude:0 Longitude:0 Altitude:0}} 
2025-07-09 06:43:49 [37m[DEBUG][0m [PID-15] analysis.go func2:126 [raaise-18-06] nb1 classified 1.244225244s 
2025-07-09 06:43:49 [31m[ERROR][0m [PID-15] analysis.go AnalyzeSensorData:222 problem analyzing: no predictions 
2025-07-09 06:43:49 [33m[WARN][0m [PID-15] calibration.go func1:202 problem with machine learnaing: problem analyzing: no predictions: {Timestamp:1750228531572 Family:raaise-18-06 Device:user 3 Location:a17 Sensors:map[wifi:map[38:91:b7:19:2e:4c:-75 00:df:1d:de:de:fd:-77 00:df:1d:de:de:f3:-70 38:91:b7:1a:22:e1:-80 ec:f4:0c:2f:57:dc:-89 38:91:b7:19:2e:4f:-74 5e:62:8b:28:98:fb:-78 1c:61:b4:88:79:ca:-77 50:91:e3:f8:87:2b:-79 5c:62:8b:68:93:af:-58 00:df:1d:de:de:f2:-70 5e:62:8b:28:93:af:-57 00:df:1d:de:de:fe:-77 38:91:b7:1c:08:4f:-66 00:df:1d:de:de:fc:-77 5e:62:8b:28:93:ae:-47 6c:cd:d6:ca:90:e2:-73 54:af:97:56:4d:dc:-73 18:a6:f7:21:47:c6:-96 00:df:1d:de:de:f0:-70 5e:62:8b:28:95:da:-52 38:91:b7:1c:08:4e:-66 5c:62:8b:68:99:e3:-72 ec:f4:0c:2f:57:dd:-89 00:df:1d:de:de:ff:-77 38:91:b7:19:2e:4e:-74 00:df:1d:de:de:f1:-70 ec:f4:0c:2f:57:df:-89 ec:f4:0c:2f:57:de:-89 9a:61:b4:88:79:cc:-78 38:91:b7:1a:22:e0:-80 5e:62:8b:28:95:db:-54 38:91:b7:1c:08:4d:-66 5e:62:8b:28:97:af:-64 38:91:b7:1a:22:e3:-80 38:91:b7:19:2e:4d:-75 38:91:b7:1c:08:4c:-66] bluetooth:map[]] GPS:{Latitude:0 Longitude:0 Altitude:0}} 
2025-07-09 06:43:49 [37m[DEBUG][0m [PID-15] analysis.go func2:126 [raaise-18-06] nb1 classified 1.239357978s 
2025-07-09 06:43:49 [37m[DEBUG][0m [PID-15] analysis.go func1:112 [raaise-18-06] python classified 494.891227ms 
2025-07-09 06:43:50 [31m[ERROR][0m [PID-15] analysis.go AnalyzeSensorData:222 problem analyzing: no predictions 
2025-07-09 06:43:50 [33m[WARN][0m [PID-15] calibration.go func1:202 problem with machine learnaing: problem analyzing: no predictions: {Timestamp:1750217829609 Family:raaise-18-06 Device:user 2 Location:a17 Sensors:map[bluetooth:map[] wifi:map[54:af:97:56:4d:dd:-67 00:df:1d:de:de:f0:-70 54:af:97:56:4d:dc:-63 38:91:b7:1c:08:4f:-71 38:91:b7:1c:01:bd:-67 ec:f4:0c:2f:57:dc:-76 5c:62:8b:68:95:db:-28 38:91:b7:19:2e:4d:-66 38:91:b7:1c:66:0e:-61 62:61:b4:88:79:ce:-57 00:df:1d:de:de:fc:-82 38:91:b7:1a:22:ed:-85 ec:f4:0c:2f:57:de:-76 38:91:b7:1c:66:0f:-61 38:91:b7:1c:0b:de:-53 38:91:b7:1a:22:e3:-81 38:91:b7:1c:66:0c:-61 38:91:b7:1c:08:4c:-71 38:91:b7:1c:66:0d:-61 18:a6:f7:21:47:c6:-87 5e:62:8b:28:93:ae:-57 38:91:b7:1c:76:52:-54 38:91:b7:1a:22:e2:-81 38:91:b7:1a:22:ee:-85 38:91:b7:1c:76:5c:-65 38:91:b7:1a:22:ef:-85 38:91:b7:1c:76:51:-55 00:df:1d:de:de:fe:-82 5e:62:8b:28:95:da:-35 ec:f4:0c:2f:57:df:-76 5e:62:8b:28:95:db:-28 1c:61:b4:88:79:cb:-56 1c:61:b4:88:79:ca:-64 e6:ff:ae:35:a9:69:-70 38:91:b7:1a:22:ec:-85 00:df:1d:de:de:f1:-70 38:91:b7:1c:01:bf:-67 38:91:b7:19:2e:4e:-66 5e:62:8b:28:97:af:-55 38:91:b7:1c:76:5f:-66 38:91:b7:1c:08:4e:-71 38:91:b7:1c:76:5e:-65 38:91:b7:19:2e:4f:-66 5c:62:8b:68:93:ae:-58 ec:f4:0c:2f:57:dd:-76 00:df:1d:de:de:f3:-70 6c:cd:d6:ca:90:e2:-73 38:91:b7:1a:22:e1:-81 38:91:b7:1c:08:4d:-71 1a:61:b4:ac:59:58:-90 38:91:b7:1c:0b:dd:-53 38:91:b7:1a:22:e0:-80 38:91:b7:1c:76:53:-54 00:df:1d:de:de:ff:-82 38:91:b7:1c:76:50:-55 5c:62:8b:68:93:af:-58 38:91:b7:1c:0b:dc:-53 50:91:e3:f8:87:2b:-77 6c:cd:d6:ca:90:e1:-72 38:91:b7:19:2e:4c:-65 00:df:1d:de:de:fd:-82 5e:62:8b:28:93:af:-57 38:91:b7:1c:01:bc:-70 00:df:1d:de:de:f2:-70 38:91:b7:1c:76:5d:-64 38:91:b7:1c:01:be:-67 38:91:b7:1c:0b:df:-53]] GPS:{Latitude:0 Longitude:0 Altitude:0}} 
2025-07-09 06:43:50 [37m[DEBUG][0m [PID-15] analysis.go func2:126 [raaise-18-06] nb1 classified 1.312220923s 
2025-07-09 06:43:50 [37m[DEBUG][0m [PID-15] analysis.go AnalyzeSensorData:222 [raaise-18-06] analyzed in 1.313107502s 
2025-07-09 06:43:50 [31m[ERROR][0m [PID-15] analysis.go AnalyzeSensorData:222 problem analyzing: no predictions 
2025-07-09 06:43:50 [33m[WARN][0m [PID-15] calibration.go func1:202 problem with machine learnaing: problem analyzing: no predictions: {Timestamp:1750228359040 Family:raaise-18-06 Device:user 1 Location:a17 Sensors:map[bluetooth:map[] wifi:map[5e:62:8b:28:95:db:-34 1c:61:b4:88:79:ca:-69 38:91:b7:1c:0b:dd:-55 38:91:b7:1c:08:4c:-74 38:91:b7:19:2e:4f:-70 50:91:e3:f8:87:2b:-80 5e:62:8b:28:95:da:-37 9c:a2:f4:58:88:db:-77 00:df:1d:de:de:fd:-84 54:af:97:56:4d:dd:-75 00:df:1d:de:de:fc:-84 ec:f4:0c:2f:57:dd:-84 ec:f4:0c:2f:57:dc:-84 5c:62:8b:68:95:da:-37 54:af:97:56:4d:dc:-68 38:91:b7:1c:08:4d:-74 38:91:b7:1c:08:4e:-74 5e:62:8b:28:98:fb:-79 38:91:b7:19:2e:4d:-70 52:91:e3:78:87:29:-80 38:91:b7:19:2e:4e:-70 00:df:1d:de:de:fe:-84 ec:f4:0c:2f:57:de:-83 52:91:e3:28:87:29:-74 38:91:b7:1c:76:50:-49 38:91:b7:1c:0b:de:-55 00:df:1d:de:de:ff:-83 ec:f4:0c:2f:57:df:-83 38:91:b7:1c:76:51:-49 6c:cd:d6:ca:90:e2:-79 5c:62:8b:68:98:fa:-76 18:a6:f7:21:47:c6:-95 38:91:b7:1c:76:52:-49 38:91:b7:1c:76:53:-49 38:91:b7:1c:0b:dc:-55 5e:62:8b:28:93:ae:-63 38:91:b7:1a:9d:22:-80 38:91:b7:1c:0b:df:-55 38:91:b7:1a:22:e3:-86 38:91:b7:1c:08:4f:-74 5e:62:8b:28:97:af:-58 38:91:b7:1a:9d:23:-79 38:91:b7:19:2e:4c:-70]] GPS:{Latitude:0 Longitude:0 Altitude:0}} 
2025-07-09 06:43:50 [31m[ERROR][0m [PID-15] analysis.go AnalyzeSensorData:222 problem analyzing: no predictions 
2025-07-09 06:43:50 [33m[WARN][0m [PID-15] calibration.go func1:202 problem with machine learnaing: problem analyzing: no predictions: {Timestamp:1750228360700 Family:raaise-18-06 Device:user 2 Location:a17 Sensors:map[bluetooth:map[] wifi:map[ec:f4:0c:2f:57:dd:-89 5e:62:8b:28:98:fb:-80 38:91:b7:1c:0b:de:-57 38:91:b7:1c:76:5f:-69 62:61:b4:88:79:ce:-69 38:91:b7:1a:22:ee:-91 52:91:e3:78:87:29:-86 5c:62:8b:68:93:af:-62 ec:f4:0c:2f:57:de:-89 00:df:1d:de:de:fe:-83 38:91:b7:19:2e:4d:-72 38:91:b7:19:2e:4e:-72 aa:61:b4:88:79:cf:-72 5e:62:8b:28:93:ae:-58 38:91:b7:1c:76:5d:-68 54:af:97:56:4d:dc:-70 5e:62:8b:28:95:db:-48 5e:62:8b:28:97:af:-62 5e:62:8b:28:99:e3:-76 38:91:b7:1c:0b:df:-57 38:91:b7:1c:0b:dc:-57 38:91:b7:1a:22:ec:-91 6c:cd:d6:ca:90:e2:-80 38:91:b7:1c:08:4c:-74 ec:f4:0c:2f:57:df:-89 38:91:b7:1c:76:5c:-69 5c:62:8b:68:95:da:-42 38:91:b7:19:2e:4f:-72 38:91:b7:1c:66:0d:-68 50:91:e3:f8:87:2b:-86 38:91:b7:1c:08:4f:-75 38:91:b7:1c:66:0f:-68 5e:62:8b:28:95:da:-42 ec:f4:0c:2f:57:dc:-89 5e:62:8b:28:93:af:-62 38:91:b7:1a:22:ed:-91 1c:61:b4:88:79:ca:-76 38:91:b7:1c:0b:dd:-57 38:91:b7:19:2e:4c:-72 5c:62:8b:68:97:af:-61 38:91:b7:1c:76:5e:-69 aa:61:b4:88:79:ce:-73 00:df:1d:de:de:ff:-82 5c:62:8b:68:95:db:-47 00:df:1d:de:de:fc:-83 38:91:b7:1c:08:4e:-74 38:91:b7:1c:66:0e:-68 1c:61:b4:88:79:cb:-69 00:df:1d:de:de:fd:-82 38:91:b7:1a:22:ef:-92 38:91:b7:1c:08:4d:-74 38:91:b7:1c:66:0c:-68]] GPS:{Latitude:0 Longitude:0 Altitude:0}} 
2025-07-09 06:43:50 [37m[DEBUG][0m [PID-15] analysis.go func2:126 [raaise-18-06] nb1 classified 1.029989295s 
2025-07-09 06:43:50 [31m[ERROR][0m [PID-15] analysis.go AnalyzeSensorData:222 problem analyzing: no predictions 
2025-07-09 06:43:50 [33m[WARN][0m [PID-15] calibration.go func1:202 problem with machine learnaing: problem analyzing: no predictions: {Timestamp:1750227919046 Family:raaise-18-06 Device:user 1 Location:a17 Sensors:map[bluetooth:map[] wifi:map[38:91:b7:1c:08:4f:-75 38:91:b7:19:2e:4d:-68 5e:62:8b:28:93:af:-57 38:91:b7:19:2e:4e:-68 52:91:e3:28:87:29:-74 6c:cd:d6:ca:90:e1:-75 00:df:1d:de:de:fc:-84 00:df:1d:de:de:fd:-84 38:91:b7:1c:76:51:-51 5e:62:8b:28:97:af:-58 38:91:b7:1c:76:52:-50 ec:f4:0c:2f:57:de:-84 ec:f4:0c:2f:57:dd:-84 ec:f4:0c:2f:57:dc:-84 38:91:b7:1c:08:4d:-75 54:af:97:56:4d:dc:-68 00:df:1d:de:de:ff:-84 5e:62:8b:28:93:ae:-60 1c:61:b4:88:79:ca:-70 38:91:b7:1c:0b:df:-55 54:af:97:56:4d:dd:-75 38:91:b7:19:2e:4c:-68 38:91:b7:1c:76:50:-50 38:91:b7:1c:76:53:-50 6c:cd:d6:ca:90:e2:-80 5e:62:8b:28:95:da:-37 38:91:b7:19:2e:4f:-69 38:91:b7:1c:0b:dd:-55 ec:f4:0c:2f:57:df:-84 52:91:e3:78:87:29:-80 38:91:b7:1c:0b:dc:-55 5e:62:8b:28:95:db:-34 38:91:b7:1c:0b:de:-55 50:91:e3:f8:87:29:-74 5c:62:8b:68:95:da:-36 9c:a2:f4:58:88:db:-77 38:91:b7:1c:08:4c:-75 00:df:1d:de:de:fe:-84 38:91:b7:1c:08:4e:-75 50:91:e3:f8:87:2b:-80]] GPS:{Latitude:0 Longitude:0 Altitude:0}} 
2025-07-09 06:43:50 [37m[DEBUG][0m [PID-15] analysis.go func2:126 [raaise-18-06] nb1 classified 1.232792645s 
2025-07-09 06:43:50 [37m[DEBUG][0m [PID-15] analysis.go func2:126 [raaise-18-06] nb1 classified 1.938589145s 
2025-07-09 06:43:50 [31m[ERROR][0m [PID-15] analysis.go AnalyzeSensorData:222 problem analyzing: no predictions 
2025-07-09 06:43:50 [33m[WARN][0m [PID-15] calibration.go func1:202 problem with machine learnaing: problem analyzing: no predictions: {Timestamp:1750218154607 Family:raaise-18-06 Device:user 2 Location:a17 Sensors:map[bluetooth:map[] wifi:map[38:91:b7:1c:01:bc:-73 38:91:b7:1c:66:0d:-70 50:91:e3:f8:87:2b:-86 38:91:b7:1c:0b:df:-58 38:91:b7:1c:66:0f:-70 00:df:1d:de:de:ff:-81 ec:f4:0c:2f:57:dc:-83 5c:62:8b:68:93:af:-58 ec:f4:0c:2f:57:de:-83 38:91:b7:19:2e:4e:-70 00:df:1d:de:de:fd:-81 00:df:1d:de:de:fe:-81 38:91:b7:1c:76:50:-59 5c:62:8b:68:99:e3:-74 6c:cd:d6:ca:90:e1:-79 5e:62:8b:28:95:db:-40 38:91:b7:1c:66:0c:-70 38:91:b7:1c:08:4d:-74 aa:61:b4:88:79:cf:-72 54:af:97:56:4d:dd:-75 5e:62:8b:28:93:af:-57 5c:62:8b:68:98:fb:-81 6c:cd:d6:ca:90:e2:-82 1c:61:b4:88:79:cb:-59 38:91:b7:1c:01:bf:-72 38:91:b7:1c:76:5f:-69 5e:62:8b:28:98:fb:-80 5e:62:8b:28:97:af:-64 54:af:97:56:4d:dc:-68 9a:61:b4:88:79:cc:-66 5c:62:8b:68:97:af:-64 38:91:b7:1a:22:ec:-87 38:91:b7:1c:08:4c:-75 38:91:b7:1c:08:4e:-75 38:91:b7:1c:76:53:-59 00:df:1d:de:de:fc:-81 38:91:b7:1c:66:0e:-69 38:91:b7:1c:76:51:-59 18:a6:f7:21:47:c6:-92 38:91:b7:1c:0b:dd:-57 38:91:b7:1c:0b:dc:-58 38:91:b7:1c:01:be:-72 1c:61:b4:88:79:ca:-66 38:91:b7:1a:22:ed:-88 5e:62:8b:28:95:da:-34 5e:62:8b:28:99:e3:-74 38:91:b7:19:2e:4c:-70 38:91:b7:1c:08:4f:-75 9c:a2:f4:58:88:db:-77 ec:f4:0c:2f:57:dd:-83 38:91:b7:1c:0b:de:-58 38:91:b7:1a:22:ef:-87 e6:ff:ae:35:a9:69:-76 38:91:b7:1c:76:5c:-69 38:91:b7:1c:76:52:-59 38:91:b7:1c:01:bd:-73 62:61:b4:88:79:ce:-60 38:91:b7:19:2e:4f:-71 38:91:b7:19:2e:4d:-71 38:91:b7:1c:76:5e:-69 5c:62:8b:68:95:da:-35 52:91:e3:78:87:29:-86 38:91:b7:1a:22:ee:-88 ec:f4:0c:2f:57:df:-82 38:91:b7:1c:76:5d:-69]] GPS:{Latitude:0 Longitude:0 Altitude:0}} 
2025-07-09 06:43:50 [37m[DEBUG][0m [PID-15] analysis.go func1:112 [raaise-18-06] python classified 535.620426ms 
2025-07-09 06:43:50 [37m[DEBUG][0m [PID-15] analysis.go func2:126 [raaise-18-06] nb1 classified 1.354139179s 
2025-07-09 06:43:50 [37m[DEBUG][0m [PID-15] analysis.go func2:126 [raaise-18-06] nb1 classified 1.916884382s 
2025-07-09 06:43:50 [37m[DEBUG][0m [PID-15] analysis.go func1:112 [raaise-18-06] python classified 688.604458ms 
2025-07-09 06:43:50 [37m[DEBUG][0m [PID-15] analysis.go func1:112 [raaise-18-06] python classified 688.506742ms 
2025-07-09 06:43:50 [37m[DEBUG][0m [PID-15] analysis.go AnalyzeSensorData:222 [raaise-18-06] analyzed in 1.523530773s 
2025-07-09 06:43:50 [37m[DEBUG][0m [PID-15] analysis.go func2:126 [raaise-18-06] nb1 classified 2.092882887s 
2025-07-09 06:43:50 [37m[DEBUG][0m [PID-15] analysis.go AnalyzeSensorData:222 [raaise-18-06] analyzed in 2.12514585s 
2025-07-09 06:43:50 [37m[DEBUG][0m [PID-15] analysis.go AnalyzeSensorData:222 [raaise-18-06] analyzed in 2.111737025s 
2025-07-09 06:43:50 [37m[DEBUG][0m [PID-15] analysis.go func1:112 [raaise-18-06] python classified 697.18809ms 
2025-07-09 06:43:51 [37m[DEBUG][0m [PID-15] analysis.go func2:126 [raaise-18-06] nb1 classified 1.230578703s 
2025-07-09 06:43:51 [37m[DEBUG][0m [PID-15] analysis.go func2:126 [raaise-18-06] nb1 classified 1.423777158s 
2025-07-09 06:43:51 [37m[DEBUG][0m [PID-15] analysis.go func2:126 [raaise-18-06] nb1 classified 2.105035133s 
2025-07-09 06:43:51 [37m[DEBUG][0m [PID-15] analysis.go AnalyzeSensorData:222 [raaise-18-06] analyzed in 2.105849147s 
2025-07-09 06:43:51 [31m[ERROR][0m [PID-15] analysis.go AnalyzeSensorData:222 problem analyzing: no predictions 
2025-07-09 06:43:51 [33m[WARN][0m [PID-15] calibration.go func1:202 problem with machine learnaing: problem analyzing: no predictions: {Timestamp:1750217854611 Family:raaise-18-06 Device:user 2 Location:a17 Sensors:map[bluetooth:map[] wifi:map[ec:f4:0c:2f:57:de:-75 1c:61:b4:88:79:ca:-65 38:91:b7:1c:76:5e:-67 38:91:b7:1c:66:0c:-59 38:91:b7:19:2e:4e:-63 38:91:b7:1c:08:4c:-70 38:91:b7:1c:01:bc:-69 54:af:97:56:4d:dc:-63 00:df:1d:de:de:fc:-79 00:df:1d:de:de:ff:-80 38:91:b7:1c:0b:dc:-54 1c:61:b4:88:79:cb:-55 38:91:b7:1c:01:bd:-69 6c:cd:d6:ca:90:e1:-72 5c:62:8b:68:99:e2:-73 ec:f4:0c:2f:57:dd:-75 38:91:b7:1a:22:ee:-82 38:91:b7:1c:76:5f:-67 38:91:b7:1a:22:ef:-83 38:91:b7:1c:76:50:-58 5e:62:8b:28:95:db:-27 38:91:b7:1c:76:5c:-67 38:91:b7:1a:22:ec:-82 5e:62:8b:28:99:e2:-73 38:91:b7:19:2e:4f:-63 38:91:b7:1c:01:be:-69 00:df:1d:de:de:fe:-80 38:91:b7:1c:66:0f:-59 9c:a2:f4:58:88:db:-75 18:a6:f7:21:47:c6:-91 38:91:b7:1c:66:0d:-59 5e:62:8b:28:93:af:-57 6c:cd:d6:ca:90:e2:-82 5e:62:8b:28:95:da:-33 38:91:b7:1c:08:4d:-70 ec:f4:0c:2f:57:dc:-75 38:91:b7:1c:01:bf:-69 ec:f4:0c:2f:57:df:-76 38:91:b7:1c:0b:de:-54 38:91:b7:1c:76:51:-58 38:91:b7:19:2e:4d:-62 86:69:93:27:ad:35:-70 38:91:b7:1c:08:4e:-70 62:61:b4:88:79:ce:-55 00:df:1d:de:de:fd:-80 38:91:b7:19:2e:4c:-62 38:91:b7:1c:0b:dd:-54 50:91:e3:f8:87:2b:-79 38:91:b7:1c:76:53:-58 38:91:b7:1c:76:5d:-67 38:91:b7:1c:66:0e:-59 38:91:b7:1c:08:4f:-70 5c:62:8b:68:97:ae:-53 38:91:b7:1a:22:ed:-82 38:91:b7:1c:76:52:-58 38:91:b7:1c:0b:df:-54]] GPS:{Latitude:0 Longitude:0 Altitude:0}} 
2025-07-09 06:43:51 [37m[DEBUG][0m [PID-15] analysis.go func2:126 [raaise-18-06] nb1 classified 1.519486206s 
2025-07-09 06:43:51 [37m[DEBUG][0m [PID-15] analysis.go func2:126 [raaise-18-06] nb1 classified 1.244342864s 
2025-07-09 06:43:51 [37m[DEBUG][0m [PID-15] analysis.go AnalyzeSensorData:222 [raaise-18-06] analyzed in 1.245255536s 
2025-07-09 06:43:51 [37m[DEBUG][0m [PID-15] analysis.go func2:126 [raaise-18-06] nb1 classified 1.880859816s 
2025-07-09 06:43:51 [37m[DEBUG][0m [PID-15] analysis.go func1:112 [raaise-18-06] python classified 413.591106ms 
2025-07-09 06:43:51 [37m[DEBUG][0m [PID-15] analysis.go func1:112 [raaise-18-06] python classified 491.422041ms 
2025-07-09 06:43:51 [31m[ERROR][0m [PID-15] analysis.go AnalyzeSensorData:222 problem analyzing: no predictions 
2025-07-09 06:43:51 [33m[WARN][0m [PID-15] calibration.go func1:202 problem with machine learnaing: problem analyzing: no predictions: {Timestamp:1751941522816 Family:raaise-18-06 Device:user 1 Location:a04 Sensors:map[bluetooth:map[] wifi:map[00:df:1d:de:de:fe:-79 38:91:b7:1c:08:4f:-63 38:91:b7:1c:66:0c:-68 38:91:b7:1c:0b:df:-74 00:df:1d:de:de:fd:-79 5e:62:8b:28:97:ae:-47 00:df:1d:de:de:ff:-79 ec:f4:0c:2f:57:dc:-79 38:91:b7:1c:0b:de:-74 00:df:1d:de:de:fc:-79 38:91:b7:1c:08:4d:-63 1c:61:b4:88:79:cb:-68 5e:62:8b:28:95:db:-63 38:91:b7:1a:22:ec:-75 38:91:b7:1c:66:0f:-68 38:91:b7:1c:08:4c:-62 5c:62:8b:68:93:ae:-45 38:91:b7:1c:0b:dd:-74 ec:f4:0c:2f:57:de:-79 5e:62:8b:28:98:fb:-68 38:91:b7:1c:0b:dc:-74 38:91:b7:1a:22:ef:-74 38:91:b7:1c:66:0e:-68 38:91:b7:19:2e:4f:-71 38:91:b7:19:2e:4c:-71 5e:62:8b:28:99:e3:-59 38:91:b7:1a:22:ee:-74 5e:62:8b:28:93:af:-47 54:af:97:56:4d:dc:-70 38:91:b7:1c:66:0d:-68 38:91:b7:19:2e:4e:-70 ec:f4:0c:2f:57:df:-80 38:91:b7:1a:22:ed:-74 5e:62:8b:28:93:ae:-44 38:91:b7:19:2e:4d:-70 ec:f4:0c:2f:57:dd:-79 38:91:b7:1c:08:4e:-63 62:61:b4:88:79:ce:-68]] GPS:{Latitude:0 Longitude:0 Altitude:0}} 
2025-07-09 06:43:51 [31m[ERROR][0m [PID-15] analysis.go AnalyzeSensorData:222 problem analyzing: no predictions 
2025-07-09 06:43:51 [33m[WARN][0m [PID-15] calibration.go func1:202 problem with machine learnaing: problem analyzing: no predictions: {Timestamp:1751941425989 Family:raaise-18-06 Device:user 3 Location:a04 Sensors:map[bluetooth:map[] wifi:map[38:91:b7:1c:01:bf:-56 38:91:b7:1a:22:e1:-63 5c:62:8b:68:97:ae:-48 5c:62:8b:68:98:fb:-68 1c:61:b4:88:79:ca:-71 1c:61:b4:88:79:cc:-73 00:df:1d:de:de:f3:-69 5e:62:8b:28:99:e3:-61 54:af:97:56:4d:dc:-73 38:91:b7:1c:01:be:-56 5e:62:8b:28:93:af:-49 00:df:1d:de:de:f1:-69 1c:61:b4:88:79:cb:-67 38:91:b7:1c:08:4d:-60 aa:61:b4:88:79:ce:-74 00:df:1d:de:de:f0:-69 5c:62:8b:68:93:ae:-39 38:91:b7:1c:08:4e:-60 38:91:b7:1c:01:bc:-56 5e:62:8b:28:97:ae:-48 00:df:1d:de:de:f2:-70 aa:61:b4:88:79:cf:-74 38:91:b7:1a:22:e2:-63 ec:f4:0c:2f:57:de:-80 38:91:b7:1c:76:5d:-85 38:91:b7:1c:76:5e:-85 5c:62:8b:68:93:af:-49 38:91:b7:1c:08:4c:-60 38:91:b7:1c:66:0d:-70 9c:a2:f4:58:88:db:-73 62:61:b4:88:79:ce:-67 38:91:b7:1a:22:e3:-62 38:91:b7:1c:08:4f:-60 ec:f4:0c:2f:57:dc:-80 38:91:b7:1c:76:5f:-85 38:91:b7:1c:66:0f:-71 5c:62:8b:68:95:db:-67 38:91:b7:1a:22:e0:-63 9a:61:b4:88:79:cc:-70 38:91:b7:1c:01:bd:-56 ec:f4:0c:2f:57:df:-80 38:91:b7:1c:76:5c:-85 54:af:97:56:4d:dd:-76 5c:62:8b:68:99:e3:-61 5e:62:8b:28:98:fb:-70 38:91:b7:1c:66:0e:-70 5e:62:8b:28:93:ae:-40 ec:f4:0c:2f:57:dd:-80 5e:62:8b:28:97:af:-56 38:91:b7:1c:66:0c:-71 5e:62:8b:28:95:db:-67 6c:cd:d6:ca:90:e1:-57]] GPS:{Latitude:0 Longitude:0 Altitude:0}} 
2025-07-09 06:43:51 [37m[DEBUG][0m [PID-15] analysis.go func1:112 [raaise-18-06] python classified 608.57941ms 
2025-07-09 06:43:51 [37m[DEBUG][0m [PID-15] analysis.go func2:126 [raaise-18-06] nb1 classified 1.741424573s 
2025-07-09 06:43:51 [37m[DEBUG][0m [PID-15] analysis.go func2:126 [raaise-18-06] nb1 classified 1.749827111s 
2025-07-09 06:43:51 [37m[DEBUG][0m [PID-15] analysis.go func1:112 [raaise-18-06] python classified 462.280041ms 
2025-07-09 06:43:51 [37m[DEBUG][0m [PID-15] analysis.go AnalyzeSensorData:222 [raaise-18-06] analyzed in 1.790140412s 
2025-07-09 06:43:51 [37m[DEBUG][0m [PID-15] analysis.go func2:126 [raaise-18-06] nb1 classified 1.645825665s 
2025-07-09 06:43:51 [37m[DEBUG][0m [PID-15] analysis.go AnalyzeSensorData:222 [raaise-18-06] analyzed in 1.646614474s 
2025-07-09 06:43:52 [31m[ERROR][0m [PID-15] analysis.go AnalyzeSensorData:222 problem analyzing: no predictions 
2025-07-09 06:43:52 [33m[WARN][0m [PID-15] calibration.go func1:202 problem with machine learnaing: problem analyzing: no predictions: {Timestamp:1751941227791 Family:raaise-18-06 Device:user 1 Location:a04 Sensors:map[wifi:map[ec:f4:0c:2f:57:de:-80 00:df:1d:de:de:fe:-80 38:91:b7:1a:22:ed:-76 00:df:1d:de:de:fd:-80 5e:62:8b:28:93:ae:-46 38:91:b7:1c:76:53:-80 38:91:b7:19:2e:4e:-71 5c:62:8b:68:93:ae:-47 38:91:b7:1c:66:0c:-69 38:91:b7:1a:22:ef:-75 5e:62:8b:28:93:af:-47 5c:62:8b:68:97:af:-57 38:91:b7:1c:0b:df:-74 aa:61:b4:88:79:cf:-76 38:91:b7:1c:08:4c:-63 38:91:b7:1c:76:50:-78 38:91:b7:1c:66:0e:-69 38:91:b7:1c:08:4d:-64 5e:62:8b:28:98:fb:-66 5c:62:8b:68:99:e3:-58 38:91:b7:1c:08:4e:-63 38:91:b7:1c:0b:dc:-75 5c:62:8b:68:93:af:-47 00:df:1d:de:de:ff:-79 38:91:b7:19:2e:4d:-71 38:91:b7:1c:66:0d:-69 5c:62:8b:68:95:db:-62 5e:62:8b:28:97:ae:-49 1c:61:b4:88:79:cc:-77 00:df:1d:de:de:fc:-80 38:91:b7:1c:08:4f:-63 1c:61:b4:88:79:cb:-68 62:61:b4:88:79:ce:-68 5e:62:8b:28:99:e3:-58 ec:f4:0c:2f:57:dd:-80 1c:61:b4:88:79:ca:-70 9c:a2:f4:58:88:db:-64 6c:cd:d6:ca:90:e2:-68 38:91:b7:1c:0b:dd:-75 38:91:b7:1a:22:ec:-75 ec:f4:0c:2f:57:dc:-80 38:91:b7:1a:22:ee:-75 38:91:b7:1c:76:52:-78 5e:62:8b:28:97:af:-57 5c:62:8b:68:98:fb:-67 38:91:b7:19:2e:4c:-70 54:af:97:56:4d:dc:-71 9a:61:b4:88:79:cc:-70 38:91:b7:1c:66:0f:-69 ec:f4:0c:2f:57:df:-80 38:91:b7:19:2e:4f:-71 5e:62:8b:28:95:db:-62 38:91:b7:1c:76:51:-80 38:91:b7:1c:0b:de:-74 6c:cd:d6:ca:90:e1:-55] bluetooth:map[]] GPS:{Latitude:0 Longitude:0 Altitude:0}} 
2025-07-09 06:43:52 [31m[ERROR][0m [PID-15] analysis.go AnalyzeSensorData:222 problem analyzing: no predictions 
2025-07-09 06:43:52 [33m[WARN][0m [PID-15] calibration.go func1:202 problem with machine learnaing: problem analyzing: no predictions: {Timestamp:1751939690958 Family:raaise-18-06 Device:user 3 Location:a04 Sensors:map[wifi:map[38:91:b7:1a:22:e2:-63 38:91:b7:1c:76:5e:-85 00:df:1d:de:de:f0:-69 5e:62:8b:28:98:fb:-68 38:91:b7:1c:66:0f:-69 38:91:b7:1c:76:53:-76 1c:61:b4:88:79:ca:-71 00:df:1d:de:de:f1:-69 38:91:b7:1c:76:5f:-85 38:91:b7:1c:01:bf:-56 38:91:b7:1c:08:4f:-61 ec:f4:0c:2f:57:de:-79 38:91:b7:1c:01:bc:-56 38:91:b7:1c:66:0d:-69 00:df:1d:de:de:f2:-69 38:91:b7:1c:76:52:-76 38:91:b7:1c:01:be:-56 38:91:b7:1c:76:5c:-86 54:af:97:56:4d:dd:-70 5e:62:8b:28:93:af:-49 38:91:b7:1a:22:e1:-62 5e:62:8b:28:95:db:-67 5e:62:8b:28:97:ae:-52 38:91:b7:1c:66:0e:-69 9c:a2:f4:58:88:db:-74 1c:61:b4:88:79:cb:-67 38:91:b7:1c:66:0c:-69 38:91:b7:1c:76:51:-76 38:91:b7:1c:01:bd:-56 38:91:b7:1a:22:e0:-62 38:91:b7:1c:08:4e:-60 5e:62:8b:28:99:e3:-61 ec:f4:0c:2f:57:dd:-79 5c:62:8b:68:95:db:-67 5e:62:8b:28:93:ae:-46 5c:62:8b:68:98:fb:-69 54:af:97:56:4d:dc:-73 62:61:b4:88:79:ce:-67 ec:f4:0c:2f:57:df:-80 38:91:b7:1c:08:4c:-60 ec:f4:0c:2f:57:dc:-79 38:91:b7:1c:76:5d:-85 38:91:b7:1c:08:4d:-60 00:df:1d:de:de:f3:-70 38:91:b7:1a:22:e3:-63 5c:62:8b:68:99:e3:-61] bluetooth:map[]] GPS:{Latitude:0 Longitude:0 Altitude:0}} 
2025-07-09 06:43:52 [37m[DEBUG][0m [PID-15] analysis.go func2:126 [raaise-18-06] nb1 classified 1.533427797s 
2025-07-09 06:43:52 [37m[DEBUG][0m [PID-15] analysis.go func2:126 [raaise-18-06] nb1 classified 1.064113008s 
2025-07-09 06:43:52 [37m[DEBUG][0m [PID-15] analysis.go func2:126 [raaise-18-06] nb1 classified 2.193889562s 
2025-07-09 06:43:52 [37m[DEBUG][0m [PID-15] analysis.go AnalyzeSensorData:222 [raaise-18-06] analyzed in 2.195422672s 
2025-07-09 06:43:52 [37m[DEBUG][0m [PID-15] analysis.go func2:126 [raaise-18-06] nb1 classified 1.400729379s 
2025-07-09 06:43:52 [37m[DEBUG][0m [PID-15] analysis.go AnalyzeSensorData:222 [raaise-18-06] analyzed in 1.401610469s 
2025-07-09 06:43:52 [37m[DEBUG][0m [PID-15] analysis.go func2:126 [raaise-18-06] nb1 classified 1.452591244s 
2025-07-09 06:43:52 [37m[DEBUG][0m [PID-15] analysis.go AnalyzeSensorData:222 [raaise-18-06] analyzed in 1.45344856s 
2025-07-09 06:43:52 [31m[ERROR][0m [PID-15] analysis.go AnalyzeSensorData:222 problem analyzing: no predictions 
2025-07-09 06:43:52 [33m[WARN][0m [PID-15] calibration.go func1:202 problem with machine learnaing: problem analyzing: no predictions: {Timestamp:1751941517824 Family:raaise-18-06 Device:user 1 Location:a04 Sensors:map[wifi:map[38:91:b7:1c:08:4c:-63 38:91:b7:1c:0b:df:-74 5c:62:8b:68:95:db:-63 ec:f4:0c:2f:57:dd:-80 38:91:b7:1c:66:0e:-68 38:91:b7:1a:22:ed:-74 9a:61:b4:88:79:cc:-70 ec:f4:0c:2f:57:de:-80 38:91:b7:1c:0b:dc:-74 1c:61:b4:88:79:cb:-68 38:91:b7:1c:76:51:-80 6c:cd:d6:ca:90:e1:-54 38:91:b7:19:2e:4e:-70 38:91:b7:1a:22:ec:-75 38:91:b7:1c:08:4e:-63 38:91:b7:1c:0b:dd:-74 5c:62:8b:68:97:ae:-48 38:91:b7:1c:76:50:-78 54:af:97:56:4d:dc:-70 38:91:b7:1c:08:4d:-63 aa:61:b4:88:79:cf:-76 1c:61:b4:88:79:ca:-70 5e:62:8b:28:93:ae:-42 00:df:1d:de:de:fe:-79 ec:f4:0c:2f:57:df:-79 38:91:b7:19:2e:4f:-71 5c:62:8b:68:93:af:-48 38:91:b7:1c:66:0d:-68 00:df:1d:de:de:fc:-79 38:91:b7:1c:66:0f:-68 38:91:b7:19:2e:4d:-71 5e:62:8b:28:98:fb:-67 5e:62:8b:28:95:db:-63 38:91:b7:1a:22:ee:-75 00:df:1d:de:de:fd:-79 1c:61:b4:88:79:cc:-76 38:91:b7:1c:08:4f:-63 5e:62:8b:28:93:af:-48 5e:62:8b:28:99:e3:-59 38:91:b7:1a:22:ef:-75 38:91:b7:1c:66:0c:-68 5c:62:8b:68:98:fb:-67 5e:62:8b:28:97:ae:-49 38:91:b7:19:2e:4c:-71 62:61:b4:88:79:ce:-68 aa:61:b4:88:79:ce:-76 38:91:b7:1c:0b:de:-74 00:df:1d:de:de:ff:-79 ec:f4:0c:2f:57:dc:-80 38:91:b7:1c:76:52:-78 5c:62:8b:68:99:e3:-59 6c:cd:d6:ca:90:e2:-68] bluetooth:map[]] GPS:{Latitude:0 Longitude:0 Altitude:0}} 
2025-07-09 06:43:52 [37m[DEBUG][0m [PID-15] analysis.go func2:126 [raaise-18-06] nb1 classified 1.535961293s 
2025-07-09 06:43:52 [37m[DEBUG][0m [PID-15] analysis.go AnalyzeSensorData:222 [raaise-18-06] analyzed in 1.538198645s 
2025-07-09 06:43:52 [37m[DEBUG][0m [PID-15] analysis.go func1:112 [raaise-18-06] python classified 578.358711ms 
2025-07-09 06:43:52 [31m[ERROR][0m [PID-15] analysis.go AnalyzeSensorData:222 problem analyzing: no predictions 
2025-07-09 06:43:52 [33m[WARN][0m [PID-15] calibration.go func1:202 problem with machine learnaing: problem analyzing: no predictions: {Timestamp:1751939932787 Family:raaise-18-06 Device:user 1 Location:a04 Sensors:map[wifi:map[ec:f4:0c:2f:57:df:-80 5e:62:8b:28:97:ae:-49 5c:62:8b:68:98:fb:-67 1c:61:b4:88:79:cc:-67 38:91:b7:1c:08:4f:-64 38:91:b7:1c:66:0d:-69 38:91:b7:19:2e:4f:-71 38:91:b7:1c:66:0e:-69 38:91:b7:1c:0b:dc:-76 38:91:b7:1a:22:ed:-75 00:df:1d:de:de:fe:-78 38:91:b7:19:2e:4d:-71 5e:62:8b:28:97:af:-57 5c:62:8b:68:93:af:-47 38:91:b7:1c:66:0f:-69 5c:62:8b:68:99:e3:-58 38:91:b7:1c:08:4c:-63 00:df:1d:de:de:fd:-78 38:91:b7:1c:08:4e:-63 38:91:b7:1c:66:0c:-69 aa:61:b4:88:79:cf:-66 38:91:b7:1a:22:ee:-74 5e:62:8b:28:99:e3:-58 54:af:97:56:4d:dc:-70 5c:62:8b:68:93:ae:-47 38:91:b7:19:2e:4c:-71 ec:f4:0c:2f:57:de:-80 38:91:b7:1a:22:ef:-74 62:61:b4:88:79:ce:-68 5e:62:8b:28:93:af:-47 38:91:b7:1c:0b:df:-76 5e:62:8b:28:98:fb:-68 38:91:b7:19:2e:4e:-70 38:91:b7:1c:08:4d:-63 ec:f4:0c:2f:57:dd:-80 00:df:1d:de:de:fc:-78 ec:f4:0c:2f:57:dc:-80 5c:62:8b:68:97:ae:-49 38:91:b7:1c:0b:de:-76 5e:62:8b:28:95:db:-63 00:df:1d:de:de:ff:-79 1c:61:b4:88:79:cb:-68 38:91:b7:1c:0b:dd:-76 6c:cd:d6:ca:90:e2:-68 5c:62:8b:68:95:db:-63 38:91:b7:1a:22:ec:-74] bluetooth:map[]] GPS:{Latitude:0 Longitude:0 Altitude:0}} 
2025-07-09 06:43:52 [37m[DEBUG][0m [PID-15] analysis.go func2:126 [raaise-18-06] nb1 classified 1.478168763s 
2025-07-09 06:43:52 [37m[DEBUG][0m [PID-15] analysis.go func1:112 [raaise-18-06] python classified 571.580347ms 
2025-07-09 06:43:52 [37m[DEBUG][0m [PID-15] analysis.go func2:126 [raaise-18-06] nb1 classified 1.160152735s 
2025-07-09 06:43:52 [37m[DEBUG][0m [PID-15] analysis.go func2:126 [raaise-18-06] nb1 classified 882.530535ms 
2025-07-09 06:43:52 [37m[DEBUG][0m [PID-15] analysis.go AnalyzeSensorData:222 [raaise-18-06] analyzed in 883.416579ms 
2025-07-09 06:43:52 [37m[DEBUG][0m [PID-15] analysis.go func1:112 [raaise-18-06] python classified 500.051828ms 
2025-07-09 06:43:52 [37m[DEBUG][0m [PID-15] analysis.go func2:126 [raaise-18-06] nb1 classified 1.567572033s 
2025-07-09 06:43:52 [37m[DEBUG][0m [PID-15] analysis.go func2:126 [raaise-18-06] nb1 classified 1.356574922s 
2025-07-09 06:43:52 [37m[DEBUG][0m [PID-15] analysis.go func1:112 [raaise-18-06] python classified 420.423179ms 
2025-07-09 06:43:52 [37m[DEBUG][0m [PID-15] analysis.go AnalyzeSensorData:222 [raaise-18-06] analyzed in 1.627018182s 
2025-07-09 06:43:52 [37m[DEBUG][0m [PID-15] analysis.go func1:112 [raaise-18-06] python classified 710.128029ms 
2025-07-09 06:43:52 [37m[DEBUG][0m [PID-15] analysis.go func1:112 [raaise-18-06] python classified 461.606412ms 
2025-07-09 06:43:53 [37m[DEBUG][0m [PID-15] analysis.go func1:112 [raaise-18-06] python classified 586.88429ms 
2025-07-09 06:43:53 [37m[DEBUG][0m [PID-15] analysis.go func1:112 [raaise-18-06] python classified 552.395478ms 
2025-07-09 06:43:53 [37m[DEBUG][0m [PID-15] analysis.go func2:126 [raaise-18-06] nb1 classified 1.340999561s 
2025-07-09 06:43:53 [37m[DEBUG][0m [PID-15] analysis.go func2:126 [raaise-18-06] nb1 classified 1.218654907s 
2025-07-09 06:43:53 [37m[DEBUG][0m [PID-15] analysis.go func1:112 [raaise-18-06] python classified 482.435676ms 
2025-07-09 06:43:53 [37m[DEBUG][0m [PID-15] analysis.go func2:126 [raaise-18-06] nb1 classified 1.15918144s 
2025-07-09 06:43:53 [37m[DEBUG][0m [PID-15] analysis.go AnalyzeSensorData:222 [raaise-18-06] analyzed in 1.160159765s 
2025-07-09 06:43:53 [37m[DEBUG][0m [PID-15] analysis.go func2:126 [raaise-18-06] nb1 classified 1.427166087s 
2025-07-09 06:43:53 [31m[ERROR][0m [PID-15] analysis.go AnalyzeSensorData:222 problem analyzing: no predictions 
2025-07-09 06:43:53 [33m[WARN][0m [PID-15] calibration.go func1:202 problem with machine learnaing: problem analyzing: no predictions: {Timestamp:1751941442814 Family:raaise-18-06 Device:user 1 Location:a04 Sensors:map[bluetooth:map[] wifi:map[54:af:97:56:4d:dc:-70 00:df:1d:de:de:fd:-79 38:91:b7:19:2e:4c:-71 38:91:b7:1c:08:4c:-63 38:91:b7:1c:66:0d:-68 5e:62:8b:28:99:e3:-59 38:91:b7:1c:0b:df:-74 00:df:1d:de:de:fc:-79 5e:62:8b:28:98:fb:-67 ec:f4:0c:2f:57:de:-79 5e:62:8b:28:93:ae:-45 38:91:b7:1a:22:ec:-75 38:91:b7:1a:22:ed:-74 5e:62:8b:28:95:db:-63 5e:62:8b:28:93:af:-47 38:91:b7:1c:0b:dd:-74 38:91:b7:1c:66:0c:-68 6c:cd:d6:ca:90:e1:-55 38:91:b7:1c:08:4f:-63 38:91:b7:1c:08:4d:-63 5c:62:8b:68:95:db:-63 00:df:1d:de:de:ff:-79 38:91:b7:1c:66:0f:-68 38:91:b7:19:2e:4e:-71 38:91:b7:1c:66:0e:-68 ec:f4:0c:2f:57:dd:-79 1c:61:b4:88:79:cb:-68 38:91:b7:19:2e:4f:-71 1c:61:b4:88:79:ca:-70 00:df:1d:de:de:fe:-79 38:91:b7:1c:0b:dc:-74 62:61:b4:88:79:ce:-68 ec:f4:0c:2f:57:dc:-79 5c:62:8b:68:98:fb:-67 6c:cd:d6:ca:90:e2:-67 38:91:b7:1a:22:ee:-74 ec:f4:0c:2f:57:df:-79 38:91:b7:1c:0b:de:-74 38:91:b7:1c:08:4e:-63 5e:62:8b:28:97:ae:-49 38:91:b7:1a:22:ef:-74 38:91:b7:19:2e:4d:-71]] GPS:{Latitude:0 Longitude:0 Altitude:0}} 
2025-07-09 06:43:53 [37m[DEBUG][0m [PID-15] analysis.go func2:126 [raaise-18-06] nb1 classified 1.156968717s 
2025-07-09 06:43:53 [37m[DEBUG][0m [PID-15] analysis.go AnalyzeSensorData:222 [raaise-18-06] analyzed in 1.241083987s 
2025-07-09 06:43:53 [37m[DEBUG][0m [PID-15] analysis.go func2:126 [raaise-18-06] nb1 classified 1.078762629s 
2025-07-09 06:43:53 [37m[DEBUG][0m [PID-15] analysis.go AnalyzeSensorData:222 [raaise-18-06] analyzed in 1.079735929s 
2025-07-09 06:43:53 [37m[DEBUG][0m [PID-15] analysis.go AnalyzeSensorData:222 [raaise-18-06] analyzed in 1.566428705s 
2025-07-09 06:43:53 [37m[DEBUG][0m [PID-15] analysis.go func2:126 [raaise-18-06] nb1 classified 1.153957827s 
2025-07-09 06:43:53 [37m[DEBUG][0m [PID-15] analysis.go func2:126 [raaise-18-06] nb1 classified 1.284197804s 
2025-07-09 06:43:53 [37m[DEBUG][0m [PID-15] analysis.go AnalyzeSensorData:222 [raaise-18-06] analyzed in 1.346005556s 
2025-07-09 06:43:53 [37m[DEBUG][0m [PID-15] analysis.go AnalyzeSensorData:222 [raaise-18-06] analyzed in 1.31276824s 
2025-07-09 06:43:53 [37m[DEBUG][0m [PID-15] analysis.go func2:126 [raaise-18-06] nb1 classified 881.021411ms 
2025-07-09 06:43:53 [37m[DEBUG][0m [PID-15] analysis.go func1:112 [raaise-18-06] python classified 363.358324ms 
2025-07-09 06:43:53 [37m[DEBUG][0m [PID-15] analysis.go func1:112 [raaise-18-06] python classified 363.804687ms 
2025-07-09 06:43:53 [37m[DEBUG][0m [PID-15] analysis.go func2:126 [raaise-18-06] nb1 classified 1.14946232s 
2025-07-09 06:43:53 [37m[DEBUG][0m [PID-15] analysis.go AnalyzeSensorData:222 [raaise-18-06] analyzed in 1.150351543s 
2025-07-09 06:43:53 [31m[ERROR][0m [PID-15] analysis.go AnalyzeSensorData:222 problem analyzing: no predictions 
2025-07-09 06:43:53 [33m[WARN][0m [PID-15] calibration.go func1:202 problem with machine learnaing: problem analyzing: no predictions: {Timestamp:1750209295468 Family:raaise-18-06 Device:user 1 Location:a07 Sensors:map[bluetooth:map[] wifi:map[00:df:1d:de:de:fe:-77 6c:cd:d6:ca:90:e1:-37 50:91:e3:f8:87:2b:-51 38:91:b7:19:2e:4d:-69 38:91:b7:1c:08:4f:-79 38:91:b7:19:2e:4f:-67 00:df:1d:de:de:fc:-77 52:91:e3:28:87:29:-42 38:91:b7:1a:22:ef:-46 38:91:b7:1a:22:ee:-46 5e:62:8b:28:99:e3:-40 38:91:b7:1c:0b:df:-84 38:91:b7:19:2e:4c:-69 ec:f4:0c:2f:57:dd:-64 50:91:e3:f8:87:29:-42 52:91:e3:78:87:29:-50 ec:f4:0c:2f:57:df:-64 38:91:b7:1c:08:4e:-79 38:91:b7:1a:22:e0:-43 38:91:b7:1a:22:ec:-46 5c:62:8b:68:97:af:-59 38:91:b7:1a:a7:42:-76 5e:62:8b:28:95:db:-71 38:91:b7:1c:08:4d:-80 86:69:93:27:ad:35:-62 ec:f4:0c:2f:57:dc:-64 5e:62:8b:28:98:fb:-46 5e:62:8b:28:97:af:-61 38:91:b7:19:2e:4e:-69 9c:a2:f4:58:88:db:-58 38:91:b7:1c:08:4c:-80 5c:62:8b:68:99:e3:-39 38:91:b7:1a:22:ed:-46 00:df:1d:de:de:fd:-78 54:af:97:56:4d:dd:-63 54:af:97:56:4d:dc:-58 1c:61:b4:88:79:ca:-58 38:91:b7:1a:22:e3:-43 38:91:b7:1c:0b:dd:-83 38:91:b7:1c:0b:dc:-84 ec:f4:0c:2f:57:de:-64 38:91:b7:1a:22:e2:-43 38:91:b7:1a:a7:41:-76 38:91:b7:1c:0b:de:-84 00:df:1d:de:de:ff:-77 6c:cd:d6:ca:90:e2:-42 38:91:b7:1a:22:e1:-43 9a:61:b4:88:79:cc:-57 38:91:b7:1a:a7:43:-76 38:91:b7:1a:a7:40:-77]] GPS:{Latitude:0 Longitude:0 Altitude:0}} 
2025-07-09 06:43:53 [37m[DEBUG][0m [PID-15] analysis.go func1:112 [raaise-18-06] python classified 397.129416ms 
2025-07-09 06:43:54 [37m[DEBUG][0m [PID-15] analysis.go func2:126 [raaise-18-06] nb1 classified 1.534632374s 
2025-07-09 06:43:54 [37m[DEBUG][0m [PID-15] analysis.go AnalyzeSensorData:222 [raaise-18-06] analyzed in 1.535518135s 
2025-07-09 06:43:54 [37m[DEBUG][0m [PID-15] analysis.go func1:112 [raaise-18-06] python classified 333.050839ms 
2025-07-09 06:43:54 [37m[DEBUG][0m [PID-15] analysis.go func1:112 [raaise-18-06] python classified 526.573127ms 
2025-07-09 06:43:54 [37m[DEBUG][0m [PID-15] analysis.go func1:112 [raaise-18-06] python classified 438.575953ms 
2025-07-09 06:43:54 [37m[DEBUG][0m [PID-15] analysis.go func1:112 [raaise-18-06] python classified 354.876745ms 
2025-07-09 06:43:54 [37m[DEBUG][0m [PID-15] analysis.go func1:112 [raaise-18-06] python classified 373.934896ms 
2025-07-09 06:43:54 [37m[DEBUG][0m [PID-15] analysis.go func2:126 [raaise-18-06] nb1 classified 1.15068265s 
2025-07-09 06:43:54 [37m[DEBUG][0m [PID-15] analysis.go AnalyzeSensorData:222 [raaise-18-06] analyzed in 1.151734101s 
2025-07-09 06:43:54 [37m[DEBUG][0m [PID-15] analysis.go func1:112 [raaise-18-06] python classified 465.415893ms 
2025-07-09 06:43:54 [37m[DEBUG][0m [PID-15] analysis.go func2:126 [raaise-18-06] nb1 classified 1.053195736s 
2025-07-09 06:43:54 [37m[DEBUG][0m [PID-15] analysis.go AnalyzeSensorData:222 [raaise-18-06] analyzed in 1.054049507s 
2025-07-09 06:43:54 [37m[DEBUG][0m [PID-15] analysis.go func2:126 [raaise-18-06] nb1 classified 1.248586756s 
2025-07-09 06:43:54 [37m[DEBUG][0m [PID-15] analysis.go func2:126 [raaise-18-06] nb1 classified 1.082594756s 
2025-07-09 06:43:54 [37m[DEBUG][0m [PID-15] analysis.go func2:126 [raaise-18-06] nb1 classified 1.153495466s 
2025-07-09 06:43:54 [37m[DEBUG][0m [PID-15] analysis.go AnalyzeSensorData:222 [raaise-18-06] analyzed in 1.154358273s 
2025-07-09 06:43:54 [37m[DEBUG][0m [PID-15] analysis.go AnalyzeSensorData:222 [raaise-18-06] analyzed in 1.29517958s 
2025-07-09 06:43:54 [37m[DEBUG][0m [PID-15] analysis.go func2:126 [raaise-18-06] nb1 classified 1.057085116s 
2025-07-09 06:43:54 [37m[DEBUG][0m [PID-15] analysis.go AnalyzeSensorData:222 [raaise-18-06] analyzed in 1.058187029s 
2025-07-09 06:43:55 [37m[DEBUG][0m [PID-15] analysis.go func1:112 [raaise-18-06] python classified 341.845381ms 
2025-07-09 06:43:55 [37m[DEBUG][0m [PID-15] analysis.go func2:126 [raaise-18-06] nb1 classified 1.067891795s 
2025-07-09 06:43:55 [37m[DEBUG][0m [PID-15] analysis.go AnalyzeSensorData:222 [raaise-18-06] analyzed in 1.068864972s 
2025-07-09 06:43:55 [31m[ERROR][0m [PID-15] analysis.go AnalyzeSensorData:222 problem analyzing: no predictions 
2025-07-09 06:43:55 [33m[WARN][0m [PID-15] calibration.go func1:202 problem with machine learnaing: problem analyzing: no predictions: {Timestamp:1750224431673 Family:raaise-18-06 Device:user 2 Location:a07 Sensors:map[bluetooth:map[] wifi:map[38:91:b7:1a:a7:41:-76 38:91:b7:1c:66:0c:-83 38:91:b7:1c:66:0e:-82 ec:f4:0c:2f:57:dc:-69 ec:f4:0c:2f:57:dd:-69 00:df:1d:de:de:ff:-82 5e:62:8b:28:99:e2:-33 ec:f4:0c:2f:57:df:-69 38:91:b7:19:2e:4e:-70 54:af:97:56:4d:dd:-66 38:91:b7:19:2e:4d:-70 38:91:b7:1c:08:4d:-85 38:91:b7:19:2e:4c:-71 5c:62:8b:68:97:af:-62 38:91:b7:1a:a7:43:-76 38:91:b7:1c:66:0d:-82 54:af:97:56:4d:dc:-59 5e:62:8b:28:93:af:-68 38:91:b7:1a:a7:42:-76 1c:61:b4:88:79:cc:-65 38:91:b7:1a:a7:40:-75 62:61:b4:88:79:ce:-55 5e:62:8b:28:98:fa:-54 5e:62:8b:28:97:af:-62 46:1c:a8:05:a3:bd:-89 50:91:e3:f8:87:2b:-60 38:91:b7:1c:08:4f:-85 38:91:b7:1c:08:4e:-85 1c:61:b4:88:79:cb:-55 5e:62:8b:28:95:db:-76 50:91:e3:f8:87:29:-44 6c:cd:d6:ca:90:e1:-52 00:df:1d:de:de:fd:-81 38:91:b7:19:2e:4f:-71 5c:62:8b:68:93:af:-69 5c:62:8b:68:95:db:-76 5e:62:8b:28:99:e3:-38 1c:61:b4:88:79:ca:-60 ec:f4:0c:2f:57:de:-69 aa:61:b4:88:79:cf:-65 6c:cd:d6:ca:90:e2:-47 00:df:1d:de:de:fe:-82 00:df:1d:de:de:fc:-82 38:91:b7:1c:08:4c:-85 38:91:b7:1c:66:0f:-82]] GPS:{Latitude:0 Longitude:0 Altitude:0}} 
2025-07-09 06:43:55 [37m[DEBUG][0m [PID-15] analysis.go func2:126 [raaise-18-06] nb1 classified 1.249977606s 
2025-07-09 06:43:55 [37m[DEBUG][0m [PID-15] analysis.go AnalyzeSensorData:222 [raaise-18-06] analyzed in 1.251589195s 
2025-07-09 06:43:55 [37m[DEBUG][0m [PID-15] analysis.go func1:112 [raaise-18-06] python classified 459.478513ms 
2025-07-09 06:43:55 [37m[DEBUG][0m [PID-15] analysis.go func1:112 [raaise-18-06] python classified 285.38043ms 
2025-07-09 06:43:55 [31m[ERROR][0m [PID-15] analysis.go AnalyzeSensorData:222 problem analyzing: no predictions 
2025-07-09 06:43:55 [33m[WARN][0m [PID-15] calibration.go func1:202 problem with machine learnaing: problem analyzing: no predictions: {Timestamp:1750224898317 Family:raaise-18-06 Device:user 1 Location:a07 Sensors:map[bluetooth:map[] wifi:map[6c:cd:d6:ca:90:e2:-46 38:91:b7:19:2e:4f:-74 5e:62:8b:28:93:af:-68 00:df:1d:de:de:fe:-81 38:91:b7:1c:08:4c:-83 ec:f4:0c:2f:57:de:-75 38:91:b7:1c:08:4e:-85 38:91:b7:19:2e:4d:-74 1c:61:b4:88:79:ca:-66 5e:62:8b:28:95:db:-77 9c:a2:f4:58:88:db:-63 00:df:1d:de:de:fd:-80 38:91:b7:1c:76:53:-85 ec:f4:0c:2f:57:dd:-75 38:91:b7:1c:0b:de:-89 38:91:b7:1c:76:52:-81 38:91:b7:1c:0b:dc:-89 00:df:1d:de:de:fc:-81 54:af:97:56:4d:dd:-59 5e:62:8b:28:97:af:-60 5e:62:8b:28:99:e2:-36 38:91:b7:1c:08:4f:-85 5c:62:8b:68:97:ae:-54 38:91:b7:19:2e:4e:-74 38:91:b7:1a:a7:41:-77 ec:f4:0c:2f:57:df:-75 5c:62:8b:68:95:db:-78 38:91:b7:1c:76:50:-85 5e:62:8b:28:98:fa:-41 38:91:b7:19:2e:4c:-74 5c:62:8b:68:93:af:-68 ec:f4:0c:2f:57:dc:-74 54:af:97:56:4d:dc:-61 50:91:e3:f8:87:2b:-51 38:91:b7:1c:0b:df:-89 38:91:b7:1c:0b:dd:-88 5c:62:8b:68:97:af:-60 5e:62:8b:28:98:fb:-46 00:df:1d:de:de:ff:-81 50:91:e3:f8:87:29:-49 38:91:b7:1c:08:4d:-85 5e:62:8b:28:99:e3:-42]] GPS:{Latitude:0 Longitude:0 Altitude:0}} 
2025-07-09 06:43:55 [37m[DEBUG][0m [PID-15] analysis.go func1:112 [raaise-18-06] python classified 403.287879ms 
2025-07-09 06:43:55 [37m[DEBUG][0m [PID-15] analysis.go func1:112 [raaise-18-06] python classified 426.475228ms 
2025-07-09 06:43:55 [37m[DEBUG][0m [PID-15] analysis.go func2:126 [raaise-18-06] nb1 classified 1.414728072s 
2025-07-09 06:43:55 [37m[DEBUG][0m [PID-15] analysis.go AnalyzeSensorData:222 [raaise-18-06] analyzed in 1.415565151s 
2025-07-09 06:43:55 [37m[DEBUG][0m [PID-15] analysis.go func1:112 [raaise-18-06] python classified 497.566074ms 
2025-07-09 06:43:55 [37m[DEBUG][0m [PID-15] analysis.go func2:126 [raaise-18-06] nb1 classified 931.3351ms 
2025-07-09 06:43:55 [37m[DEBUG][0m [PID-15] analysis.go func1:112 [raaise-18-06] python classified 471.218745ms 
2025-07-09 06:43:55 [37m[DEBUG][0m [PID-15] analysis.go func2:126 [raaise-18-06] nb1 classified 1.724252887s 
2025-07-09 06:43:55 [37m[DEBUG][0m [PID-15] analysis.go AnalyzeSensorData:222 [raaise-18-06] analyzed in 1.72516162s 
2025-07-09 06:43:55 [37m[DEBUG][0m [PID-15] analysis.go func2:126 [raaise-18-06] nb1 classified 1.136410603s 
2025-07-09 06:43:55 [37m[DEBUG][0m [PID-15] analysis.go func2:126 [raaise-18-06] nb1 classified 1.064805842s 
2025-07-09 06:43:55 [37m[DEBUG][0m [PID-15] analysis.go AnalyzeSensorData:222 [raaise-18-06] analyzed in 1.06572101s 
2025-07-09 06:43:55 [37m[DEBUG][0m [PID-15] analysis.go func2:126 [raaise-18-06] nb1 classified 1.352044486s 
2025-07-09 06:43:55 [37m[DEBUG][0m [PID-15] analysis.go AnalyzeSensorData:222 [raaise-18-06] analyzed in 1.352809885s 
2025-07-09 06:43:56 [37m[DEBUG][0m [PID-15] analysis.go func1:112 [raaise-18-06] python classified 510.149402ms 
2025-07-09 06:43:56 [37m[DEBUG][0m [PID-15] analysis.go func2:126 [raaise-18-06] nb1 classified 1.074547899s 
2025-07-09 06:43:56 [37m[DEBUG][0m [PID-15] analysis.go AnalyzeSensorData:222 [raaise-18-06] analyzed in 1.07598286s 
2025-07-09 06:43:56 [31m[ERROR][0m [PID-15] analysis.go AnalyzeSensorData:222 problem analyzing: no predictions 
2025-07-09 06:43:56 [33m[WARN][0m [PID-15] calibration.go func1:202 problem with machine learnaing: problem analyzing: no predictions: {Timestamp:1750224908325 Family:raaise-18-06 Device:user 1 Location:a07 Sensors:map[wifi:map[00:df:1d:de:de:f0:-77 5e:62:8b:28:99:e2:-40 50:91:e3:f8:87:2b:-51 38:91:b7:1c:08:4c:-85 50:91:e3:f8:87:29:-48 38:91:b7:1a:a7:42:-76 38:91:b7:1a:a7:41:-72 38:91:b7:1c:08:4d:-85 00:df:1d:de:de:f1:-77 6c:cd:d6:ca:90:e1:-42 38:91:b7:19:2e:4d:-74 38:91:b7:1c:08:4e:-84 38:91:b7:1a:22:e0:-50 38:91:b7:1c:0b:dc:-88 ec:f4:0c:2f:57:dc:-73 00:df:1d:de:de:f3:-77 5c:62:8b:68:97:af:-60 5c:62:8b:68:93:af:-69 ec:f4:0c:2f:57:df:-73 86:69:93:27:ad:35:-64 38:91:b7:1c:08:4f:-84 38:91:b7:19:2e:4c:-74 5e:62:8b:28:99:e3:-44 00:df:1d:de:de:f2:-78 38:91:b7:19:2e:4e:-74 38:91:b7:1c:76:50:-85 38:91:b7:1c:0b:dd:-88 38:91:b7:1a:22:e3:-48 00:df:1d:de:de:ff:-81 5e:62:8b:28:98:fb:-46 5e:62:8b:28:97:af:-60 38:91:b7:1c:0b:de:-88 5e:62:8b:28:95:db:-78 38:91:b7:1a:22:e1:-48 00:df:1d:de:de:fc:-81 aa:61:b4:88:79:cf:-66 ec:f4:0c:2f:57:dd:-74 ec:f4:0c:2f:57:de:-72 00:df:1d:de:de:fd:-81 5e:62:8b:28:98:fa:-42 9c:a2:f4:58:88:db:-63 38:91:b7:1a:a7:40:-75 5c:62:8b:68:95:db:-78 38:91:b7:1a:22:e2:-50 5e:62:8b:28:93:af:-69 38:91:b7:19:2e:4f:-74 54:af:97:56:4d:dc:-60 38:91:b7:1c:0b:df:-89 6c:cd:d6:ca:90:e2:-46 1c:61:b4:88:79:ca:-66 00:df:1d:de:de:fe:-81] bluetooth:map[]] GPS:{Latitude:0 Longitude:0 Altitude:0}} 
2025-07-09 06:43:56 [37m[DEBUG][0m [PID-15] analysis.go func2:126 [raaise-18-06] nb1 classified 818.230837ms 
2025-07-09 06:43:56 [37m[DEBUG][0m [PID-15] analysis.go AnalyzeSensorData:222 [raaise-18-06] analyzed in 819.130161ms 
2025-07-09 06:43:56 [37m[DEBUG][0m [PID-15] analysis.go func2:126 [raaise-18-06] nb1 classified 1.675091584s 
2025-07-09 06:43:56 [37m[DEBUG][0m [PID-15] analysis.go AnalyzeSensorData:222 [raaise-18-06] analyzed in 1.741025345s 
2025-07-09 06:43:56 [37m[DEBUG][0m [PID-15] analysis.go func1:112 [raaise-18-06] python classified 416.360944ms 
2025-07-09 06:43:56 [37m[DEBUG][0m [PID-15] analysis.go func2:126 [raaise-18-06] nb1 classified 1.309860371s 
2025-07-09 06:43:56 [37m[DEBUG][0m [PID-15] analysis.go func2:126 [raaise-18-06] nb1 classified 1.421516198s 
2025-07-09 06:43:56 [37m[DEBUG][0m [PID-15] analysis.go func2:126 [raaise-18-06] nb1 classified 1.522024831s 
2025-07-09 06:43:56 [37m[DEBUG][0m [PID-15] analysis.go func1:112 [raaise-18-06] python classified 360.111611ms 
2025-07-09 06:43:56 [37m[DEBUG][0m [PID-15] analysis.go func1:112 [raaise-18-06] python classified 381.466155ms 
2025-07-09 06:43:56 [37m[DEBUG][0m [PID-15] analysis.go func1:112 [raaise-18-06] python classified 518.401209ms 
2025-07-09 06:43:56 [37m[DEBUG][0m [PID-15] analysis.go AnalyzeSensorData:222 [raaise-18-06] analyzed in 1.565842284s 
2025-07-09 06:43:56 [37m[DEBUG][0m [PID-15] analysis.go AnalyzeSensorData:222 [raaise-18-06] analyzed in 1.588280451s 
2025-07-09 06:43:56 [37m[DEBUG][0m [PID-15] analysis.go AnalyzeSensorData:222 [raaise-18-06] analyzed in 1.503675187s 
2025-07-09 06:43:56 [37m[DEBUG][0m [PID-15] analysis.go func1:112 [raaise-18-06] python classified 378.191724ms 
2025-07-09 06:43:56 [31m[ERROR][0m [PID-15] analysis.go AnalyzeSensorData:222 problem analyzing: no predictions 
2025-07-09 06:43:56 [33m[WARN][0m [PID-15] calibration.go func1:202 problem with machine learnaing: problem analyzing: no predictions: {Timestamp:1750210898369 Family:raaise-18-06 Device:intruder Location:a13 Sensors:map[bluetooth:map[] wifi:map[5c:62:8b:68:99:e3:-55 ec:f4:0c:2f:57:de:-61 38:91:b7:1c:08:4e:-82 38:91:b7:1c:76:52:-78 00:df:1d:de:de:fd:-88 54:af:97:56:4d:dc:-49 38:91:b7:1c:0b:df:-65 5c:62:8b:68:98:fb:-59 5e:62:8b:28:97:af:-39 54:af:97:56:4d:dd:-53 00:df:1d:de:de:fc:-87 38:91:b7:1c:76:53:-78 ec:f4:0c:2f:57:dc:-61 6c:cd:d6:ca:90:e2:-63 38:91:b7:1c:08:4f:-81 86:69:93:27:ad:35:-62 ec:f4:0c:2f:57:dd:-61 38:91:b7:1c:66:0e:-77 38:91:b7:1c:76:50:-78 5e:62:8b:28:95:da:-57 50:91:e3:f8:87:29:-61 1c:61:b4:88:79:cb:-41 5e:62:8b:28:97:ae:-43 9c:a2:f4:58:88:db:-61 62:61:b4:88:79:ce:-41 38:91:b7:1c:0b:de:-65 38:91:b7:1c:66:0f:-77 38:91:b7:1c:76:51:-78 38:91:b7:1c:08:4c:-81 50:91:e3:f8:87:2b:-65 00:df:1d:de:de:fe:-88 38:91:b7:1c:08:4d:-81 5c:62:8b:68:97:ae:-43 38:91:b7:1c:66:0c:-78 5c:62:8b:68:97:af:-38 38:91:b7:1c:0b:dd:-65 38:91:b7:1c:0b:dc:-65 1c:61:b4:88:79:ca:-45 00:df:1d:de:de:ff:-88 38:91:b7:1c:66:0d:-78 5e:62:8b:28:98:fb:-59 5e:62:8b:28:99:e3:-56 aa:61:b4:88:79:ce:-53 ec:f4:0c:2f:57:df:-61]] GPS:{Latitude:0 Longitude:0 Altitude:0}} 
2025-07-09 06:43:57 [37m[DEBUG][0m [PID-15] analysis.go func2:126 [raaise-18-06] nb1 classified 1.314840197s 
2025-07-09 06:43:57 [31m[ERROR][0m [PID-15] analysis.go AnalyzeSensorData:222 problem analyzing: no predictions 
2025-07-09 06:43:57 [33m[WARN][0m [PID-15] calibration.go func1:202 problem with machine learnaing: problem analyzing: no predictions: {Timestamp:1750225928057 Family:raaise-18-06 Device:user 2 Location:a13 Sensors:map[bluetooth:map[] wifi:map[38:91:b7:1c:76:5e:-82 38:91:b7:19:2e:4e:-47 38:91:b7:1c:08:4f:-91 18:a6:f7:21:47:c6:-95 38:91:b7:1a:22:ee:-70 9c:a2:f4:58:88:db:-55 5c:62:8b:68:98:fb:-57 38:91:b7:1c:08:4d:-91 52:91:e3:78:87:29:-66 1c:61:b4:88:79:cc:-56 ec:f4:0c:2f:57:de:-67 5e:62:8b:28:97:af:-43 38:91:b7:1c:76:52:-69 38:91:b7:1c:76:5d:-82 5e:62:8b:28:99:e3:-62 54:af:97:56:4d:dd:-59 50:91:e3:f8:87:2b:-66 38:91:b7:1c:66:0c:-81 38:91:b7:19:2e:4f:-47 50:91:e3:f8:87:29:-61 38:91:b7:19:2e:4d:-47 38:91:b7:1c:0b:dd:-69 38:91:b7:1c:76:53:-69 38:91:b7:1c:76:5c:-83 38:91:b7:1c:01:be:-70 38:91:b7:1c:76:51:-69 5e:62:8b:28:98:fb:-57 38:91:b7:1a:22:e3:-67 38:91:b7:1a:22:ed:-70 38:91:b7:1c:0b:dc:-69 5e:62:8b:28:98:fa:-60 38:91:b7:1c:66:0d:-81 6c:cd:d6:ca:90:e2:-65 86:69:93:27:ad:35:-58 52:91:e3:28:87:29:-63 38:91:b7:1a:22:e2:-67 1c:61:b4:88:79:cb:-49 38:91:b7:1c:08:4e:-91 38:91:b7:1c:01:bf:-70 38:91:b7:1a:22:e0:-66 aa:61:b4:88:79:cf:-56 38:91:b7:1a:22:ef:-70 ec:f4:0c:2f:57:dd:-67 38:91:b7:1a:22:ec:-68 38:91:b7:1c:08:4c:-91 38:91:b7:1c:01:bd:-70 ec:f4:0c:2f:57:dc:-67 5e:62:8b:28:95:db:-59 38:91:b7:1c:76:50:-70 62:61:b4:88:79:ce:-50 54:af:97:56:4d:dc:-50 38:91:b7:1c:66:0f:-81 1c:61:b4:88:79:ca:-52 38:91:b7:1c:0b:de:-69 5e:62:8b:28:97:ae:-39 38:91:b7:19:2e:4c:-47 ec:f4:0c:2f:57:df:-67 38:91:b7:1c:76:5f:-82 38:91:b7:1a:22:e1:-67 5c:62:8b:68:99:e3:-62 38:91:b7:1c:0b:df:-69 6c:cd:d6:ca:90:e1:-57 38:91:b7:1c:01:bc:-70 38:91:b7:1c:66:0e:-81]] GPS:{Latitude:0 Longitude:0 Altitude:0}} 
2025-07-09 06:43:57 [37m[DEBUG][0m [PID-15] analysis.go func2:126 [raaise-18-06] nb1 classified 870.060593ms 
2025-07-09 06:43:57 [37m[DEBUG][0m [PID-15] analysis.go AnalyzeSensorData:222 [raaise-18-06] analyzed in 872.016072ms 
2025-07-09 06:43:57 [31m[ERROR][0m [PID-15] analysis.go AnalyzeSensorData:222 problem analyzing: no predictions 
2025-07-09 06:43:57 [33m[WARN][0m [PID-15] calibration.go func1:202 problem with machine learnaing: problem analyzing: no predictions: {Timestamp:1750210760899 Family:raaise-18-06 Device:user 2 Location:a13 Sensors:map[bluetooth:map[] wifi:map[62:61:b4:88:79:ce:-42 38:91:b7:1c:01:bd:-63 ec:f4:0c:2f:57:dc:-61 38:91:b7:1a:22:ef:-66 38:91:b7:1c:66:0e:-72 38:91:b7:1c:76:5e:-76 38:91:b7:1c:0b:dd:-59 5c:62:8b:68:98:fb:-58 38:91:b7:1c:76:5f:-76 38:91:b7:19:2e:4e:-43 38:91:b7:1c:0b:dc:-59 38:91:b7:1a:22:e0:-65 38:91:b7:1c:76:5c:-76 38:91:b7:1c:76:5d:-76 54:af:97:56:4d:dc:-45 ec:f4:0c:2f:57:df:-61 ec:f4:0c:2f:57:dd:-61 38:91:b7:1a:22:ee:-66 38:91:b7:1a:22:ec:-66 5e:62:8b:28:97:af:-37 38:91:b7:1c:0b:de:-59 38:91:b7:1c:0b:df:-59 38:91:b7:1c:66:0f:-72 38:91:b7:1c:01:bf:-63 00:df:1d:de:de:ff:-89 38:91:b7:19:2e:4c:-43 00:df:1d:de:de:fd:-90 38:91:b7:1a:22:e3:-66 38:91:b7:1c:66:0c:-72 38:91:b7:1c:08:4d:-79 38:91:b7:19:2e:4f:-43 1c:61:b4:88:79:cc:-68 38:91:b7:1c:01:bc:-63 1c:61:b4:88:79:ca:-51 38:91:b7:1c:66:0d:-73 ec:f4:0c:2f:57:de:-61 1c:61:b4:88:79:cb:-42 38:91:b7:1c:08:4c:-79 38:91:b7:1a:22:e1:-66 6c:cd:d6:ca:90:e2:-64 00:df:1d:de:de:fe:-89 38:91:b7:1c:08:4f:-79 aa:61:b4:88:79:cf:-68 38:91:b7:1a:22:e2:-66 38:91:b7:19:2e:4d:-43 38:91:b7:1c:01:be:-63 38:91:b7:1c:08:4e:-79 00:df:1d:de:de:fc:-90 50:91:e3:f8:87:2b:-64 38:91:b7:1a:22:ed:-66]] GPS:{Latitude:0 Longitude:0 Altitude:0}} 
2025-07-09 06:43:57 [37m[DEBUG][0m [PID-15] analysis.go func2:126 [raaise-18-06] nb1 classified 1.322451927s 
2025-07-09 06:43:57 [37m[DEBUG][0m [PID-15] analysis.go AnalyzeSensorData:222 [raaise-18-06] analyzed in 1.323197674s 
2025-07-09 06:43:57 [37m[DEBUG][0m [PID-15] analysis.go func2:126 [raaise-18-06] nb1 classified 1.245596143s 
2025-07-09 06:43:57 [37m[DEBUG][0m [PID-15] analysis.go func1:112 [raaise-18-06] python classified 524.699386ms 
2025-07-09 06:43:57 [37m[DEBUG][0m [PID-15] analysis.go AnalyzeSensorData:222 [raaise-18-06] analyzed in 1.247491421s 
2025-07-09 06:43:57 [31m[ERROR][0m [PID-15] analysis.go AnalyzeSensorData:222 problem analyzing: no predictions 
2025-07-09 06:43:57 [33m[WARN][0m [PID-15] calibration.go func1:202 problem with machine learnaing: problem analyzing: no predictions: {Timestamp:1750210700898 Family:raaise-18-06 Device:user 2 Location:a13 Sensors:map[bluetooth:map[] wifi:map[38:91:b7:1c:08:4e:-76 ec:f4:0c:2f:57:de:-68 38:91:b7:1c:01:bc:-58 38:91:b7:1c:76:50:-71 00:df:1d:de:de:fd:-86 6c:cd:d6:ca:90:e1:-52 86:69:93:27:ad:35:-57 38:91:b7:1a:22:ec:-64 5c:62:8b:68:99:e3:-53 62:61:b4:88:79:ce:-41 38:91:b7:1c:76:52:-70 38:91:b7:1c:66:0e:-74 38:91:b7:1c:08:4c:-76 52:91:e3:78:87:29:-65 38:91:b7:1a:22:e0:-63 38:91:b7:1a:22:ef:-65 1c:61:b4:88:79:ca:-45 6c:cd:d6:ca:90:e2:-60 38:91:b7:1c:76:5f:-79 00:df:1d:de:de:ff:-86 1c:61:b4:88:79:cb:-41 38:91:b7:1c:01:be:-58 38:91:b7:1c:66:0f:-74 38:91:b7:1c:76:53:-70 5e:62:8b:28:97:ae:-39 38:91:b7:19:2e:4c:-42 aa:61:b4:88:79:cf:-57 5e:62:8b:28:98:fb:-53 38:91:b7:1a:22:e3:-61 ec:f4:0c:2f:57:df:-69 38:91:b7:1a:22:e1:-61 38:91:b7:1c:76:5c:-80 5c:62:8b:68:97:ae:-38 00:df:1d:de:de:fe:-86 38:91:b7:19:2e:4f:-42 38:91:b7:1c:08:4d:-76 38:91:b7:1a:22:ee:-65 00:df:1d:de:de:fc:-86 5e:62:8b:28:97:af:-41 38:91:b7:1c:0b:dd:-57 38:91:b7:1c:0b:dc:-57 38:91:b7:19:2e:4e:-42 5c:62:8b:68:98:fb:-53 38:91:b7:1c:66:0d:-74 38:91:b7:1c:01:bf:-58 38:91:b7:1c:76:51:-71 38:91:b7:1c:76:5d:-79 50:91:e3:f8:87:2b:-65 38:91:b7:1c:0b:de:-55 38:91:b7:1c:66:0c:-74 38:91:b7:19:2e:4d:-42 38:91:b7:1c:76:5e:-79 54:af:97:56:4d:dc:-52 38:91:b7:1c:0b:df:-57 5e:62:8b:28:93:af:-66 9c:a2:f4:58:88:db:-58 1c:61:b4:88:79:cc:-57 38:91:b7:1a:22:ed:-65 38:91:b7:1c:08:4f:-76 ec:f4:0c:2f:57:dc:-68 38:91:b7:1a:22:e2:-61 ec:f4:0c:2f:57:dd:-68 38:91:b7:1c:01:bd:-58]] GPS:{Latitude:0 Longitude:0 Altitude:0}} 
2025-07-09 06:43:57 [37m[DEBUG][0m [PID-15] analysis.go func2:126 [raaise-18-06] nb1 classified 984.175218ms 
2025-07-09 06:43:57 [37m[DEBUG][0m [PID-15] analysis.go func2:126 [raaise-18-06] nb1 classified 1.064016748s 
2025-07-09 06:43:57 [37m[DEBUG][0m [PID-15] analysis.go AnalyzeSensorData:222 [raaise-18-06] analyzed in 1.065642838s 
2025-07-09 06:43:57 [37m[DEBUG][0m [PID-15] analysis.go func1:112 [raaise-18-06] python classified 479.136868ms 
2025-07-09 06:43:57 [37m[DEBUG][0m [PID-15] analysis.go func2:126 [raaise-18-06] nb1 classified 1.426070004s 
2025-07-09 06:43:57 [31m[ERROR][0m [PID-15] analysis.go AnalyzeSensorData:222 problem analyzing: no predictions 
2025-07-09 06:43:57 [33m[WARN][0m [PID-15] calibration.go func1:202 problem with machine learnaing: problem analyzing: no predictions: {Timestamp:1750226018060 Family:raaise-18-06 Device:user 2 Location:a13 Sensors:map[bluetooth:map[] wifi:map[1c:61:b4:88:79:ca:-51 38:91:b7:1a:22:ed:-69 5c:62:8b:68:99:e3:-62 54:af:97:56:4d:dd:-59 5c:62:8b:68:93:af:-73 5c:62:8b:68:97:af:-43 38:91:b7:1c:66:0d:-81 38:91:b7:1c:0b:dd:-68 ec:f4:0c:2f:57:df:-67 38:91:b7:1c:0b:df:-69 38:91:b7:19:2e:4c:-48 38:91:b7:1a:22:ee:-69 38:91:b7:1c:66:0f:-81 38:91:b7:1c:66:0e:-81 38:91:b7:19:2e:4e:-48 5e:62:8b:28:99:e3:-62 5e:62:8b:28:97:af:-43 38:91:b7:1c:01:bc:-70 38:91:b7:1c:66:0c:-81 9c:a2:f4:58:88:db:-53 38:91:b7:1c:08:4e:-89 1c:61:b4:88:79:cb:-49 38:91:b7:1c:76:5e:-82 6c:cd:d6:ca:90:e2:-65 38:91:b7:1c:0b:de:-69 38:91:b7:1a:22:ec:-69 38:91:b7:1c:08:4d:-90 5e:62:8b:28:98:fb:-57 38:91:b7:19:2e:4d:-48 ec:f4:0c:2f:57:de:-67 5e:62:8b:28:93:af:-73 38:91:b7:1c:76:53:-69 38:91:b7:1c:76:51:-70 ec:f4:0c:2f:57:dc:-67 5e:62:8b:28:95:da:-52 38:91:b7:1c:76:5f:-82 ec:f4:0c:2f:57:dd:-66 38:91:b7:19:2e:4f:-48 38:91:b7:1c:01:bf:-70 18:a6:f7:21:47:c6:-96 6c:cd:d6:ca:90:e1:-57 38:91:b7:1c:01:bd:-70 38:91:b7:1c:76:50:-69 54:af:97:56:4d:dc:-50 38:91:b7:1c:08:4f:-90 5c:62:8b:68:98:fb:-57 62:61:b4:88:79:ce:-50 38:91:b7:1c:01:be:-70 86:69:93:27:ad:35:-57 50:91:e3:f8:87:2b:-66 5e:62:8b:28:97:ae:-38 38:91:b7:1c:76:52:-69 38:91:b7:1c:76:5c:-82 38:91:b7:1c:0b:dc:-69 38:91:b7:1c:08:4c:-90 38:91:b7:1a:22:ef:-69 38:91:b7:1c:76:5d:-82]] GPS:{Latitude:0 Longitude:0 Altitude:0}} 
2025-07-09 06:43:57 [37m[DEBUG][0m [PID-15] analysis.go AnalyzeSensorData:222 [raaise-18-06] analyzed in 1.530746232s 
2025-07-09 06:43:57 [31m[ERROR][0m [PID-15] analysis.go AnalyzeSensorData:222 problem analyzing: no predictions 
2025-07-09 06:43:57 [33m[WARN][0m [PID-15] calibration.go func1:202 problem with machine learnaing: problem analyzing: no predictions: {Timestamp:1750225808061 Family:raaise-18-06 Device:user 2 Location:a13 Sensors:map[wifi:map[38:91:b7:1a:22:ec:-67 1c:61:b4:88:79:cb:-49 1c:61:b4:88:79:cc:-56 38:91:b7:19:2e:4c:-47 38:91:b7:1a:22:e3:-67 38:91:b7:1c:76:5c:-83 38:91:b7:19:2e:4d:-48 38:91:b7:1a:22:ed:-68 5e:62:8b:28:95:da:-52 38:91:b7:1c:08:4d:-89 5e:62:8b:28:97:af:-43 38:91:b7:1a:22:ee:-69 38:91:b7:1c:76:5e:-83 38:91:b7:1c:76:51:-71 ec:f4:0c:2f:57:dd:-67 38:91:b7:1c:08:4e:-89 38:91:b7:1c:08:4f:-88 38:91:b7:1c:76:50:-70 5c:62:8b:68:97:af:-43 38:91:b7:1a:22:e2:-66 38:91:b7:1a:22:e0:-67 62:61:b4:88:79:ce:-49 38:91:b7:1c:01:bc:-70 38:91:b7:1c:76:5d:-83 5c:62:8b:68:95:da:-54 38:91:b7:1c:0b:dd:-68 38:91:b7:19:2e:4e:-48 5c:62:8b:68:99:e3:-62 50:91:e3:f8:87:29:-60 5e:62:8b:28:97:ae:-38 38:91:b7:1c:08:4c:-89 52:91:e3:28:87:29:-59 aa:61:b4:88:79:cf:-56 38:91:b7:19:2e:4f:-48 86:69:93:27:ad:35:-55 54:af:97:56:4d:dc:-50 38:91:b7:1c:01:be:-70 38:91:b7:1c:66:0e:-81 38:91:b7:1c:0b:de:-68 38:91:b7:1c:01:bf:-70 ec:f4:0c:2f:57:dc:-67 38:91:b7:1c:66:0d:-81 6c:cd:d6:ca:90:e1:-56 38:91:b7:1c:0b:dc:-68 38:91:b7:1c:76:5f:-83 ec:f4:0c:2f:57:df:-67 38:91:b7:1c:01:bd:-70 6c:cd:d6:ca:90:e2:-65 38:91:b7:1a:22:ef:-67 1c:61:b4:88:79:ca:-52 5c:62:8b:68:98:fb:-57 ec:f4:0c:2f:57:de:-67 38:91:b7:1a:22:e1:-66 38:91:b7:1c:76:52:-69 38:91:b7:1c:0b:df:-68 50:91:e3:f8:87:2b:-66 5e:62:8b:28:99:e3:-62 5e:62:8b:28:93:af:-72 38:91:b7:1c:66:0f:-81 5e:62:8b:28:98:fb:-57 38:91:b7:1c:66:0c:-81 38:91:b7:1c:76:53:-70] bluetooth:map[]] GPS:{Latitude:0 Longitude:0 Altitude:0}} 
2025-07-09 06:43:57 [37m[DEBUG][0m [PID-15] analysis.go func1:112 [raaise-18-06] python classified 489.354021ms 
2025-07-09 06:43:57 [31m[ERROR][0m [PID-15] analysis.go AnalyzeSensorData:222 problem analyzing: no predictions 
2025-07-09 06:43:57 [33m[WARN][0m [PID-15] calibration.go func1:202 problem with machine learnaing: problem analyzing: no predictions: {Timestamp:1750225668055 Family:raaise-18-06 Device:user 2 Location:a13 Sensors:map[bluetooth:map[] wifi:map[38:91:b7:1a:22:e0:-66 ec:f4:0c:2f:57:dd:-67 9a:61:b4:88:79:cc:-52 5e:62:8b:28:95:db:-59 38:91:b7:1a:22:e2:-66 52:91:e3:78:87:29:-66 00:df:1d:de:de:f0:-89 5e:62:8b:28:99:e3:-62 38:91:b7:1c:08:4f:-90 5c:62:8b:68:98:fa:-61 38:91:b7:1c:01:bc:-69 38:91:b7:1c:76:5d:-82 aa:61:b4:88:79:ce:-54 86:69:93:27:ad:35:-58 38:91:b7:1c:76:53:-70 38:91:b7:1c:01:bf:-70 38:91:b7:1c:08:4e:-91 38:91:b7:1c:0b:df:-68 38:91:b7:1a:22:e1:-66 50:91:e3:f8:87:29:-60 5e:62:8b:28:97:ae:-38 38:91:b7:1a:22:ed:-70 38:91:b7:19:2e:4e:-47 5e:62:8b:28:97:af:-43 38:91:b7:1c:66:0f:-81 50:91:e3:f8:87:2b:-66 38:91:b7:1c:76:5c:-83 38:91:b7:1a:22:e3:-66 38:91:b7:1c:76:50:-68 38:91:b7:1c:08:4d:-90 38:91:b7:1c:01:be:-70 6c:cd:d6:ca:90:e2:-65 38:91:b7:1c:76:52:-70 54:af:97:56:4d:dc:-50 38:91:b7:19:2e:4f:-47 ec:f4:0c:2f:57:df:-67 5e:62:8b:28:98:fb:-57 1c:61:b4:88:79:ca:-52 38:91:b7:1c:08:4c:-91 6c:cd:d6:ca:90:e1:-57 5c:62:8b:68:99:e3:-62 ec:f4:0c:2f:57:dc:-67 ec:f4:0c:2f:57:de:-67 38:91:b7:1c:76:5f:-82 38:91:b7:1a:22:ee:-70 38:91:b7:1c:76:5e:-82 38:91:b7:1a:22:ef:-69 5c:62:8b:68:98:fb:-57 5c:62:8b:68:97:ae:-38 9c:a2:f4:58:88:db:-55 1c:61:b4:88:79:cc:-55 38:91:b7:1c:66:0e:-81 38:91:b7:1c:0b:de:-68 54:af:97:56:4d:dd:-59 38:91:b7:19:2e:4c:-47 38:91:b7:1c:0b:dc:-68 38:91:b7:19:2e:4d:-47 38:91:b7:1a:22:ec:-70 38:91:b7:1c:01:bd:-69 38:91:b7:1c:66:0d:-81 38:91:b7:1c:0b:dd:-68 aa:61:b4:88:79:cf:-56 5e:62:8b:28:95:da:-52 00:df:1d:de:de:f1:-89 38:91:b7:1c:76:51:-69 62:61:b4:88:79:ce:-50 1c:61:b4:88:79:cb:-49 38:91:b7:1c:66:0c:-81]] GPS:{Latitude:0 Longitude:0 Altitude:0}} 
2025-07-09 06:43:58 [37m[DEBUG][0m [PID-15] analysis.go func1:112 [raaise-18-06] python classified 781.61491ms 
2025-07-09 06:43:58 [31m[ERROR][0m [PID-15] analysis.go AnalyzeSensorData:222 problem analyzing: no predictions 
2025-07-09 06:43:58 [33m[WARN][0m [PID-15] calibration.go func1:202 problem with machine learnaing: problem analyzing: no predictions: {Timestamp:1750225188060 Family:raaise-18-06 Device:user 2 Location:a13 Sensors:map[bluetooth:map[] wifi:map[38:91:b7:1a:22:e2:-67 38:91:b7:1c:76:52:-68 38:91:b7:1c:76:5f:-84 1c:61:b4:88:79:ca:-52 50:91:e3:f8:87:29:-63 38:91:b7:1c:01:bd:-69 ec:f4:0c:2f:57:de:-67 54:af:97:56:4d:dd:-58 38:91:b7:1a:22:e0:-67 5e:62:8b:28:97:af:-43 38:91:b7:1c:01:bf:-70 00:df:1d:de:de:f3:-89 38:91:b7:1a:22:e3:-67 38:91:b7:1c:08:4d:-89 38:91:b7:1c:76:5e:-84 ec:f4:0c:2f:57:dd:-66 38:91:b7:1c:01:bc:-69 9a:61:b4:88:79:cc:-52 38:91:b7:1c:76:53:-70 9c:a2:f4:58:88:db:-57 38:91:b7:1c:01:be:-69 38:91:b7:1c:0b:dc:-68 86:69:93:27:ad:35:-56 38:91:b7:1c:76:5d:-84 ec:f4:0c:2f:57:dc:-67 38:91:b7:1c:08:4f:-89 38:91:b7:1a:22:e1:-67 38:91:b7:1c:08:4e:-89 38:91:b7:1c:76:5c:-84 38:91:b7:1c:08:4c:-89 38:91:b7:1c:0b:df:-68 5e:62:8b:28:99:e3:-37 18:a6:f7:21:47:c6:-96 38:91:b7:1c:76:50:-67 38:91:b7:1c:0b:dd:-68 5c:62:8b:68:95:db:-59 54:af:97:56:4d:dc:-50 ec:f4:0c:2f:57:df:-67 38:91:b7:1c:0b:de:-68 38:91:b7:1c:76:51:-69 6c:cd:d6:ca:90:e2:-64 5e:62:8b:28:95:db:-59 50:91:e3:f8:87:2b:-66]] GPS:{Latitude:0 Longitude:0 Altitude:0}} 
2025-07-09 06:43:58 [37m[DEBUG][0m [PID-15] analysis.go func2:126 [raaise-18-06] nb1 classified 1.487046927s 
2025-07-09 06:43:58 [37m[DEBUG][0m [PID-15] analysis.go AnalyzeSensorData:222 [raaise-18-06] analyzed in 1.487838452s 
2025-07-09 06:43:58 [37m[DEBUG][0m [PID-15] analysis.go func2:126 [raaise-18-06] nb1 classified 1.486582696s 
2025-07-09 06:43:58 [37m[DEBUG][0m [PID-15] analysis.go func1:112 [raaise-18-06] python classified 545.407846ms 
2025-07-09 06:43:58 [37m[DEBUG][0m [PID-15] analysis.go func1:112 [raaise-18-06] python classified 547.48022ms 
2025-07-09 06:43:58 [37m[DEBUG][0m [PID-15] analysis.go func1:112 [raaise-18-06] python classified 690.961727ms 
2025-07-09 06:43:58 [37m[DEBUG][0m [PID-15] analysis.go func2:126 [raaise-18-06] nb1 classified 1.729416988s 
2025-07-09 06:43:58 [31m[ERROR][0m [PID-15] analysis.go AnalyzeSensorData:222 problem analyzing: no predictions 
2025-07-09 06:43:58 [33m[WARN][0m [PID-15] calibration.go func1:202 problem with machine learnaing: problem analyzing: no predictions: {Timestamp:1750211067856 Family:raaise-18-06 Device:user 1 Location:a13 Sensors:map[bluetooth:map[] wifi:map[38:91:b7:1c:0b:de:-65 5e:62:8b:28:98:fb:-56 54:af:97:56:4d:dc:-50 5e:62:8b:28:95:db:-56 38:91:b7:1a:22:ee:-64 38:91:b7:1a:22:ed:-64 38:91:b7:19:2e:4c:-48 00:df:1d:de:de:fd:-88 5c:62:8b:68:93:af:-67 38:91:b7:1c:76:52:-75 00:df:1d:de:de:fc:-88 38:91:b7:1c:0b:dd:-64 9a:61:b4:88:79:cc:-47 5c:62:8b:68:95:db:-56 38:91:b7:1c:08:4f:-81 54:af:97:56:4d:dd:-55 6c:cd:d6:ca:90:e1:-58 38:91:b7:1c:08:4d:-81 5e:62:8b:28:93:af:-67 38:91:b7:1c:08:4c:-81 38:91:b7:1a:22:ec:-64 1c:61:b4:88:79:ca:-47 9c:a2:f4:58:88:db:-54 ec:f4:0c:2f:57:dc:-57 50:91:e3:f8:87:2b:-59 5e:62:8b:28:97:af:-36 ec:f4:0c:2f:57:de:-58 38:91:b7:1c:0b:dc:-65 38:91:b7:1c:76:51:-74 38:91:b7:1a:22:ef:-64 6c:cd:d6:ca:90:e2:-61 00:df:1d:de:de:ff:-89 00:df:1d:de:de:fe:-88 ec:f4:0c:2f:57:df:-57 ec:f4:0c:2f:57:dd:-57 5e:62:8b:28:97:ae:-41 38:91:b7:19:2e:4d:-48 5c:62:8b:68:97:ae:-39 38:91:b7:1c:0b:df:-64 5e:62:8b:28:98:fa:-53 38:91:b7:19:2e:4e:-48 38:91:b7:1c:76:53:-74 38:91:b7:19:2e:4f:-48 38:91:b7:1c:76:50:-75 50:91:e3:f8:87:29:-51 86:69:93:27:ad:35:-56 38:91:b7:1c:08:4e:-81]] GPS:{Latitude:0 Longitude:0 Altitude:0}} 
2025-07-09 06:43:58 [37m[DEBUG][0m [PID-15] analysis.go func2:126 [raaise-18-06] nb1 classified 1.247167662s 
2025-07-09 06:43:58 [31m[ERROR][0m [PID-15] analysis.go AnalyzeSensorData:222 problem analyzing: no predictions 
2025-07-09 06:43:58 [33m[WARN][0m [PID-15] calibration.go func1:202 problem with machine learnaing: problem analyzing: no predictions: {Timestamp:1750210612857 Family:raaise-18-06 Device:user 1 Location:a13 Sensors:map[bluetooth:map[] wifi:map[38:91:b7:19:2e:4f:-44 5e:62:8b:28:93:af:-69 38:91:b7:19:2e:4d:-44 38:91:b7:1a:22:e3:-65 38:91:b7:1c:0b:dc:-68 00:df:1d:de:de:fc:-89 ec:f4:0c:2f:57:de:-63 38:91:b7:19:2e:4c:-44 5e:62:8b:28:95:db:-57 38:91:b7:1a:22:ec:-71 54:af:97:56:4d:dc:-49 38:91:b7:1a:22:e1:-65 38:91:b7:1a:22:ed:-71 ec:f4:0c:2f:57:df:-63 5e:62:8b:28:97:ae:-39 5e:62:8b:28:98:fb:-64 50:91:e3:f8:87:29:-51 5e:62:8b:28:97:af:-42 ec:f4:0c:2f:57:dc:-63 6c:cd:d6:ca:90:e1:-51 38:91:b7:1a:22:e0:-65 00:df:1d:de:de:ff:-89 5e:62:8b:28:99:e3:-60 00:df:1d:de:de:fe:-89 5c:62:8b:68:97:ae:-39 38:91:b7:19:2e:4e:-44 38:91:b7:1a:22:ee:-71 38:91:b7:1c:76:53:-68 38:91:b7:1c:08:4f:-81 1c:61:b4:88:79:ca:-51 52:91:e3:78:87:29:-63 38:91:b7:1c:08:4e:-81 5c:62:8b:68:98:fb:-64 38:91:b7:1c:08:4d:-81 50:91:e3:f8:87:2b:-63 6c:cd:d6:ca:90:e2:-63 38:91:b7:1c:76:50:-70 ec:f4:0c:2f:57:dd:-63 38:91:b7:1c:0b:de:-67 38:91:b7:1a:22:ef:-72 5c:62:8b:68:97:af:-43 38:91:b7:1a:22:e2:-65 54:af:97:56:4d:dd:-49 00:df:1d:de:de:fd:-89 38:91:b7:1c:0b:df:-67 38:91:b7:1c:08:4c:-81 38:91:b7:1c:0b:dd:-67 5c:62:8b:68:99:e3:-59]] GPS:{Latitude:0 Longitude:0 Altitude:0}} 
2025-07-09 06:43:58 [37m[DEBUG][0m [PID-15] analysis.go func2:126 [raaise-18-06] nb1 classified 1.674299386s 
2025-07-09 06:43:58 [37m[DEBUG][0m [PID-15] analysis.go func2:126 [raaise-18-06] nb1 classified 1.875847047s 
2025-07-09 06:43:58 [37m[DEBUG][0m [PID-15] analysis.go func1:112 [raaise-18-06] python classified 687.008696ms 
2025-07-09 06:43:58 [37m[DEBUG][0m [PID-15] analysis.go func2:126 [raaise-18-06] nb1 classified 1.660270834s 
2025-07-09 06:43:58 [37m[DEBUG][0m [PID-15] analysis.go AnalyzeSensorData:222 [raaise-18-06] analyzed in 1.661276524s 
2025-07-09 06:43:58 [37m[DEBUG][0m [PID-15] analysis.go func2:126 [raaise-18-06] nb1 classified 1.654135913s 
2025-07-09 06:43:58 [37m[DEBUG][0m [PID-15] analysis.go func2:126 [raaise-18-06] nb1 classified 1.310074264s 
2025-07-09 06:43:58 [37m[DEBUG][0m [PID-15] analysis.go func2:126 [raaise-18-06] nb1 classified 1.299312646s 
2025-07-09 06:43:58 [37m[DEBUG][0m [PID-15] analysis.go func2:126 [raaise-18-06] nb1 classified 1.773699331s 
2025-07-09 06:43:58 [37m[DEBUG][0m [PID-15] analysis.go AnalyzeSensorData:222 [raaise-18-06] analyzed in 1.370047937s 
2025-07-09 06:43:59 [37m[DEBUG][0m [PID-15] analysis.go AnalyzeSensorData:222 [raaise-18-06] analyzed in 1.402639349s 
2025-07-09 06:43:59 [37m[DEBUG][0m [PID-15] analysis.go func2:126 [raaise-18-06] nb1 classified 2.055250322s 
2025-07-09 06:43:59 [37m[DEBUG][0m [PID-15] analysis.go AnalyzeSensorData:222 [raaise-18-06] analyzed in 2.056074112s 
2025-07-09 06:43:59 [37m[DEBUG][0m [PID-15] analysis.go func1:112 [raaise-18-06] python classified 403.22213ms 
2025-07-09 06:43:59 [31m[ERROR][0m [PID-15] analysis.go AnalyzeSensorData:222 problem analyzing: no predictions 
2025-07-09 06:43:59 [33m[WARN][0m [PID-15] calibration.go func1:202 problem with machine learnaing: problem analyzing: no predictions: {Timestamp:1750211090906 Family:raaise-18-06 Device:user 2 Location:a13 Sensors:map[bluetooth:map[] wifi:map[38:91:b7:1c:01:be:-65 38:91:b7:19:2e:4c:-47 38:91:b7:1c:01:bc:-65 38:91:b7:1c:76:52:-73 38:91:b7:1c:0b:de:-66 ec:f4:0c:2f:57:dd:-62 38:91:b7:1a:22:e2:-64 1c:61:b4:88:79:cc:-56 5c:62:8b:68:93:af:-68 38:91:b7:1c:66:0f:-77 5e:62:8b:28:93:af:-68 38:91:b7:1c:76:5f:-78 38:91:b7:1a:22:ef:-68 aa:61:b4:88:79:cf:-57 38:91:b7:1c:66:0e:-77 38:91:b7:1c:01:bd:-65 38:91:b7:1c:66:0c:-77 38:91:b7:1c:76:53:-73 38:91:b7:1c:0b:dc:-66 38:91:b7:1c:66:0d:-77 aa:61:b4:88:79:ce:-57 5c:62:8b:68:95:db:-56 00:df:1d:de:de:ff:-88 38:91:b7:1a:22:e1:-65 62:61:b4:88:79:ce:-46 38:91:b7:1c:0b:df:-66 5e:62:8b:28:99:e2:-57 5e:62:8b:28:95:db:-55 38:91:b7:19:2e:4f:-47 1c:61:b4:88:79:ca:-53 38:91:b7:1c:08:4f:-81 86:69:93:27:ad:35:-62 5e:62:8b:28:97:af:-42 1c:61:b4:88:79:cb:-46 38:91:b7:19:2e:4e:-47 5c:62:8b:68:97:af:-40 5e:62:8b:28:99:e3:-56 38:91:b7:1a:22:ed:-68 38:91:b7:1c:76:5c:-78 9c:a2:f4:58:88:db:-59 00:df:1d:de:de:fd:-89 ec:f4:0c:2f:57:dc:-62 38:91:b7:1a:22:ee:-68 5c:62:8b:68:97:ae:-44 00:df:1d:de:de:fc:-88 38:91:b7:1c:76:5d:-78 38:91:b7:1c:76:5e:-78 5e:62:8b:28:97:ae:-43 00:df:1d:de:de:fe:-88 6c:cd:d6:ca:90:e1:-60 38:91:b7:1c:76:50:-76 38:91:b7:1c:76:51:-76 38:91:b7:1c:08:4e:-81 38:91:b7:1c:0b:dd:-66 38:91:b7:1a:22:ec:-68 6c:cd:d6:ca:90:e2:-58 38:91:b7:1a:22:e3:-65 54:af:97:56:4d:dd:-55 38:91:b7:1c:08:4c:-81 9a:61:b4:88:79:cc:-52 54:af:97:56:4d:dc:-47 50:91:e3:f8:87:2b:-57 38:91:b7:19:2e:4d:-47 38:91:b7:1c:01:bf:-65 ec:f4:0c:2f:57:de:-62 38:91:b7:1c:08:4d:-81 ec:f4:0c:2f:57:df:-62]] GPS:{Latitude:0 Longitude:0 Altitude:0}} 
2025-07-09 06:43:59 [37m[DEBUG][0m [PID-15] analysis.go func2:126 [raaise-18-06] nb1 classified 1.48092452s 
2025-07-09 06:43:59 [31m[ERROR][0m [PID-15] analysis.go AnalyzeSensorData:222 problem analyzing: no predictions 
2025-07-09 06:43:59 [33m[WARN][0m [PID-15] calibration.go func1:202 problem with machine learnaing: problem analyzing: no predictions: {Timestamp:1750210537861 Family:raaise-18-06 Device:user 1 Location:a13 Sensors:map[bluetooth:map[] wifi:map[5e:62:8b:28:95:da:-55 9c:a2:f4:58:88:db:-51 6c:cd:d6:ca:90:e2:-63 ec:f4:0c:2f:57:dc:-63 38:91:b7:1c:76:51:-71 38:91:b7:1c:0b:de:-68 00:df:1d:de:de:fe:-90 38:91:b7:19:2e:4d:-46 38:91:b7:1c:0b:dd:-67 38:91:b7:1c:76:50:-69 52:91:e3:28:87:29:-52 38:91:b7:1a:22:e0:-66 1c:61:b4:88:79:ca:-50 38:91:b7:1a:22:e2:-66 38:91:b7:1c:76:52:-71 ec:f4:0c:2f:57:df:-63 00:df:1d:de:de:fd:-91 50:91:e3:f8:87:29:-49 38:91:b7:1c:0b:dc:-67 ec:f4:0c:2f:57:dd:-63 38:91:b7:1a:22:ed:-69 86:69:93:27:ad:35:-57 ec:f4:0c:2f:57:de:-63 5e:62:8b:28:97:ae:-40 00:df:1d:de:de:fc:-89 38:91:b7:1a:22:ef:-69 38:91:b7:1c:08:4f:-82 38:91:b7:1c:08:4e:-81 38:91:b7:1a:22:e1:-64 5e:62:8b:28:97:af:-43 5e:62:8b:28:98:fb:-62 00:df:1d:de:de:ff:-90 38:91:b7:19:2e:4e:-46 6c:cd:d6:ca:90:e1:-52 38:91:b7:1a:22:ee:-69 38:91:b7:1c:0b:df:-68 00:df:1d:de:de:f3:-87 38:91:b7:1c:08:4d:-81 38:91:b7:1a:22:e3:-66 54:af:97:56:4d:dc:-49 38:91:b7:19:2e:4c:-46 38:91:b7:1a:22:ec:-69 5e:62:8b:28:93:af:-69 38:91:b7:19:2e:4f:-44 38:91:b7:1c:76:53:-71 54:af:97:56:4d:dd:-51 38:91:b7:1c:08:4c:-81]] GPS:{Latitude:0 Longitude:0 Altitude:0}} 
2025-07-09 06:43:59 [37m[DEBUG][0m [PID-15] analysis.go func2:126 [raaise-18-06] nb1 classified 1.737185831s 
2025-07-09 06:43:59 [37m[DEBUG][0m [PID-15] analysis.go AnalyzeSensorData:222 [raaise-18-06] analyzed in 1.738120932s 
2025-07-09 06:43:59 [37m[DEBUG][0m [PID-15] analysis.go func2:126 [raaise-18-06] nb1 classified 1.303898784s 
2025-07-09 06:43:59 [31m[ERROR][0m [PID-15] analysis.go AnalyzeSensorData:222 problem analyzing: no predictions 
2025-07-09 06:43:59 [33m[WARN][0m [PID-15] calibration.go func1:202 problem with machine learnaing: problem analyzing: no predictions: {Timestamp:1750210523366 Family:raaise-18-06 Device:intruder Location:a13 Sensors:map[bluetooth:map[] wifi:map[38:91:b7:1c:66:0d:-81 5e:62:8b:28:98:fb:-59 38:91:b7:1c:08:4f:-82 00:df:1d:de:de:ff:-91 38:91:b7:1a:22:e0:-61 38:91:b7:1c:76:53:-73 62:61:b4:88:79:ce:-48 00:df:1d:de:de:fd:-90 ec:f4:0c:2f:57:de:-68 6c:cd:d6:ca:90:e2:-65 38:91:b7:1c:0b:dd:-66 38:91:b7:19:2e:4d:-45 5c:62:8b:68:99:e2:-57 38:91:b7:1c:76:50:-73 5e:62:8b:28:99:e3:-59 38:91:b7:1c:08:4d:-82 5e:62:8b:28:97:ae:-38 38:91:b7:1a:22:ec:-70 00:df:1d:de:de:fc:-89 38:91:b7:1a:22:ef:-71 38:91:b7:1c:0b:df:-66 38:91:b7:1c:0b:dc:-66 86:69:93:27:ad:35:-57 38:91:b7:1c:66:0c:-81 9c:a2:f4:58:88:db:-63 ec:f4:0c:2f:57:df:-68 54:af:97:56:4d:dd:-47 50:91:e3:f8:87:2b:-64 38:91:b7:19:2e:4f:-45 38:91:b7:1c:0b:de:-66 38:91:b7:1a:22:e1:-61 54:af:97:56:4d:dc:-52 38:91:b7:1a:22:ee:-71 00:df:1d:de:de:fe:-90 ec:f4:0c:2f:57:dd:-68 1c:61:b4:88:79:ca:-49 38:91:b7:1a:22:e2:-61 1c:61:b4:88:79:cc:-54 1c:61:b4:88:79:cb:-49 38:91:b7:19:2e:4e:-45 38:91:b7:1c:76:52:-72 5e:62:8b:28:97:af:-41 38:91:b7:1a:22:e3:-62 38:91:b7:1c:08:4e:-81 38:91:b7:1c:66:0f:-80 38:91:b7:1c:08:4c:-82 5c:62:8b:68:98:fb:-59 38:91:b7:1c:76:51:-73 38:91:b7:1a:22:ed:-70 6c:cd:d6:ca:90:e1:-51 ec:f4:0c:2f:57:dc:-68 38:91:b7:19:2e:4c:-45 38:91:b7:1c:66:0e:-80 5e:62:8b:28:95:da:-54]] GPS:{Latitude:0 Longitude:0 Altitude:0}} 
2025-07-09 06:43:59 [37m[DEBUG][0m [PID-15] analysis.go func2:126 [raaise-18-06] nb1 classified 2.218135664s 
2025-07-09 06:43:59 [37m[DEBUG][0m [PID-15] analysis.go func1:112 [raaise-18-06] python classified 452.097493ms 
2025-07-09 06:43:59 [31m[ERROR][0m [PID-15] analysis.go AnalyzeSensorData:222 problem analyzing: no predictions 
2025-07-09 06:43:59 [33m[WARN][0m [PID-15] calibration.go func1:202 problem with machine learnaing: problem analyzing: no predictions: {Timestamp:1750213447826 Family:raaise-18-06 Device:user 2 Location:a15 Sensors:map[bluetooth:map[] wifi:map[9c:a2:f4:58:88:db:-64 38:91:b7:1c:66:0c:-68 38:91:b7:1c:01:bd:-60 00:df:1d:de:de:ff:-86 38:91:b7:1c:08:4e:-73 00:df:1d:de:de:fc:-85 ec:f4:0c:2f:57:de:-66 aa:61:b4:88:79:cf:-70 38:91:b7:1c:76:51:-65 ec:f4:0c:2f:57:dc:-66 52:91:e3:28:87:29:-66 38:91:b7:1c:76:52:-66 38:91:b7:1c:76:5e:-74 50:91:e3:f8:87:2b:-66 38:91:b7:1c:01:bc:-60 5c:62:8b:68:98:fb:-65 38:91:b7:19:2e:4c:-55 54:af:97:56:4d:dc:-51 38:91:b7:1c:66:0f:-68 38:91:b7:1c:66:0e:-68 00:df:1d:de:de:fd:-85 1c:61:b4:88:79:cb:-46 54:af:97:56:4d:dd:-61 5c:62:8b:68:97:ae:-84 38:91:b7:1c:76:5c:-73 38:91:b7:1c:0b:dd:-54 38:91:b7:1a:22:ed:-73 38:91:b7:1c:01:be:-59 38:91:b7:1c:0b:dc:-54 38:91:b7:19:2e:4d:-55 38:91:b7:1c:76:53:-66 1c:61:b4:88:79:ca:-54 18:a6:f7:21:47:c6:-91 38:91:b7:19:2e:4f:-55 38:91:b7:1a:22:ee:-73 38:91:b7:1c:0b:de:-53 ec:f4:0c:2f:57:df:-66 62:61:b4:88:79:ce:-46 38:91:b7:1c:0b:df:-53 38:91:b7:1c:08:4c:-74 00:df:1d:de:de:fe:-85 38:91:b7:1a:22:ec:-73 5e:62:8b:28:93:af:-61 6c:cd:d6:ca:90:e2:-68 ec:f4:0c:2f:57:dd:-66 38:91:b7:1c:76:5d:-74 38:91:b7:1a:22:ef:-73 52:91:e3:78:87:29:-66 6c:cd:d6:ca:90:e1:-60 5e:62:8b:28:97:ae:-38 38:91:b7:19:2e:4e:-54 5e:62:8b:28:98:fb:-66 38:91:b7:1c:01:bf:-59 5c:62:8b:68:97:af:-49 38:91:b7:1c:76:5f:-73 38:91:b7:1c:66:0d:-68 38:91:b7:1c:08:4f:-74 38:91:b7:1c:76:50:-67 38:91:b7:1c:08:4d:-74 5e:62:8b:28:95:db:-48]] GPS:{Latitude:0 Longitude:0 Altitude:0}} 
2025-07-09 06:43:59 [37m[DEBUG][0m [PID-15] analysis.go AnalyzeSensorData:222 [raaise-18-06] analyzed in 2.261360294s 
2025-07-09 06:43:59 [31m[ERROR][0m [PID-15] analysis.go AnalyzeSensorData:222 problem analyzing: no predictions 
2025-07-09 06:43:59 [33m[WARN][0m [PID-15] calibration.go func1:202 problem with machine learnaing: problem analyzing: no predictions: {Timestamp:1750226385562 Family:raaise-18-06 Device:user 1 Location:a15 Sensors:map[bluetooth:map[] wifi:map[9a:61:b4:88:79:cc:-60 5c:62:8b:68:95:da:-43 ec:f4:0c:2f:57:df:-74 38:91:b7:1c:76:51:-61 38:91:b7:1c:0b:dd:-52 38:91:b7:19:2e:4e:-54 6c:cd:d6:ca:90:e1:-66 38:91:b7:1a:22:e3:-76 ec:f4:0c:2f:57:dc:-74 38:91:b7:1c:08:4d:-72 5e:62:8b:28:98:fb:-72 38:91:b7:19:2e:4c:-54 9c:a2:f4:58:88:db:-68 50:91:e3:f8:87:2b:-78 1c:61:b4:88:79:cc:-68 38:91:b7:1c:0b:dc:-52 5e:62:8b:28:95:da:-43 38:91:b7:1c:08:4e:-73 38:91:b7:1c:08:4f:-72 38:91:b7:1c:08:4c:-73 1c:61:b4:88:79:ca:-60 ec:f4:0c:2f:57:de:-74 5e:62:8b:28:95:db:-51 38:91:b7:1c:76:50:-60 38:91:b7:1c:0b:df:-52 38:91:b7:1c:0b:de:-52 38:91:b7:19:2e:4f:-54 5e:62:8b:28:97:af:-47 54:af:97:56:4d:dc:-60 38:91:b7:1c:76:53:-60 38:91:b7:1c:76:52:-61 6c:cd:d6:ca:90:e2:-73 54:af:97:56:4d:dd:-61 ec:f4:0c:2f:57:dd:-74 38:91:b7:1a:22:e0:-76 38:91:b7:1a:22:e2:-76 5e:62:8b:28:97:ae:-41 50:91:e3:f8:87:29:-70 38:91:b7:19:2e:4d:-55 aa:61:b4:88:79:cf:-66 38:91:b7:1a:22:e1:-76 86:69:93:27:ad:35:-69]] GPS:{Latitude:0 Longitude:0 Altitude:0}} 
2025-07-09 06:43:59 [37m[DEBUG][0m [PID-15] analysis.go func2:126 [raaise-18-06] nb1 classified 1.544466978s 
2025-07-09 06:43:59 [37m[DEBUG][0m [PID-15] analysis.go AnalyzeSensorData:222 [raaise-18-06] analyzed in 1.54587253s 
2025-07-09 06:43:59 [31m[ERROR][0m [PID-15] analysis.go AnalyzeSensorData:222 problem analyzing: no predictions 
2025-07-09 06:43:59 [33m[WARN][0m [PID-15] calibration.go func1:202 problem with machine learnaing: problem analyzing: no predictions: {Timestamp:1750226326011 Family:raaise-18-06 Device:user 2 Location:a15 Sensors:map[wifi:map[5e:62:8b:28:95:da:-42 38:91:b7:1c:08:4e:-70 00:df:1d:de:de:fd:-90 38:91:b7:1c:0b:dd:-47 38:91:b7:1c:01:bf:-63 00:df:1d:de:de:fe:-90 86:69:93:27:ad:35:-65 5e:62:8b:28:97:af:-45 62:61:b4:88:79:ce:-51 38:91:b7:1c:0b:de:-47 9c:a2:f4:58:88:db:-66 38:91:b7:1c:76:5d:-70 38:91:b7:1a:22:ef:-77 38:91:b7:1c:66:0c:-70 50:91:e3:f8:87:2b:-68 5c:62:8b:68:95:db:-46 38:91:b7:1c:66:0f:-70 ec:f4:0c:2f:57:dc:-69 54:af:97:56:4d:dc:-53 38:91:b7:1a:22:ec:-77 38:91:b7:1c:08:4f:-70 6c:cd:d6:ca:90:e2:-70 38:91:b7:1c:08:4d:-70 38:91:b7:1a:22:ed:-76 54:af:97:56:4d:dd:-54 38:91:b7:1a:22:ee:-77 38:91:b7:1c:76:5f:-71 5e:62:8b:28:97:ae:-42 5c:62:8b:68:95:da:-46 ec:f4:0c:2f:57:de:-69 6c:cd:d6:ca:90:e1:-60 38:91:b7:1c:76:5c:-70 1c:61:b4:88:79:cb:-51 38:91:b7:1c:08:4c:-69 38:91:b7:1c:0b:df:-47 00:df:1d:de:de:fc:-91 00:df:1d:de:de:ff:-90 38:91:b7:1c:01:bc:-63 ec:f4:0c:2f:57:df:-69 38:91:b7:1c:76:51:-57 38:91:b7:1c:01:bd:-64 38:91:b7:1c:66:0e:-70 38:91:b7:1c:76:50:-57 1c:61:b4:88:79:ca:-52 38:91:b7:1c:66:0d:-70 ec:f4:0c:2f:57:dd:-68 18:a6:f7:21:47:c6:-84 38:91:b7:1c:01:be:-64 38:91:b7:1c:76:5e:-70 5e:62:8b:28:95:db:-45 38:91:b7:1c:0b:dc:-47] bluetooth:map[]] GPS:{Latitude:0 Longitude:0 Altitude:0}} 
2025-07-09 06:44:00 [37m[DEBUG][0m [PID-15] analysis.go func1:112 [raaise-18-06] python classified 654.434466ms 
2025-07-09 06:44:00 [37m[DEBUG][0m [PID-15] analysis.go func1:112 [raaise-18-06] python classified 629.617805ms 
2025-07-09 06:44:00 [37m[DEBUG][0m [PID-15] analysis.go func2:126 [raaise-18-06] nb1 classified 1.580688979s 
2025-07-09 06:44:00 [31m[ERROR][0m [PID-15] analysis.go AnalyzeSensorData:222 problem analyzing: no predictions 
2025-07-09 06:44:00 [33m[WARN][0m [PID-15] calibration.go func1:202 problem with machine learnaing: problem analyzing: no predictions: {Timestamp:1750227015564 Family:raaise-18-06 Device:user 1 Location:a15 Sensors:map[bluetooth:map[] wifi:map[38:91:b7:19:2e:4f:-55 54:af:97:56:4d:dd:-63 1c:61:b4:88:79:ca:-60 38:91:b7:1c:0b:de:-52 38:91:b7:1c:76:50:-60 38:91:b7:19:2e:4d:-56 5e:62:8b:28:95:da:-43 50:91:e3:f8:87:29:-70 52:91:e3:78:87:29:-78 38:91:b7:1c:08:4c:-73 ec:f4:0c:2f:57:df:-74 38:91:b7:19:2e:4e:-55 5e:62:8b:28:97:ae:-42 38:91:b7:1c:0b:dd:-52 38:91:b7:1c:08:4f:-73 ec:f4:0c:2f:57:dd:-74 38:91:b7:1c:76:53:-61 6c:cd:d6:ca:90:e2:-72 18:a6:f7:21:47:c6:-91 50:91:e3:f8:87:2b:-78 38:91:b7:19:2e:4c:-56 38:91:b7:1c:76:52:-59 5e:62:8b:28:95:db:-50 38:91:b7:1c:76:51:-60 52:91:e3:28:87:29:-70 38:91:b7:1c:08:4d:-73 ec:f4:0c:2f:57:dc:-74 38:91:b7:1c:08:4e:-73 38:91:b7:1c:0b:dc:-52 5e:62:8b:28:97:af:-47 ec:f4:0c:2f:57:de:-74 38:91:b7:1c:0b:df:-52 9a:61:b4:88:79:cc:-60]] GPS:{Latitude:0 Longitude:0 Altitude:0}} 
2025-07-09 06:44:00 [37m[DEBUG][0m [PID-15] analysis.go func2:126 [raaise-18-06] nb1 classified 1.450520573s 
2025-07-09 06:44:00 [31m[ERROR][0m [PID-15] analysis.go AnalyzeSensorData:222 problem analyzing: no predictions 
2025-07-09 06:44:00 [33m[WARN][0m [PID-15] calibration.go func1:202 problem with machine learnaing: problem analyzing: no predictions: {Timestamp:1750212414386 Family:raaise-18-06 Device:user 1 Location:a15 Sensors:map[wifi:map[38:91:b7:1c:08:4f:-76 50:91:e3:f8:87:2b:-70 5c:62:8b:68:97:af:-45 38:91:b7:1c:0b:dc:-52 38:91:b7:1c:0b:df:-52 ec:f4:0c:2f:57:dd:-68 5e:62:8b:28:95:da:-43 38:91:b7:19:2e:4d:-50 54:af:97:56:4d:dc:-54 6c:cd:d6:ca:90:e2:-69 00:df:1d:de:de:fe:-86 38:91:b7:1c:76:52:-61 9c:a2:f4:58:88:db:-59 00:df:1d:de:de:ff:-86 38:91:b7:1c:76:51:-62 5e:62:8b:28:97:af:-46 52:91:e3:28:87:29:-61 38:91:b7:1c:08:4c:-77 38:91:b7:19:2e:4c:-50 5e:62:8b:28:98:fb:-67 5e:62:8b:28:99:e3:-63 38:91:b7:1c:0b:de:-52 ec:f4:0c:2f:57:de:-69 50:91:e3:f8:87:29:-61 38:91:b7:1c:0b:dd:-52 38:91:b7:19:2e:4e:-50 38:91:b7:19:2e:4f:-50 86:69:93:27:ad:35:-65 00:df:1d:de:de:fd:-86 6c:cd:d6:ca:90:e1:-56 5e:62:8b:28:95:db:-46 5e:62:8b:28:97:ae:-48 00:df:1d:de:de:fc:-86 38:91:b7:1c:08:4e:-76 1c:61:b4:88:79:ca:-56 ec:f4:0c:2f:57:df:-69 5c:62:8b:68:99:e3:-63 38:91:b7:1c:76:53:-62 38:91:b7:1c:08:4d:-76 ec:f4:0c:2f:57:dc:-69 54:af:97:56:4d:dd:-57 38:91:b7:1c:76:50:-62 52:91:e3:78:87:29:-70] bluetooth:map[]] GPS:{Latitude:0 Longitude:0 Altitude:0}} 
2025-07-09 06:44:00 [37m[DEBUG][0m [PID-15] analysis.go AnalyzeSensorData:222 [raaise-18-06] analyzed in 1.46540135s 
2025-07-09 06:44:00 [37m[DEBUG][0m [PID-15] analysis.go func1:112 [raaise-18-06] python classified 651.881476ms 
2025-07-09 06:44:00 [37m[DEBUG][0m [PID-15] analysis.go func1:112 [raaise-18-06] python classified 638.474817ms 
2025-07-09 06:44:00 [31m[ERROR][0m [PID-15] analysis.go AnalyzeSensorData:222 problem analyzing: no predictions 
2025-07-09 06:44:00 [33m[WARN][0m [PID-15] calibration.go func1:202 problem with machine learnaing: problem analyzing: no predictions: {Timestamp:1750212269389 Family:raaise-18-06 Device:user 1 Location:a15 Sensors:map[bluetooth:map[] wifi:map[50:91:e3:f8:87:2b:-72 6c:cd:d6:ca:90:e2:-67 54:af:97:56:4d:dc:-54 38:91:b7:1c:76:50:-61 5c:62:8b:68:97:ae:-46 38:91:b7:1c:08:4e:-75 38:91:b7:1c:08:4c:-76 5c:62:8b:68:99:e3:-63 38:91:b7:1c:0b:dd:-50 38:91:b7:1c:76:53:-59 00:df:1d:de:de:fc:-87 38:91:b7:1c:0b:dc:-51 5e:62:8b:28:98:fb:-67 38:91:b7:1c:0b:de:-50 ec:f4:0c:2f:57:dd:-69 5e:62:8b:28:95:db:-45 5e:62:8b:28:97:af:-46 38:91:b7:19:2e:4d:-49 1c:61:b4:88:79:ca:-58 52:91:e3:78:87:29:-72 38:91:b7:1c:76:51:-61 5e:62:8b:28:99:e2:-64 ec:f4:0c:2f:57:dc:-69 00:df:1d:de:de:ff:-87 00:df:1d:de:de:fd:-87 00:df:1d:de:de:f2:-80 5e:62:8b:28:97:ae:-46 18:a6:f7:21:47:c6:-92 38:91:b7:1c:08:4f:-76 38:91:b7:1c:0b:df:-50 9c:a2:f4:58:88:db:-64 38:91:b7:1a:22:e1:-68 54:af:97:56:4d:dd:-59 50:91:e3:f8:87:29:-63 38:91:b7:19:2e:4c:-49 6c:cd:d6:ca:90:e1:-55 00:df:1d:de:de:fe:-87 38:91:b7:1c:08:4d:-76 38:91:b7:19:2e:4e:-49 86:69:93:27:ad:35:-63 52:91:e3:28:87:29:-64 ec:f4:0c:2f:57:de:-69 38:91:b7:19:2e:4f:-49 5c:62:8b:68:97:af:-45 5e:62:8b:28:99:e3:-63 ec:f4:0c:2f:57:df:-68 38:91:b7:1c:76:52:-61]] GPS:{Latitude:0 Longitude:0 Altitude:0}} 
2025-07-09 06:44:00 [37m[DEBUG][0m [PID-15] analysis.go func2:126 [raaise-18-06] nb1 classified 1.469440568s 
2025-07-09 06:44:00 [37m[DEBUG][0m [PID-15] analysis.go func2:126 [raaise-18-06] nb1 classified 1.459752361s 
2025-07-09 06:44:00 [37m[DEBUG][0m [PID-15] analysis.go func2:126 [raaise-18-06] nb1 classified 1.624823443s 
2025-07-09 06:44:00 [37m[DEBUG][0m [PID-15] analysis.go AnalyzeSensorData:222 [raaise-18-06] analyzed in 1.625715025s 
2025-07-09 06:44:00 [37m[DEBUG][0m [PID-15] analysis.go func2:126 [raaise-18-06] nb1 classified 1.11714481s 
2025-07-09 06:44:00 [37m[DEBUG][0m [PID-15] analysis.go func2:126 [raaise-18-06] nb1 classified 1.796793863s 
2025-07-09 06:44:00 [37m[DEBUG][0m [PID-15] analysis.go func2:126 [raaise-18-06] nb1 classified 1.210596816s 
2025-07-09 06:44:00 [37m[DEBUG][0m [PID-15] analysis.go func1:112 [raaise-18-06] python classified 548.764246ms 
2025-07-09 06:44:00 [37m[DEBUG][0m [PID-15] analysis.go func2:126 [raaise-18-06] nb1 classified 1.476613306s 
2025-07-09 06:44:00 [37m[DEBUG][0m [PID-15] analysis.go func1:112 [raaise-18-06] python classified 604.288857ms 
2025-07-09 06:44:00 [37m[DEBUG][0m [PID-15] analysis.go func1:112 [raaise-18-06] python classified 657.134338ms 
2025-07-09 06:44:00 [37m[DEBUG][0m [PID-15] analysis.go func2:126 [raaise-18-06] nb1 classified 1.736192848s 
2025-07-09 06:44:00 [37m[DEBUG][0m [PID-15] analysis.go func2:126 [raaise-18-06] nb1 classified 1.57843225s 
2025-07-09 06:44:00 [37m[DEBUG][0m [PID-15] analysis.go AnalyzeSensorData:222 [raaise-18-06] analyzed in 1.579342251s 
2025-07-09 06:44:01 [37m[DEBUG][0m [PID-15] analysis.go func1:112 [raaise-18-06] python classified 627.097587ms 
2025-07-09 06:44:01 [37m[DEBUG][0m [PID-15] analysis.go func2:126 [raaise-18-06] nb1 classified 1.56042623s 
2025-07-09 06:44:01 [37m[DEBUG][0m [PID-15] analysis.go func1:112 [raaise-18-06] python classified 370.683786ms 
2025-07-09 06:44:01 [37m[DEBUG][0m [PID-15] analysis.go func2:126 [raaise-18-06] nb1 classified 1.334771853s 
2025-07-09 06:44:01 [37m[DEBUG][0m [PID-15] analysis.go AnalyzeSensorData:222 [raaise-18-06] analyzed in 1.575686646s 
2025-07-09 06:44:01 [37m[DEBUG][0m [PID-15] analysis.go func2:126 [raaise-18-06] nb1 classified 1.610169037s 
2025-07-09 06:44:01 [37m[DEBUG][0m [PID-15] analysis.go AnalyzeSensorData:222 [raaise-18-06] analyzed in 1.612864018s 
2025-07-09 06:44:01 [37m[DEBUG][0m [PID-15] analysis.go func2:126 [raaise-18-06] nb1 classified 1.920245975s 
2025-07-09 06:44:01 [37m[DEBUG][0m [PID-15] analysis.go AnalyzeSensorData:222 [raaise-18-06] analyzed in 1.921054463s 
2025-07-09 06:44:01 [37m[DEBUG][0m [PID-15] analysis.go func2:126 [raaise-18-06] nb1 classified 958.560158ms 
2025-07-09 06:44:01 [37m[DEBUG][0m [PID-15] analysis.go AnalyzeSensorData:222 [raaise-18-06] analyzed in 959.321703ms 
2025-07-09 06:44:01 [37m[DEBUG][0m [PID-15] analysis.go func1:112 [raaise-18-06] python classified 364.886561ms 
2025-07-09 06:44:01 [37m[DEBUG][0m [PID-15] analysis.go func2:126 [raaise-18-06] nb1 classified 1.349939137s 
2025-07-09 06:44:01 [37m[DEBUG][0m [PID-15] analysis.go AnalyzeSensorData:222 [raaise-18-06] analyzed in 1.350805912s 
2025-07-09 06:44:01 [37m[DEBUG][0m [PID-15] analysis.go func2:126 [raaise-18-06] nb1 classified 1.338022132s 
2025-07-09 06:44:01 [37m[DEBUG][0m [PID-15] analysis.go AnalyzeSensorData:222 [raaise-18-06] analyzed in 1.338812474s 
2025-07-09 06:44:01 [37m[DEBUG][0m [PID-15] analysis.go func2:126 [raaise-18-06] nb1 classified 952.26138ms 
2025-07-09 06:44:01 [37m[DEBUG][0m [PID-15] analysis.go func1:112 [raaise-18-06] python classified 375.104098ms 
2025-07-09 06:44:01 [31m[ERROR][0m [PID-15] analysis.go AnalyzeSensorData:222 problem analyzing: no predictions 
2025-07-09 06:44:01 [33m[WARN][0m [PID-15] calibration.go func1:202 problem with machine learnaing: problem analyzing: no predictions: {Timestamp:1750213122825 Family:raaise-18-06 Device:user 2 Location:a15 Sensors:map[bluetooth:map[] wifi:map[00:df:1d:de:de:fd:-88 38:91:b7:1c:76:5d:-73 38:91:b7:19:2e:4e:-59 38:91:b7:1a:22:e1:-71 38:91:b7:1c:76:50:-63 38:91:b7:1a:22:e0:-71 00:df:1d:de:de:ff:-87 38:91:b7:1a:22:ed:-75 38:91:b7:1c:01:bc:-61 38:91:b7:19:2e:4d:-59 5e:62:8b:28:93:af:-58 5e:62:8b:28:95:db:-44 38:91:b7:1c:08:4d:-74 38:91:b7:1c:0b:df:-52 38:91:b7:1c:01:bd:-61 5c:62:8b:68:93:af:-58 38:91:b7:1c:66:0d:-70 50:91:e3:f8:87:2b:-71 38:91:b7:1c:66:0f:-70 5c:62:8b:68:95:da:-41 38:91:b7:19:2e:4f:-59 38:91:b7:1a:22:e3:-71 38:91:b7:1c:08:4e:-73 38:91:b7:1c:0b:dc:-52 38:91:b7:1c:76:51:-64 38:91:b7:1c:66:0e:-68 1c:61:b4:88:79:cb:-47 38:91:b7:1a:9d:20:-89 aa:61:b4:88:79:cf:-64 38:91:b7:1c:01:bf:-61 38:91:b7:1c:0b:de:-52 1c:61:b4:88:79:cc:-64 38:91:b7:19:2e:4c:-59 00:df:1d:de:de:fc:-88 00:df:1d:de:de:fe:-87 6c:cd:d6:ca:90:e2:-68 9c:a2:f4:58:88:db:-61 38:91:b7:1a:22:ef:-75 54:af:97:56:4d:dd:-60 54:af:97:56:4d:dc:-52 ec:f4:0c:2f:57:df:-68 5e:62:8b:28:97:af:-45 ec:f4:0c:2f:57:de:-69 38:91:b7:1a:9d:23:-89 1c:61:b4:88:79:ca:-54 86:69:93:27:ad:35:-68 38:91:b7:1c:76:5e:-73 38:91:b7:1c:01:be:-61 38:91:b7:1a:22:ec:-75 38:91:b7:1c:76:52:-63 38:91:b7:1c:76:5f:-72 6c:cd:d6:ca:90:e1:-65 38:91:b7:1c:76:5c:-72 ec:f4:0c:2f:57:dd:-68 ec:f4:0c:2f:57:dc:-69 38:91:b7:1c:08:4c:-74 62:61:b4:88:79:ce:-47 38:91:b7:1c:0b:dd:-52 5e:62:8b:28:95:da:-42 38:91:b7:1a:22:ee:-75 5e:62:8b:28:93:ae:-56 38:91:b7:1c:66:0c:-68 5c:62:8b:68:95:db:-46 38:91:b7:1c:08:4f:-74 38:91:b7:1a:22:e2:-71 38:91:b7:1a:9d:22:-89 38:91:b7:1a:9d:21:-89 18:a6:f7:21:47:c6:-84 38:91:b7:1c:76:53:-63]] GPS:{Latitude:0 Longitude:0 Altitude:0}} 
2025-07-09 06:44:01 [37m[DEBUG][0m [PID-15] analysis.go AnalyzeSensorData:222 [raaise-18-06] analyzed in 1.123797636s 
2025-07-09 06:44:01 [37m[DEBUG][0m [PID-15] analysis.go func1:112 [raaise-18-06] python classified 394.946786ms 
2025-07-09 06:44:01 [37m[DEBUG][0m [PID-15] analysis.go func1:112 [raaise-18-06] python classified 396.550436ms 
2025-07-09 06:44:01 [31m[ERROR][0m [PID-15] analysis.go AnalyzeSensorData:222 problem analyzing: no predictions 
2025-07-09 06:44:01 [33m[WARN][0m [PID-15] calibration.go func1:202 problem with machine learnaing: problem analyzing: no predictions: {Timestamp:1750212352820 Family:raaise-18-06 Device:user 2 Location:a15 Sensors:map[bluetooth:map[] wifi:map[38:91:b7:1c:08:4e:-73 5e:62:8b:28:99:e3:-61 6c:cd:d6:ca:90:e2:-70 54:af:97:56:4d:dd:-57 38:91:b7:1a:22:e0:-74 38:91:b7:1c:08:4d:-73 38:91:b7:1c:76:5f:-71 38:91:b7:1a:22:e2:-74 00:df:1d:de:de:fc:-89 38:91:b7:1c:76:52:-66 38:91:b7:19:2e:4e:-54 38:91:b7:1c:76:53:-67 38:91:b7:1c:08:4f:-74 38:91:b7:19:2e:4c:-54 38:91:b7:1a:22:ec:-79 50:91:e3:f8:87:2b:-69 5c:62:8b:68:99:e3:-61 38:91:b7:1c:08:4c:-73 38:91:b7:1c:76:5c:-71 38:91:b7:1c:76:5e:-71 00:df:1d:de:de:ff:-89 5c:62:8b:68:98:fb:-66 aa:61:b4:88:79:cf:-62 5e:62:8b:28:98:fb:-66 50:91:e3:f8:87:29:-62 ec:f4:0c:2f:57:df:-70 ec:f4:0c:2f:57:de:-70 38:91:b7:1a:22:e3:-74 5e:62:8b:28:95:db:-44 00:df:1d:de:de:fd:-89 38:91:b7:1c:76:51:-68 ec:f4:0c:2f:57:dd:-70 86:69:93:27:ad:35:-69 38:91:b7:1c:76:50:-66 38:91:b7:19:2e:4f:-54 1c:61:b4:88:79:ca:-53 ec:f4:0c:2f:57:dc:-68 5c:62:8b:68:97:af:-45 1c:61:b4:88:79:cc:-60 aa:61:b4:88:79:ce:-61 38:91:b7:1a:22:ed:-79 5e:62:8b:28:97:ae:-43 38:91:b7:1c:76:5d:-70 5e:62:8b:28:97:af:-46 54:af:97:56:4d:dc:-54 00:df:1d:de:de:fe:-88 52:91:e3:78:87:29:-69 38:91:b7:19:2e:4d:-54 6c:cd:d6:ca:90:e1:-70 38:91:b7:1a:22:ee:-78 38:91:b7:1a:22:e1:-74 38:91:b7:1a:22:ef:-78]] GPS:{Latitude:0 Longitude:0 Altitude:0}} 
2025-07-09 06:44:02 [37m[DEBUG][0m [PID-15] analysis.go func2:126 [raaise-18-06] nb1 classified 928.450695ms 
2025-07-09 06:44:02 [37m[DEBUG][0m [PID-15] analysis.go AnalyzeSensorData:222 [raaise-18-06] analyzed in 929.353699ms 
2025-07-09 06:44:02 [31m[ERROR][0m [PID-15] analysis.go AnalyzeSensorData:222 problem analyzing: no predictions 
2025-07-09 06:44:02 [33m[WARN][0m [PID-15] calibration.go func1:202 problem with machine learnaing: problem analyzing: no predictions: {Timestamp:1750212377816 Family:raaise-18-06 Device:user 2 Location:a15 Sensors:map[bluetooth:map[] wifi:map[5e:62:8b:28:95:db:-44 38:91:b7:1a:22:e1:-74 38:91:b7:1a:9d:22:-91 9c:a2:f4:58:88:db:-62 ec:f4:0c:2f:57:de:-70 ec:f4:0c:2f:57:dd:-69 54:af:97:56:4d:dd:-56 5e:62:8b:28:97:ae:-43 38:91:b7:1a:22:e2:-73 38:91:b7:19:2e:4f:-54 aa:61:b4:88:79:ce:-61 1c:61:b4:88:79:cc:-61 ec:f4:0c:2f:57:df:-70 aa:61:b4:88:79:cf:-63 5e:62:8b:28:97:af:-46 5c:62:8b:68:99:e3:-61 38:91:b7:1c:76:5e:-71 38:91:b7:1a:22:ec:-78 38:91:b7:1c:76:5d:-70 5e:62:8b:28:99:e3:-61 6c:cd:d6:ca:90:e2:-70 00:df:1d:de:de:fe:-89 38:91:b7:1c:08:4d:-74 9a:61:b4:88:79:cc:-54 38:91:b7:1c:76:50:-62 1c:61:b4:88:79:ca:-54 00:df:1d:de:de:fd:-89 ec:f4:0c:2f:57:dc:-70 00:df:1d:de:de:fc:-89 38:91:b7:19:2e:4d:-54 52:91:e3:78:87:29:-69 5e:62:8b:28:98:fb:-65 18:a6:f7:21:47:c6:-97 38:91:b7:1c:08:4c:-73 38:91:b7:19:2e:4c:-54 86:69:93:27:ad:35:-65 38:91:b7:1a:22:ee:-78 50:91:e3:f8:87:29:-62 38:91:b7:1a:22:ed:-79 38:91:b7:1c:76:51:-67 54:af:97:56:4d:dc:-54 00:df:1d:de:de:ff:-89 38:91:b7:1c:08:4f:-74 5c:62:8b:68:97:af:-45 5e:62:8b:28:93:af:-60 50:91:e3:f8:87:2b:-69 38:91:b7:19:2e:4e:-54 38:91:b7:1c:76:5c:-71 38:91:b7:1a:9d:23:-92 38:91:b7:1c:76:52:-65 38:91:b7:1c:76:5f:-71 38:91:b7:1a:22:e3:-74 6c:cd:d6:ca:90:e1:-68 38:91:b7:1c:08:4e:-74 38:91:b7:1a:22:e0:-74 5c:62:8b:68:98:fb:-66 38:91:b7:1a:9d:21:-91 38:91:b7:1a:22:ef:-79 38:91:b7:1c:76:53:-64]] GPS:{Latitude:0 Longitude:0 Altitude:0}} 
2025-07-09 06:44:02 [31m[ERROR][0m [PID-15] analysis.go AnalyzeSensorData:222 problem analyzing: no predictions 
2025-07-09 06:44:02 [33m[WARN][0m [PID-15] calibration.go func1:202 problem with machine learnaing: problem analyzing: no predictions: {Timestamp:1750212959395 Family:raaise-18-06 Device:user 1 Location:a15 Sensors:map[wifi:map[54:af:97:56:4d:dc:-55 38:91:b7:1c:76:53:-59 38:91:b7:19:2e:4d:-54 ec:f4:0c:2f:57:dd:-69 38:91:b7:1c:0b:df:-52 5c:62:8b:68:95:db:-48 38:91:b7:1c:0b:de:-51 5e:62:8b:28:97:af:-45 38:91:b7:1c:08:4e:-69 9c:a2:f4:58:88:db:-61 38:91:b7:1c:08:4d:-69 6c:cd:d6:ca:90:e1:-69 38:91:b7:1c:0b:dc:-52 38:91:b7:1a:22:e2:-72 38:91:b7:1c:0b:dd:-52 38:91:b7:1c:76:52:-60 9a:61:b4:88:79:cc:-58 5c:62:8b:68:93:af:-59 38:91:b7:1c:76:50:-59 ec:f4:0c:2f:57:de:-70 00:df:1d:de:de:fd:-88 38:91:b7:19:2e:4c:-54 38:91:b7:19:2e:4f:-54 ec:f4:0c:2f:57:df:-70 38:91:b7:1c:08:4c:-69 38:91:b7:1c:08:4f:-69 5c:62:8b:68:95:da:-45 18:a6:f7:21:47:c6:-91 5e:62:8b:28:99:e3:-68 00:df:1d:de:de:fe:-88 00:df:1d:de:de:fc:-88 ec:f4:0c:2f:57:dc:-69 6c:cd:d6:ca:90:e2:-73 54:af:97:56:4d:dd:-65 86:69:93:27:ad:35:-63 38:91:b7:1a:22:e1:-66 50:91:e3:f8:87:29:-64 38:91:b7:19:2e:4e:-54 00:df:1d:de:de:ff:-87 5e:62:8b:28:97:ae:-41 50:91:e3:f8:87:2b:-71 38:91:b7:1a:22:e3:-73 5e:62:8b:28:95:da:-45 5e:62:8b:28:93:af:-59 38:91:b7:1c:76:51:-59 5c:62:8b:68:97:ae:-41 5e:62:8b:28:95:db:-47 1c:61:b4:88:79:ca:-58] bluetooth:map[]] GPS:{Latitude:0 Longitude:0 Altitude:0}} 
2025-07-09 06:44:02 [37m[DEBUG][0m [PID-15] analysis.go func2:126 [raaise-18-06] nb1 classified 1.934214323s 
2025-07-09 06:44:02 [37m[DEBUG][0m [PID-15] analysis.go AnalyzeSensorData:222 [raaise-18-06] analyzed in 1.935171811s 
2025-07-09 06:44:02 [37m[DEBUG][0m [PID-15] analysis.go func1:112 [raaise-18-06] python classified 483.987069ms 
2025-07-09 06:44:02 [31m[ERROR][0m [PID-15] analysis.go AnalyzeSensorData:222 problem analyzing: no predictions 
2025-07-09 06:44:02 [33m[WARN][0m [PID-15] calibration.go func1:202 problem with machine learnaing: problem analyzing: no predictions: {Timestamp:1750212644387 Family:raaise-18-06 Device:user 1 Location:a15 Sensors:map[bluetooth:map[] wifi:map[5e:62:8b:28:95:db:-47 00:df:1d:de:de:f1:-75 38:91:b7:19:2e:4f:-53 ec:f4:0c:2f:57:de:-69 38:91:b7:1a:9d:20:-87 5e:62:8b:28:99:e3:-67 9c:a2:f4:58:88:db:-69 38:91:b7:1c:08:4e:-70 5e:62:8b:28:93:af:-61 38:91:b7:1c:76:53:-63 54:af:97:56:4d:dc:-58 38:91:b7:1c:76:50:-63 38:91:b7:1a:22:e1:-71 1c:61:b4:88:79:ca:-58 38:91:b7:1c:0b:dc:-55 00:df:1d:de:de:ff:-84 00:df:1d:de:de:f2:-75 00:df:1d:de:de:fd:-84 38:91:b7:1c:0b:de:-55 6c:cd:d6:ca:90:e1:-64 5e:62:8b:28:97:ae:-39 38:91:b7:1a:9d:23:-87 38:91:b7:1c:0b:dd:-55 aa:61:b4:88:79:ce:-63 00:df:1d:de:de:f3:-76 5c:62:8b:68:99:e3:-67 38:91:b7:1c:76:52:-62 38:91:b7:1c:76:51:-63 38:91:b7:1c:08:4c:-70 5c:62:8b:68:93:af:-61 5c:62:8b:68:98:fb:-65 52:91:e3:28:87:29:-60 38:91:b7:19:2e:4c:-53 38:91:b7:1a:22:e0:-71 38:91:b7:1a:9d:22:-86 5e:62:8b:28:97:af:-40 5e:62:8b:28:98:fb:-65 ec:f4:0c:2f:57:dc:-69 54:af:97:56:4d:dd:-61 00:df:1d:de:de:fe:-84 00:df:1d:de:de:fc:-84 18:a6:f7:21:47:c6:-85 5c:62:8b:68:97:af:-40 52:91:e3:78:87:29:-71 5c:62:8b:68:95:db:-47 38:91:b7:1c:08:4f:-70 38:91:b7:1c:0b:df:-55 ec:f4:0c:2f:57:dd:-69 9a:61:b4:88:79:cc:-58 ec:f4:0c:2f:57:df:-69 5e:62:8b:28:95:da:-45 38:91:b7:1c:08:4d:-70 38:91:b7:1a:22:e2:-71 38:91:b7:19:2e:4d:-53 38:91:b7:1a:22:e3:-71 6c:cd:d6:ca:90:e2:-67 86:69:93:27:ad:35:-62 38:91:b7:19:2e:4e:-53 50:91:e3:f8:87:29:-59 50:91:e3:f8:87:2b:-68 5c:62:8b:68:97:ae:-42]] GPS:{Latitude:0 Longitude:0 Altitude:0}} 
2025-07-09 06:44:02 [37m[DEBUG][0m [PID-15] analysis.go func1:112 [raaise-18-06] python classified 432.805929ms 
2025-07-09 06:44:02 [37m[DEBUG][0m [PID-15] analysis.go func2:126 [raaise-18-06] nb1 classified 1.007601585s 
2025-07-09 06:44:02 [37m[DEBUG][0m [PID-15] analysis.go func2:126 [raaise-18-06] nb1 classified 1.186186902s 
2025-07-09 06:44:02 [37m[DEBUG][0m [PID-15] analysis.go AnalyzeSensorData:222 [raaise-18-06] analyzed in 1.187112538s 
2025-07-09 06:44:02 [37m[DEBUG][0m [PID-15] analysis.go func1:112 [raaise-18-06] python classified 538.808932ms 
2025-07-09 06:44:02 [37m[DEBUG][0m [PID-15] analysis.go func1:112 [raaise-18-06] python classified 538.308482ms 
2025-07-09 06:44:02 [37m[DEBUG][0m [PID-15] analysis.go func1:112 [raaise-18-06] python classified 520.463695ms 
2025-07-09 06:44:02 [37m[DEBUG][0m [PID-15] analysis.go func2:126 [raaise-18-06] nb1 classified 1.197648488s 
2025-07-09 06:44:02 [37m[DEBUG][0m [PID-15] analysis.go func2:126 [raaise-18-06] nb1 classified 1.887255704s 
2025-07-09 06:44:02 [37m[DEBUG][0m [PID-15] analysis.go AnalyzeSensorData:222 [raaise-18-06] analyzed in 1.88818731s 
2025-07-09 06:44:02 [37m[DEBUG][0m [PID-15] analysis.go func2:126 [raaise-18-06] nb1 classified 1.462859345s 
2025-07-09 06:44:02 [37m[DEBUG][0m [PID-15] analysis.go AnalyzeSensorData:222 [raaise-18-06] analyzed in 1.562289179s 
2025-07-09 06:44:02 [37m[DEBUG][0m [PID-15] analysis.go func2:126 [raaise-18-06] nb1 classified 1.713332615s 
2025-07-09 06:44:02 [37m[DEBUG][0m [PID-15] analysis.go func1:112 [raaise-18-06] python classified 447.686466ms 
2025-07-09 06:44:02 [31m[ERROR][0m [PID-15] analysis.go AnalyzeSensorData:222 problem analyzing: no predictions 
2025-07-09 06:44:02 [33m[WARN][0m [PID-15] calibration.go func1:202 problem with machine learnaing: problem analyzing: no predictions: {Timestamp:1750213104390 Family:raaise-18-06 Device:user 1 Location:a15 Sensors:map[bluetooth:map[] wifi:map[38:91:b7:1c:0b:de:-50 ec:f4:0c:2f:57:df:-68 38:91:b7:19:2e:4f:-53 5e:62:8b:28:98:fb:-70 38:91:b7:1c:0b:dc:-50 5e:62:8b:28:97:af:-45 1c:61:b4:88:79:ca:-57 00:df:1d:de:de:ff:-85 54:af:97:56:4d:dc:-54 5e:62:8b:28:95:db:-44 5e:62:8b:28:99:e3:-62 38:91:b7:1a:22:e3:-73 5c:62:8b:68:97:af:-44 38:91:b7:19:2e:4c:-53 38:91:b7:1c:08:4d:-76 00:df:1d:de:de:fd:-85 ec:f4:0c:2f:57:dc:-69 38:91:b7:1a:22:e1:-74 38:91:b7:1c:08:4c:-76 38:91:b7:1c:76:51:-58 38:91:b7:1c:08:4e:-76 38:91:b7:1c:76:53:-58 38:91:b7:1a:22:e0:-73 38:91:b7:19:2e:4d:-53 52:91:e3:78:87:29:-68 50:91:e3:f8:87:29:-68 6c:cd:d6:ca:90:e2:-68 ec:f4:0c:2f:57:de:-69 5e:62:8b:28:98:fa:-64 38:91:b7:1c:0b:df:-50 86:69:93:27:ad:35:-69 38:91:b7:19:2e:4e:-53 38:91:b7:1c:76:50:-58 00:df:1d:de:de:fc:-85 ec:f4:0c:2f:57:dd:-69 38:91:b7:1c:76:52:-58 38:91:b7:1c:0b:dd:-50 38:91:b7:1a:22:e2:-73 50:91:e3:f8:87:2b:-67 54:af:97:56:4d:dd:-58 5c:62:8b:68:99:e3:-62 9c:a2:f4:58:88:db:-65 5c:62:8b:68:95:db:-44 38:91:b7:1c:08:4f:-76 00:df:1d:de:de:fe:-85]] GPS:{Latitude:0 Longitude:0 Altitude:0}} 
2025-07-09 06:44:03 [37m[DEBUG][0m [PID-15] analysis.go func2:126 [raaise-18-06] nb1 classified 1.340708788s 
2025-07-09 06:44:03 [37m[DEBUG][0m [PID-15] analysis.go AnalyzeSensorData:222 [raaise-18-06] analyzed in 1.341605939s 
2025-07-09 06:44:03 [37m[DEBUG][0m [PID-15] analysis.go func2:126 [raaise-18-06] nb1 classified 1.576688305s 
2025-07-09 06:44:03 [37m[DEBUG][0m [PID-15] analysis.go func2:126 [raaise-18-06] nb1 classified 1.454889697s 
2025-07-09 06:44:03 [31m[ERROR][0m [PID-15] analysis.go AnalyzeSensorData:222 problem analyzing: no predictions 
2025-07-09 06:44:03 [33m[WARN][0m [PID-15] calibration.go func1:202 problem with machine learnaing: problem analyzing: no predictions: {Timestamp:1750223049913 Family:raaise-18-06 Device:user 2 Location:a11 Sensors:map[bluetooth:map[] wifi:map[38:91:b7:1a:22:e2:-62 38:91:b7:1c:76:5c:-86 38:91:b7:19:2e:4f:-63 6c:cd:d6:ca:90:e2:-58 50:91:e3:f8:87:29:-55 38:91:b7:1a:22:e0:-61 00:df:1d:de:de:f3:-70 38:91:b7:1c:76:5d:-86 62:61:b4:88:79:ce:-56 38:91:b7:1c:76:5f:-88 38:91:b7:1c:76:52:-78 38:91:b7:1a:22:ed:-65 38:91:b7:1c:08:4d:-64 ec:f4:0c:2f:57:dd:-72 00:df:1d:de:de:fe:-74 9c:a2:f4:58:88:db:-60 38:91:b7:1c:66:0d:-67 38:91:b7:1a:22:e3:-62 00:df:1d:de:de:ff:-74 ec:f4:0c:2f:57:de:-72 38:91:b7:19:2e:4e:-63 ec:f4:0c:2f:57:dc:-72 38:91:b7:1c:01:be:-44 5e:62:8b:28:99:e2:-51 38:91:b7:1c:76:5e:-87 38:91:b7:1c:01:bf:-43 38:91:b7:1c:76:50:-77 38:91:b7:1a:22:e1:-62 38:91:b7:1c:0b:dc:-67 38:91:b7:1c:66:0f:-67 38:91:b7:1c:0b:df:-69 54:af:97:56:4d:dd:-63 38:91:b7:1c:0b:de:-69 38:91:b7:19:2e:4c:-63 38:91:b7:1c:66:0e:-67 38:91:b7:1c:08:4c:-64 38:91:b7:1c:01:bc:-43 38:91:b7:1c:76:51:-77 1c:61:b4:88:79:cb:-55 38:91:b7:1c:76:53:-77 38:91:b7:1a:22:ec:-65 38:91:b7:1c:08:4f:-65 38:91:b7:19:2e:4d:-63 86:69:93:27:ad:35:-70 54:af:97:56:4d:dc:-66 38:91:b7:1c:01:bd:-43 38:91:b7:1a:22:ee:-65 5e:62:8b:28:97:af:-44 38:91:b7:1c:08:4e:-65 00:df:1d:de:de:fd:-74 38:91:b7:1c:66:0c:-67 ec:f4:0c:2f:57:df:-72 50:91:e3:f8:87:2b:-57 00:df:1d:de:de:fc:-74 38:91:b7:1c:0b:dd:-69 52:91:e3:28:87:29:-55 38:91:b7:1a:22:ef:-64]] GPS:{Latitude:0 Longitude:0 Altitude:0}} 
2025-07-09 06:44:03 [37m[DEBUG][0m [PID-15] analysis.go func1:112 [raaise-18-06] python classified 517.334435ms 
2025-07-09 06:44:03 [37m[DEBUG][0m [PID-15] analysis.go func2:126 [raaise-18-06] nb1 classified 1.465601896s 
2025-07-09 06:44:03 [37m[DEBUG][0m [PID-15] analysis.go AnalyzeSensorData:222 [raaise-18-06] analyzed in 1.466488004s 
2025-07-09 06:44:03 [37m[DEBUG][0m [PID-15] analysis.go func1:112 [raaise-18-06] python classified 503.782072ms 
2025-07-09 06:44:03 [37m[DEBUG][0m [PID-15] analysis.go func2:126 [raaise-18-06] nb1 classified 1.465797567s 
2025-07-09 06:44:03 [37m[DEBUG][0m [PID-15] analysis.go func1:112 [raaise-18-06] python classified 455.322119ms 
2025-07-09 06:44:03 [37m[DEBUG][0m [PID-15] analysis.go func2:126 [raaise-18-06] nb1 classified 1.14595987s 
2025-07-09 06:44:03 [37m[DEBUG][0m [PID-15] analysis.go AnalyzeSensorData:222 [raaise-18-06] analyzed in 1.146916905s 
2025-07-09 06:44:03 [37m[DEBUG][0m [PID-15] analysis.go func2:126 [raaise-18-06] nb1 classified 1.107676852s 
2025-07-09 06:44:03 [37m[DEBUG][0m [PID-15] analysis.go func2:126 [raaise-18-06] nb1 classified 1.610081002s 
2025-07-09 06:44:03 [37m[DEBUG][0m [PID-15] analysis.go AnalyzeSensorData:222 [raaise-18-06] analyzed in 1.610912376s 
2025-07-09 06:44:03 [37m[DEBUG][0m [PID-15] analysis.go func2:126 [raaise-18-06] nb1 classified 1.625391548s 
2025-07-09 06:44:03 [37m[DEBUG][0m [PID-15] analysis.go AnalyzeSensorData:222 [raaise-18-06] analyzed in 1.626186011s 
2025-07-09 06:44:03 [37m[DEBUG][0m [PID-15] analysis.go AnalyzeSensorData:222 [raaise-18-06] analyzed in 1.624927126s 
2025-07-09 06:44:03 [31m[ERROR][0m [PID-15] analysis.go AnalyzeSensorData:222 problem analyzing: no predictions 
2025-07-09 06:44:03 [33m[WARN][0m [PID-15] calibration.go func1:202 problem with machine learnaing: problem analyzing: no predictions: {Timestamp:1750222792635 Family:raaise-18-06 Device:user 1 Location:a11 Sensors:map[bluetooth:map[] wifi:map[5e:62:8b:28:97:ae:-44 38:91:b7:1c:08:4e:-65 38:91:b7:1c:76:50:-70 38:91:b7:1c:76:53:-70 5e:62:8b:28:95:db:-61 ec:f4:0c:2f:57:dc:-70 00:df:1d:de:de:fd:-79 00:df:1d:de:de:fc:-79 5e:62:8b:28:93:af:-51 54:af:97:56:4d:dd:-64 5e:62:8b:28:97:af:-53 54:af:97:56:4d:dc:-66 38:91:b7:1c:76:51:-70 38:91:b7:1c:0b:dc:-68 38:91:b7:1c:0b:de:-68 1c:61:b4:88:79:ca:-64 00:df:1d:de:de:fe:-79 ec:f4:0c:2f:57:df:-70 38:91:b7:1c:08:4d:-65 00:df:1d:de:de:ff:-79 38:91:b7:1c:0b:df:-68 ec:f4:0c:2f:57:de:-70 38:91:b7:1c:0b:dd:-68 38:91:b7:1c:08:4c:-65 38:91:b7:19:2e:4c:-66 ec:f4:0c:2f:57:dd:-70 38:91:b7:1c:08:4f:-65 38:91:b7:19:2e:4d:-66 38:91:b7:19:2e:4f:-66 50:91:e3:f8:87:29:-54 9a:61:b4:88:79:cc:-64 6c:cd:d6:ca:90:e1:-53 9c:a2:f4:58:88:db:-63 5e:62:8b:28:93:ae:-48 5c:62:8b:68:95:db:-61 50:91:e3:f8:87:2b:-62 38:91:b7:1c:76:52:-70 86:69:93:27:ad:35:-66 38:91:b7:19:2e:4e:-66]] GPS:{Latitude:0 Longitude:0 Altitude:0}} 
2025-07-09 06:44:03 [31m[ERROR][0m [PID-15] analysis.go AnalyzeSensorData:222 problem analyzing: no predictions 
2025-07-09 06:44:03 [33m[WARN][0m [PID-15] calibration.go func1:202 problem with machine learnaing: problem analyzing: no predictions: {Timestamp:1751938454196 Family:raaise-18-06 Device:user 1 Location:a11 Sensors:map[bluetooth:map[] wifi:map[54:af:97:56:4d:dc:-64 00:df:1d:de:de:fe:-80 38:91:b7:1c:66:0e:-79 62:61:b4:88:79:ce:-55 1c:61:b4:88:79:cb:-55 1c:61:b4:88:79:ca:-65 5e:62:8b:28:99:e3:-61 38:91:b7:1c:08:4e:-67 5e:62:8b:28:95:db:-62 5c:62:8b:68:99:e3:-63 38:91:b7:1c:0b:df:-65 6c:cd:d6:ca:90:e1:-56 38:91:b7:19:2e:4c:-63 38:91:b7:19:2e:4f:-63 38:91:b7:19:2e:4d:-63 38:91:b7:1a:22:ec:-73 5e:62:8b:28:93:af:-57 5e:62:8b:28:97:ae:-35 ec:f4:0c:2f:57:df:-75 5e:62:8b:28:97:af:-39 38:91:b7:1c:08:4f:-67 5c:62:8b:68:99:e2:-58 ec:f4:0c:2f:57:de:-74 38:91:b7:1c:66:0d:-79 ec:f4:0c:2f:57:dc:-74 5c:62:8b:68:93:af:-57 38:91:b7:1c:0b:dd:-65 00:df:1d:de:de:ff:-80 ec:f4:0c:2f:57:dd:-74 38:91:b7:1c:08:4d:-67 38:91:b7:1c:66:0f:-79 5e:62:8b:28:99:e2:-58 5c:62:8b:68:98:fb:-61 38:91:b7:1c:0b:dc:-65 38:91:b7:1c:66:0c:-79 9c:a2:f4:58:88:db:-67 38:91:b7:1a:22:ef:-73 38:91:b7:1c:0b:de:-65 38:91:b7:1c:08:4c:-67 38:91:b7:1a:22:ee:-73 38:91:b7:1a:22:ed:-73 5c:62:8b:68:95:db:-61 00:df:1d:de:de:fc:-80 6c:cd:d6:ca:90:e2:-61 00:df:1d:de:de:fd:-80 38:91:b7:19:2e:4e:-63]] GPS:{Latitude:0 Longitude:0 Altitude:0}} 
2025-07-09 06:44:03 [37m[DEBUG][0m [PID-15] analysis.go func1:112 [raaise-18-06] python classified 503.262228ms 
2025-07-09 06:44:04 [37m[DEBUG][0m [PID-15] analysis.go func1:112 [raaise-18-06] python classified 397.744297ms 
2025-07-09 06:44:04 [31m[ERROR][0m [PID-15] analysis.go AnalyzeSensorData:222 problem analyzing: no predictions 
2025-07-09 06:44:04 [33m[WARN][0m [PID-15] calibration.go func1:202 problem with machine learnaing: problem analyzing: no predictions: {Timestamp:1750223332638 Family:raaise-18-06 Device:user 1 Location:a11 Sensors:map[bluetooth:map[] wifi:map[ec:f4:0c:2f:57:dc:-73 1c:61:b4:88:79:ca:-64 ec:f4:0c:2f:57:dd:-74 38:91:b7:1c:08:4d:-65 00:df:1d:de:de:ff:-76 38:91:b7:1c:76:52:-69 5c:62:8b:68:97:ae:-83 54:af:97:56:4d:dc:-60 38:91:b7:19:2e:4c:-58 5c:62:8b:68:98:fb:-61 5e:62:8b:28:93:ae:-44 ec:f4:0c:2f:57:df:-73 38:91:b7:1c:76:53:-69 00:df:1d:de:de:fc:-76 38:91:b7:1c:0b:dd:-67 00:df:1d:de:de:fe:-76 54:af:97:56:4d:dd:-66 38:91:b7:19:2e:4d:-58 5c:62:8b:68:97:af:-48 38:91:b7:1c:08:4f:-65 5e:62:8b:28:98:fb:-61 18:a6:f7:21:47:c6:-96 5e:62:8b:28:97:af:-48 5c:62:8b:68:93:af:-54 50:91:e3:f8:87:2b:-62 38:91:b7:1c:0b:dc:-67 38:91:b7:1c:08:4e:-65 5c:62:8b:68:99:e3:-60 38:91:b7:1c:0b:df:-67 5e:62:8b:28:95:db:-58 50:91:e3:f8:87:29:-49 38:91:b7:1c:76:51:-70 38:91:b7:1c:0b:de:-67 52:91:e3:28:87:29:-50 5e:62:8b:28:97:ae:-41 38:91:b7:1c:08:4c:-65 5e:62:8b:28:99:e3:-60 38:91:b7:19:2e:4f:-58 38:91:b7:1c:76:50:-69 00:df:1d:de:de:fd:-76 ec:f4:0c:2f:57:de:-74 9c:a2:f4:58:88:db:-66 38:91:b7:19:2e:4e:-58 5e:62:8b:28:93:af:-54 6c:cd:d6:ca:90:e1:-54]] GPS:{Latitude:0 Longitude:0 Altitude:0}} 
2025-07-09 06:44:04 [37m[DEBUG][0m [PID-15] analysis.go func2:126 [raaise-18-06] nb1 classified 1.084028745s 
2025-07-09 06:44:04 [37m[DEBUG][0m [PID-15] analysis.go AnalyzeSensorData:222 [raaise-18-06] analyzed in 1.084809115s 
2025-07-09 06:44:04 [37m[DEBUG][0m [PID-15] analysis.go func2:126 [raaise-18-06] nb1 classified 1.292050972s 
2025-07-09 06:44:04 [37m[DEBUG][0m [PID-15] analysis.go func1:112 [raaise-18-06] python classified 514.196792ms 
2025-07-09 06:44:04 [31m[ERROR][0m [PID-15] analysis.go AnalyzeSensorData:222 problem analyzing: no predictions 
2025-07-09 06:44:04 [33m[WARN][0m [PID-15] calibration.go func1:202 problem with machine learnaing: problem analyzing: no predictions: {Timestamp:1750223184923 Family:raaise-18-06 Device:user 2 Location:a11 Sensors:map[bluetooth:map[] wifi:map[38:91:b7:1c:0b:de:-67 5e:62:8b:28:97:af:-42 38:91:b7:1c:01:bd:-47 38:91:b7:1c:76:5c:-83 00:df:1d:de:de:f3:-78 62:61:b4:88:79:ce:-58 ec:f4:0c:2f:57:dc:-71 38:91:b7:1a:22:e3:-69 1c:61:b4:88:79:cb:-57 38:91:b7:1a:22:ef:-70 38:91:b7:1a:22:e0:-69 38:91:b7:1c:01:bf:-48 38:91:b7:1c:76:52:-76 5e:62:8b:28:99:e3:-62 38:91:b7:1c:76:51:-76 52:91:e3:78:87:29:-61 38:91:b7:1c:0b:df:-67 ec:f4:0c:2f:57:df:-71 00:df:1d:de:de:ff:-76 5c:62:8b:68:99:e3:-62 38:91:b7:1c:76:5f:-84 ec:f4:0c:2f:57:dd:-71 00:df:1d:de:de:f2:-78 38:91:b7:1c:01:bc:-48 38:91:b7:1c:76:53:-76 38:91:b7:1c:76:5e:-83 aa:61:b4:88:79:cf:-64 1c:61:b4:88:79:ca:-62 38:91:b7:1c:66:0e:-69 5e:62:8b:28:95:db:-56 38:91:b7:1c:76:50:-76 1c:61:b4:88:79:cc:-62 38:91:b7:1c:01:be:-48 38:91:b7:1c:08:4f:-69 ec:f4:0c:2f:57:de:-71 5e:62:8b:28:98:fb:-65 00:df:1d:de:de:fd:-76 38:91:b7:1a:22:e2:-69 38:91:b7:1a:22:ed:-70 50:91:e3:f8:87:2b:-61 38:91:b7:1c:66:0d:-68 38:91:b7:1c:66:0c:-69 38:91:b7:1c:08:4d:-69 5e:62:8b:28:97:ae:-39 38:91:b7:1c:08:4e:-69 5e:62:8b:28:93:ae:-49 6c:cd:d6:ca:90:e1:-53 00:df:1d:de:de:fe:-76 5e:62:8b:28:93:af:-51 38:91:b7:19:2e:4d:-58 54:af:97:56:4d:dc:-64 38:91:b7:1a:22:e1:-69 38:91:b7:1c:08:4c:-69 5c:62:8b:68:97:ae:-42 5c:62:8b:68:98:fb:-64 38:91:b7:1a:22:ee:-70 38:91:b7:19:2e:4e:-58 50:91:e3:f8:87:29:-51 38:91:b7:1c:0b:dc:-67 38:91:b7:19:2e:4f:-58 38:91:b7:1c:66:0f:-69 38:91:b7:19:2e:4c:-58 6c:cd:d6:ca:90:e2:-63 38:91:b7:1c:0b:dd:-67 00:df:1d:de:de:fc:-76 38:91:b7:1a:22:ec:-70 38:91:b7:1c:76:5d:-85]] GPS:{Latitude:0 Longitude:0 Altitude:0}} 
2025-07-09 06:44:04 [37m[DEBUG][0m [PID-15] analysis.go func1:112 [raaise-18-06] python classified 499.979959ms 
2025-07-09 06:44:04 [37m[DEBUG][0m [PID-15] analysis.go func2:126 [raaise-18-06] nb1 classified 1.096771762s 
2025-07-09 06:44:04 [37m[DEBUG][0m [PID-15] analysis.go func2:126 [raaise-18-06] nb1 classified 1.759952246s 
2025-07-09 06:44:04 [37m[DEBUG][0m [PID-15] analysis.go func2:126 [raaise-18-06] nb1 classified 976.831327ms 
2025-07-09 06:44:04 [31m[ERROR][0m [PID-15] analysis.go AnalyzeSensorData:222 problem analyzing: no predictions 
2025-07-09 06:44:04 [33m[WARN][0m [PID-15] calibration.go func1:202 problem with machine learnaing: problem analyzing: no predictions: {Timestamp:1751938544188 Family:raaise-18-06 Device:user 1 Location:a11 Sensors:map[bluetooth:map[] wifi:map[38:91:b7:1a:22:ef:-74 38:91:b7:1a:22:ec:-73 38:91:b7:1c:0b:df:-65 38:91:b7:19:2e:4f:-64 54:af:97:56:4d:dc:-64 62:61:b4:88:79:ce:-55 38:91:b7:19:2e:4d:-64 5c:62:8b:68:93:af:-58 38:91:b7:1c:66:0f:-80 38:91:b7:19:2e:4c:-63 00:df:1d:de:de:ff:-80 38:91:b7:1c:0b:dc:-65 38:91:b7:1c:08:4e:-66 6c:cd:d6:ca:90:e1:-55 00:df:1d:de:de:fd:-80 1c:61:b4:88:79:ca:-65 6c:cd:d6:ca:90:e2:-61 38:91:b7:1c:66:0d:-80 38:91:b7:1c:0b:dd:-65 38:91:b7:1c:08:4d:-66 5e:62:8b:28:93:af:-57 38:91:b7:1a:22:ee:-74 ec:f4:0c:2f:57:de:-75 38:91:b7:19:2e:4e:-64 00:df:1d:de:de:fe:-80 ec:f4:0c:2f:57:dd:-74 9c:a2:f4:58:88:db:-67 38:91:b7:1c:08:4f:-66 38:91:b7:1c:0b:de:-65 ec:f4:0c:2f:57:dc:-75 38:91:b7:1c:66:0c:-81 5e:62:8b:28:97:af:-42 1c:61:b4:88:79:cb:-55 38:91:b7:1a:22:ed:-74 38:91:b7:1c:66:0e:-80 38:91:b7:1c:08:4c:-66 00:df:1d:de:de:fc:-80 5e:62:8b:28:97:ae:-35 9a:61:b4:88:79:cc:-65 ec:f4:0c:2f:57:df:-74 5e:62:8b:28:95:db:-63]] GPS:{Latitude:0 Longitude:0 Altitude:0}} 
2025-07-09 06:44:04 [37m[DEBUG][0m [PID-15] analysis.go AnalyzeSensorData:222 [raaise-18-06] analyzed in 1.831692537s 
2025-07-09 06:44:04 [37m[DEBUG][0m [PID-15] analysis.go func2:126 [raaise-18-06] nb1 classified 1.061038022s 
2025-07-09 06:44:04 [37m[DEBUG][0m [PID-15] analysis.go AnalyzeSensorData:222 [raaise-18-06] analyzed in 1.039646904s 
2025-07-09 06:44:04 [37m[DEBUG][0m [PID-15] analysis.go func1:112 [raaise-18-06] python classified 572.554946ms 
2025-07-09 06:44:04 [37m[DEBUG][0m [PID-15] analysis.go func1:112 [raaise-18-06] python classified 449.805446ms 
2025-07-09 06:44:04 [37m[DEBUG][0m [PID-15] analysis.go func2:126 [raaise-18-06] nb1 classified 1.910108754s 
2025-07-09 06:44:04 [37m[DEBUG][0m [PID-15] analysis.go AnalyzeSensorData:222 [raaise-18-06] analyzed in 1.913284861s 
2025-07-09 06:44:04 [37m[DEBUG][0m [PID-15] analysis.go func2:126 [raaise-18-06] nb1 classified 1.462178025s 
2025-07-09 06:44:04 [37m[DEBUG][0m [PID-15] analysis.go AnalyzeSensorData:222 [raaise-18-06] analyzed in 1.464569716s 
2025-07-09 06:44:04 [37m[DEBUG][0m [PID-15] analysis.go func2:126 [raaise-18-06] nb1 classified 1.313514527s 
2025-07-09 06:44:04 [37m[DEBUG][0m [PID-15] analysis.go AnalyzeSensorData:222 [raaise-18-06] analyzed in 1.316289614s 
2025-07-09 06:44:05 [37m[DEBUG][0m [PID-15] analysis.go func2:126 [raaise-18-06] nb1 classified 1.375262292s 
2025-07-09 06:44:05 [31m[ERROR][0m [PID-15] analysis.go AnalyzeSensorData:222 problem analyzing: no predictions 
2025-07-09 06:44:05 [33m[WARN][0m [PID-15] calibration.go func1:202 problem with machine learnaing: problem analyzing: no predictions: {Timestamp:1751938574570 Family:raaise-18-06 Device:intruder Location:a11 Sensors:map[wifi:map[6c:cd:d6:ca:90:e2:-61 00:df:1d:de:de:f2:-78 38:91:b7:1a:22:e2:-64 5e:62:8b:28:98:fb:-59 38:91:b7:1c:76:5e:-85 38:91:b7:1a:22:e3:-65 00:df:1d:de:de:f3:-79 5e:62:8b:28:95:db:-57 1c:61:b4:88:79:cb:-62 38:91:b7:1c:76:5c:-85 38:91:b7:1a:22:e0:-65 5e:62:8b:28:93:ae:-45 ec:f4:0c:2f:57:de:-77 54:af:97:56:4d:dd:-67 38:91:b7:1c:08:4f:-67 00:df:1d:de:de:f1:-78 00:df:1d:de:de:f0:-78 5c:62:8b:68:98:fb:-59 38:91:b7:1c:66:0f:-72 5e:62:8b:28:97:ae:-42 38:91:b7:1c:76:5d:-85 38:91:b7:1c:66:0d:-72 ec:f4:0c:2f:57:df:-77 38:91:b7:1c:08:4e:-66 38:91:b7:1c:08:4d:-67 5e:62:8b:28:97:af:-46 38:91:b7:1c:66:0e:-73 38:91:b7:1c:01:bc:-45 38:91:b7:1c:76:5f:-85 ec:f4:0c:2f:57:dd:-77 ec:f4:0c:2f:57:dc:-77 38:91:b7:1c:66:0c:-72 38:91:b7:1c:08:4c:-67 38:91:b7:1a:22:e1:-65 5e:62:8b:28:93:af:-53 62:61:b4:88:79:ce:-61 5e:62:8b:28:99:e3:-60 38:91:b7:1c:01:be:-45 38:91:b7:1c:01:bd:-45 54:af:97:56:4d:dc:-66 38:91:b7:1c:01:bf:-45] bluetooth:map[]] GPS:{Latitude:0 Longitude:0 Altitude:0}} 
2025-07-09 06:44:05 [37m[DEBUG][0m [PID-15] analysis.go func2:126 [raaise-18-06] nb1 classified 1.235685233s 
2025-07-09 06:44:05 [37m[DEBUG][0m [PID-15] analysis.go AnalyzeSensorData:222 [raaise-18-06] analyzed in 1.236513168s 
2025-07-09 06:44:05 [37m[DEBUG][0m [PID-15] analysis.go func1:112 [raaise-18-06] python classified 446.136127ms 
2025-07-09 06:44:05 [37m[DEBUG][0m [PID-15] analysis.go func2:126 [raaise-18-06] nb1 classified 1.157891795s 
2025-07-09 06:44:05 [37m[DEBUG][0m [PID-15] analysis.go func2:126 [raaise-18-06] nb1 classified 1.169536202s 
2025-07-09 06:44:05 [37m[DEBUG][0m [PID-15] analysis.go AnalyzeSensorData:222 [raaise-18-06] analyzed in 1.170441812s 
2025-07-09 06:44:05 [37m[DEBUG][0m [PID-15] analysis.go func1:112 [raaise-18-06] python classified 598.716959ms 
2025-07-09 06:44:05 [37m[DEBUG][0m [PID-15] analysis.go func1:112 [raaise-18-06] python classified 374.385859ms 
2025-07-09 06:44:05 [37m[DEBUG][0m [PID-15] analysis.go func2:126 [raaise-18-06] nb1 classified 1.083916206s 
2025-07-09 06:44:05 [37m[DEBUG][0m [PID-15] analysis.go AnalyzeSensorData:222 [raaise-18-06] analyzed in 1.085252072s 
2025-07-09 06:44:05 [37m[DEBUG][0m [PID-15] analysis.go func2:126 [raaise-18-06] nb1 classified 1.666934731s 
2025-07-09 06:44:05 [37m[DEBUG][0m [PID-15] analysis.go func1:112 [raaise-18-06] python classified 561.649704ms 
2025-07-09 06:44:05 [37m[DEBUG][0m [PID-15] analysis.go func1:112 [raaise-18-06] python classified 647.23021ms 
2025-07-09 06:44:05 [37m[DEBUG][0m [PID-15] analysis.go func1:112 [raaise-18-06] python classified 344.020942ms 
2025-07-09 06:44:05 [31m[ERROR][0m [PID-15] analysis.go AnalyzeSensorData:222 problem analyzing: no predictions 
2025-07-09 06:44:05 [33m[WARN][0m [PID-15] calibration.go func1:202 problem with machine learnaing: problem analyzing: no predictions: {Timestamp:1750222944919 Family:raaise-18-06 Device:user 2 Location:a11 Sensors:map[wifi:map[38:91:b7:19:2e:4e:-63 38:91:b7:1c:01:be:-43 38:91:b7:1c:01:bf:-44 aa:61:b4:88:79:cf:-64 38:91:b7:1c:76:50:-76 5e:62:8b:28:93:ae:-48 6c:cd:d6:ca:90:e1:-53 5c:62:8b:68:98:fb:-58 00:df:1d:de:de:ff:-74 38:91:b7:1c:76:5e:-87 9c:a2:f4:58:88:db:-68 ec:f4:0c:2f:57:de:-71 6c:cd:d6:ca:90:e2:-58 38:91:b7:19:2e:4c:-63 38:91:b7:1c:76:5c:-86 50:91:e3:f8:87:29:-56 54:af:97:56:4d:dc:-65 5c:62:8b:68:97:af:-45 1c:61:b4:88:79:cc:-65 62:61:b4:88:79:ce:-55 5e:62:8b:28:98:fb:-58 38:91:b7:1a:22:ef:-66 ec:f4:0c:2f:57:dc:-71 38:91:b7:1c:66:0d:-67 00:df:1d:de:de:fc:-73 ec:f4:0c:2f:57:dd:-71 52:91:e3:78:87:29:-57 00:df:1d:de:de:fd:-74 38:91:b7:1c:0b:dd:-67 38:91:b7:1c:66:0c:-67 1c:61:b4:88:79:ca:-62 38:91:b7:19:2e:4d:-63 38:91:b7:1a:22:ee:-66 38:91:b7:1a:22:ed:-66 38:91:b7:1c:01:bd:-44 38:91:b7:1c:08:4d:-65 38:91:b7:1c:08:4c:-65 5e:62:8b:28:93:af:-52 50:91:e3:f8:87:2b:-58 38:91:b7:1c:08:4f:-65 38:91:b7:1c:08:4e:-65 38:91:b7:19:2e:4f:-62 ec:f4:0c:2f:57:df:-71 38:91:b7:1c:66:0e:-67 38:91:b7:1c:76:52:-76 38:91:b7:1c:66:0f:-67 38:91:b7:1a:22:ec:-66 38:91:b7:1c:76:53:-75 00:df:1d:de:de:fe:-73 1c:61:b4:88:79:cb:-56 38:91:b7:1c:76:5f:-87 38:91:b7:1c:0b:df:-69 38:91:b7:1c:76:51:-76 38:91:b7:1c:0b:de:-69 38:91:b7:1c:0b:dc:-69 5c:62:8b:68:93:ae:-49 5c:62:8b:68:95:da:-53 5e:62:8b:28:97:af:-44 38:91:b7:1c:01:bc:-44 52:91:e3:28:87:29:-55 38:91:b7:1c:76:5d:-86] bluetooth:map[]] GPS:{Latitude:0 Longitude:0 Altitude:0}} 
2025-07-09 06:44:05 [37m[DEBUG][0m [PID-15] analysis.go func2:126 [raaise-18-06] nb1 classified 1.013154159s 
2025-07-09 06:44:05 [31m[ERROR][0m [PID-15] analysis.go AnalyzeSensorData:222 problem analyzing: no predictions 
2025-07-09 06:44:05 [33m[WARN][0m [PID-15] calibration.go func1:202 problem with machine learnaing: problem analyzing: no predictions: {Timestamp:1750223167634 Family:raaise-18-06 Device:user 1 Location:a11 Sensors:map[wifi:map[38:91:b7:1a:22:e3:-67 38:91:b7:19:2e:4e:-57 00:df:1d:de:de:fc:-79 ec:f4:0c:2f:57:dd:-70 38:91:b7:1a:22:e0:-66 5e:62:8b:28:97:af:-46 5c:62:8b:68:98:fa:-57 00:df:1d:de:de:ff:-79 ec:f4:0c:2f:57:dc:-70 38:91:b7:1c:76:53:-76 38:91:b7:1c:08:4e:-61 5e:62:8b:28:97:ae:-42 38:91:b7:1a:22:e2:-67 38:91:b7:1c:08:4f:-61 38:91:b7:19:2e:4f:-57 38:91:b7:1c:76:50:-76 5c:62:8b:68:93:af:-50 38:91:b7:1c:08:4c:-61 9a:61:b4:88:79:cc:-63 38:91:b7:1c:0b:df:-61 38:91:b7:1c:0b:dc:-61 38:91:b7:1c:0b:dd:-61 ec:f4:0c:2f:57:df:-71 38:91:b7:1c:0b:de:-61 54:af:97:56:4d:dc:-58 50:91:e3:f8:87:29:-53 5e:62:8b:28:95:db:-56 9c:a2:f4:58:88:db:-61 00:df:1d:de:de:fe:-79 6c:cd:d6:ca:90:e1:-56 5e:62:8b:28:99:e3:-57 5e:62:8b:28:93:af:-50 38:91:b7:1c:76:52:-75 50:91:e3:f8:87:2b:-67 38:91:b7:19:2e:4c:-57 54:af:97:56:4d:dd:-58 5c:62:8b:68:95:db:-58 5e:62:8b:28:98:fa:-57 00:df:1d:de:de:fd:-79 38:91:b7:19:2e:4d:-57 ec:f4:0c:2f:57:de:-70 38:91:b7:1a:22:e1:-67 38:91:b7:1c:08:4d:-61 38:91:b7:1c:76:51:-76 86:69:93:27:ad:35:-67] bluetooth:map[]] GPS:{Latitude:0 Longitude:0 Altitude:0}} 
2025-07-09 06:44:05 [37m[DEBUG][0m [PID-15] analysis.go func2:126 [raaise-18-06] nb1 classified 1.158413978s 
2025-07-09 06:44:05 [37m[DEBUG][0m [PID-15] analysis.go AnalyzeSensorData:222 [raaise-18-06] analyzed in 1.159294583s 
2025-07-09 06:44:05 [31m[ERROR][0m [PID-15] analysis.go AnalyzeSensorData:222 problem analyzing: no predictions 
2025-07-09 06:44:05 [33m[WARN][0m [PID-15] calibration.go func1:202 problem with machine learnaing: problem analyzing: no predictions: {Timestamp:1751938644187 Family:raaise-18-06 Device:user 1 Location:a11 Sensors:map[bluetooth:map[] wifi:map[38:91:b7:1a:22:ed:-73 38:91:b7:1c:08:4c:-66 38:91:b7:1c:08:4e:-66 00:df:1d:de:de:ff:-80 38:91:b7:19:2e:4d:-64 5c:62:8b:68:97:ae:-36 5c:62:8b:68:93:af:-57 38:91:b7:1c:08:4f:-66 38:91:b7:1a:22:ee:-73 9a:61:b4:88:79:cc:-66 1c:61:b4:88:79:cb:-55 5e:62:8b:28:98:fb:-61 6c:cd:d6:ca:90:e2:-61 38:91:b7:1a:22:ec:-73 38:91:b7:1c:76:53:-74 ec:f4:0c:2f:57:df:-74 38:91:b7:1c:66:0f:-79 38:91:b7:1c:76:52:-74 38:91:b7:1c:0b:df:-65 38:91:b7:19:2e:4c:-64 5e:62:8b:28:93:ae:-51 5e:62:8b:28:97:af:-42 5c:62:8b:68:95:db:-62 5c:62:8b:68:99:e2:-56 38:91:b7:1c:66:0e:-79 62:61:b4:88:79:ce:-55 38:91:b7:19:2e:4f:-64 38:91:b7:1a:22:ef:-73 6c:cd:d6:ca:90:e1:-56 38:91:b7:1c:0b:de:-65 00:df:1d:de:de:fd:-80 38:91:b7:1c:76:51:-74 1c:61:b4:88:79:ca:-65 38:91:b7:1c:08:4d:-66 5c:62:8b:68:97:af:-42 38:91:b7:1c:0b:dd:-65 5e:62:8b:28:95:db:-62 5c:62:8b:68:93:ae:-49 ec:f4:0c:2f:57:dc:-74 5e:62:8b:28:97:ae:-34 5e:62:8b:28:99:e3:-63 54:af:97:56:4d:dc:-64 ec:f4:0c:2f:57:dd:-74 38:91:b7:1c:0b:dc:-65 38:91:b7:19:2e:4e:-64 38:91:b7:1c:66:0c:-79 9c:a2:f4:58:88:db:-67 ec:f4:0c:2f:57:de:-74 00:df:1d:de:de:fe:-80 00:df:1d:de:de:fc:-80 5c:62:8b:68:99:e3:-63 5e:62:8b:28:93:af:-57 38:91:b7:1c:66:0d:-80 5c:62:8b:68:98:fb:-60]] GPS:{Latitude:0 Longitude:0 Altitude:0}} 
2025-07-09 06:44:05 [37m[DEBUG][0m [PID-15] analysis.go func2:126 [raaise-18-06] nb1 classified 983.528534ms 
2025-07-09 06:44:05 [37m[DEBUG][0m [PID-15] analysis.go AnalyzeSensorData:222 [raaise-18-06] analyzed in 984.323974ms 
2025-07-09 06:44:05 [37m[DEBUG][0m [PID-15] analysis.go func2:126 [raaise-18-06] nb1 classified 1.252360871s 
2025-07-09 06:44:05 [37m[DEBUG][0m [PID-15] analysis.go AnalyzeSensorData:222 [raaise-18-06] analyzed in 1.254405556s 
2025-07-09 06:44:06 [37m[DEBUG][0m [PID-15] analysis.go func2:126 [raaise-18-06] nb1 classified 1.090530964s 
2025-07-09 06:44:06 [37m[DEBUG][0m [PID-15] analysis.go AnalyzeSensorData:222 [raaise-18-06] analyzed in 1.09148034s 
2025-07-09 06:44:06 [37m[DEBUG][0m [PID-15] analysis.go func2:126 [raaise-18-06] nb1 classified 725.503143ms 
2025-07-09 06:44:06 [37m[DEBUG][0m [PID-15] analysis.go func2:126 [raaise-18-06] nb1 classified 1.053258416s 
2025-07-09 06:44:06 [37m[DEBUG][0m [PID-15] analysis.go func2:126 [raaise-18-06] nb1 classified 786.214115ms 
2025-07-09 06:44:06 [37m[DEBUG][0m [PID-15] analysis.go func2:126 [raaise-18-06] nb1 classified 1.305387837s 
2025-07-09 06:44:06 [37m[DEBUG][0m [PID-15] analysis.go AnalyzeSensorData:222 [raaise-18-06] analyzed in 1.306660771s 
2025-07-09 06:44:06 [37m[DEBUG][0m [PID-15] analysis.go func2:126 [raaise-18-06] nb1 classified 1.008393948s 
2025-07-09 06:44:06 [37m[DEBUG][0m [PID-15] analysis.go AnalyzeSensorData:222 [raaise-18-06] analyzed in 1.009678971s 
2025-07-09 06:44:06 [36m[INFO][0m [PID-15] calibration.go findBestAlgorithm:219 [raaise-18-06] analyzed 306 data in 39.691864374s 
2025-07-09 06:44:06 [37m[DEBUG][0m [PID-15] calibration.go findBestAlgorithm:255 locationTotals: map[a03:27 a14:21 a01:22 a10:24 a13:25 a15:32 a02:19 a16:29 a17:23 a04:24 a07:20 a11:24 a06:16] 
2025-07-09 06:44:06 [36m[INFO][0m [PID-15] calibration.go findBestAlgorithm:315 [raaise-18-06] total correct: 156/306 
2025-07-09 06:44:06 [36m[INFO][0m [PID-15] calibration.go findBestAlgorithm:339 [raaise-18-06] a03 accuracy: 33% 
2025-07-09 06:44:06 [36m[INFO][0m [PID-15] calibration.go findBestAlgorithm:339 [raaise-18-06] a14 accuracy:  5% 
2025-07-09 06:44:06 [36m[INFO][0m [PID-15] calibration.go findBestAlgorithm:339 [raaise-18-06] a16 accuracy: 59% 
2025-07-09 06:44:06 [36m[INFO][0m [PID-15] calibration.go findBestAlgorithm:339 [raaise-18-06] a04 accuracy: 67% 
2025-07-09 06:44:06 [36m[INFO][0m [PID-15] calibration.go findBestAlgorithm:339 [raaise-18-06] a07 accuracy: 60% 
2025-07-09 06:44:06 [36m[INFO][0m [PID-15] calibration.go findBestAlgorithm:339 [raaise-18-06] a11 accuracy: 42% 
2025-07-09 06:44:06 [36m[INFO][0m [PID-15] calibration.go findBestAlgorithm:339 [raaise-18-06] a02 accuracy: 32% 
2025-07-09 06:44:06 [36m[INFO][0m [PID-15] calibration.go findBestAlgorithm:339 [raaise-18-06] a06 accuracy: 62% 
2025-07-09 06:44:06 [36m[INFO][0m [PID-15] calibration.go findBestAlgorithm:339 [raaise-18-06] a01 accuracy: 59% 
2025-07-09 06:44:06 [36m[INFO][0m [PID-15] calibration.go findBestAlgorithm:339 [raaise-18-06] a10 accuracy: 79% 
2025-07-09 06:44:06 [36m[INFO][0m [PID-15] calibration.go findBestAlgorithm:339 [raaise-18-06] a17 accuracy: 48% 
2025-07-09 06:44:06 [36m[INFO][0m [PID-15] calibration.go findBestAlgorithm:339 [raaise-18-06] a13 accuracy: 48% 
2025-07-09 06:44:06 [36m[INFO][0m [PID-15] calibration.go findBestAlgorithm:339 [raaise-18-06] a15 accuracy: 62% 
2025-07-09 06:44:06 [37m[DEBUG][0m [PID-15] location_images.go GenerateImages:33 generating images for raaise-18-06 
2025-07-09 06:44:06 [37m[DEBUG][0m [PID-15] db.go getRows:1055 getting columns 
2025-07-09 06:44:06 [37m[DEBUG][0m [PID-15] db.go getRows:1062 getting sensorstringsizer 
2025-07-09 06:44:06 [37m[DEBUG][0m [PID-15] db.go getRows:1079 getting locations 
2025-07-09 06:44:06 [37m[DEBUG][0m [PID-15] db.go getRows:1085 got locations 
2025-07-09 06:44:07 [36m[INFO][0m [PID-15] server.go func1:1360 [::1]:47264 GET /api/v1/data/raaise-18-06 1.236414524s 
2025-07-09 06:44:09 [37m[DEBUG][0m [PID-15] location_images.go GenerateImages:67 {generated data true} 
2025-07-09 06:47:58 [37m[DEBUG][0m [PID-15] websockets.go websocketListener:81 removed raaise-18-06-all/172.18.0.1:55138 
2025-07-16 02:52:17 [37m[DEBUG][0m [PID-15] mode.go Run:49 current families: [raaise-18-06] 
2025-07-16 02:52:17 [36m[INFO][0m [PID-15] server.go Run:579 Running on 0.0.0.0:8003 
2025-07-16 02:54:50 [37m[DEBUG][0m [PID-15] db.go GetSensorFromGreaterTime:429 using minimum timestamp of 1751937957792 
2025-07-16 02:54:50 [37m[DEBUG][0m [PID-15] db.go getRows:1055 getting columns 
2025-07-16 02:54:50 [37m[DEBUG][0m [PID-15] db.go getRows:1062 getting sensorstringsizer 
2025-07-16 02:54:50 [37m[DEBUG][0m [PID-15] db.go getRows:1079 getting locations 
2025-07-16 02:54:50 [37m[DEBUG][0m [PID-15] db.go getRows:1085 got locations 
2025-07-16 02:54:50 [37m[DEBUG][0m [PID-15] server.go 1:367 [raaise-18-06] got sensor from greater time 15.969506ms 
2025-07-16 02:54:50 [37m[DEBUG][0m [PID-15] server.go 1:380 [raaise-18-06] found 3 devices to check 
2025-07-16 02:54:50 [37m[DEBUG][0m [PID-15] server.go 1:381 [raaise-18-06] getting device counts 
2025-07-16 02:54:50 [37m[DEBUG][0m [PID-15] server.go 1:399 found 3 devices 
2025-07-16 02:54:50 [37m[DEBUG][0m [PID-15] server.go 1:400 [raaise-18-06] getting locations 
2025-07-16 02:54:50 [37m[DEBUG][0m [PID-15] server.go 1:407 found 13 locations 
2025-07-16 02:54:50 [37m[DEBUG][0m [PID-15] server.go 1:408 [raaise-18-06] total learned count 
2025-07-16 02:54:50 [37m[DEBUG][0m [PID-15] server.go 1:434 [raaise-18-06] getting location count 
2025-07-16 02:54:50 [37m[DEBUG][0m [PID-15] server.go 1:440 [raaise-18-06] locations: map[a16:631 a17:500 a03:677 a02:590 a01:599 a11:552 a07:550 a13:610 a15:815 a04:562 a10:653 a06:453 a14:541] 
2025-07-16 02:54:50 [37m[DEBUG][0m [PID-15] server.go 1:489 [raaise-18-06] getting by_locations for 3 devices 
2025-07-16 02:54:50 [37m[DEBUG][0m [PID-15] db.go GetSensorFromGreaterTime:429 using minimum timestamp of 1751940657792 
2025-07-16 02:54:50 [37m[DEBUG][0m [PID-15] db.go getRows:1055 getting columns 
2025-07-16 02:54:50 [37m[DEBUG][0m [PID-15] db.go getRows:1062 getting sensorstringsizer 
2025-07-16 02:54:50 [37m[DEBUG][0m [PID-15] db.go getRows:1079 getting locations 
2025-07-16 02:54:50 [37m[DEBUG][0m [PID-15] db.go getRows:1085 got locations 
2025-07-16 02:54:50 [37m[DEBUG][0m [PID-15] analysis.go GetByLocation:299 [raaise-18-06] got sensor from greater time 1.450552ms 
2025-07-16 02:54:50 [37m[DEBUG][0m [PID-15] analysis.go GetByLocation:313 [raaise-18-06] got predictions in map 340.566µs 
2025-07-16 02:54:50 [37m[DEBUG][0m [PID-15] analysis.go GetByLocation:321 [raaise-18-06] found 1 devices to check 
2025-07-16 02:54:50 [37m[DEBUG][0m [PID-15] analysis.go GetByLocation:331 [raaise-18-06] got device counts 93ns 
2025-07-16 02:54:50 [37m[DEBUG][0m [PID-15] analysis.go GetByLocation:339 [raaise-18-06] got device first-time 354.088µs 
2025-07-16 02:54:50 [37m[DEBUG][0m [PID-15] server.go 1:495 [raaise-18-06] creating device table 
2025-07-16 02:54:50 [37m[DEBUG][0m [PID-15] server.go 1:536 [raaise-18-06] rendered dashboard in 51.781361ms 
2025-07-16 02:54:50 [36m[INFO][0m [PID-15] server.go func1:1360 172.18.0.1:54808 GET /view/dashboard/raaise-18-06 56.868364ms 
2025-07-16 02:54:50 [37m[DEBUG][0m [PID-15] server.go 1:284 [raaise-18-06] getting gps 
2025-07-16 02:54:50 [36m[INFO][0m [PID-15] server.go func1:1360 172.18.0.1:54862 GET /view/gps/raaise-18-06 5.940235ms 
2025-07-16 02:54:51 [36m[INFO][0m [PID-15] server.go func1:1360 172.18.0.1:54868 GET /ws?device=all&family=raaise-18-06 109.383µs 
2025-07-16 02:54:55 [37m[DEBUG][0m [PID-15] websockets.go websocketListener:81 removed raaise-18-06-all/172.18.0.1:54868 
2025-07-16 02:54:55 [37m[DEBUG][0m [PID-15] db.go GetSensorFromGreaterTime:429 using minimum timestamp of 1751937957792 
2025-07-16 02:54:55 [37m[DEBUG][0m [PID-15] db.go getRows:1055 getting columns 
2025-07-16 02:54:55 [37m[DEBUG][0m [PID-15] db.go getRows:1062 getting sensorstringsizer 
2025-07-16 02:54:55 [37m[DEBUG][0m [PID-15] db.go getRows:1079 getting locations 
2025-07-16 02:54:55 [37m[DEBUG][0m [PID-15] db.go getRows:1085 got locations 
2025-07-16 02:54:55 [37m[DEBUG][0m [PID-15] server.go 1:367 [raaise-18-06] got sensor from greater time 1.851741ms 
2025-07-16 02:54:55 [37m[DEBUG][0m [PID-15] server.go 1:380 [raaise-18-06] found 3 devices to check 
2025-07-16 02:54:55 [37m[DEBUG][0m [PID-15] server.go 1:381 [raaise-18-06] getting device counts 
2025-07-16 02:54:55 [37m[DEBUG][0m [PID-15] server.go 1:399 found 3 devices 
2025-07-16 02:54:55 [37m[DEBUG][0m [PID-15] server.go 1:400 [raaise-18-06] getting locations 
2025-07-16 02:54:55 [36m[INFO][0m [PID-15] server.go func1:1360 172.18.0.1:54872 GET /ws?device=all&family=raaise-18-06 46.194µs 
2025-07-16 02:54:55 [37m[DEBUG][0m [PID-15] server.go 1:407 found 13 locations 
2025-07-16 02:54:55 [37m[DEBUG][0m [PID-15] server.go 1:408 [raaise-18-06] total learned count 
2025-07-16 02:54:55 [37m[DEBUG][0m [PID-15] server.go 1:434 [raaise-18-06] getting location count 
2025-07-16 02:54:55 [37m[DEBUG][0m [PID-15] server.go 1:440 [raaise-18-06] locations: map[a16:631 a17:500 a03:677 a04:562 a10:653 a02:590 a01:599 a07:550 a06:453 a13:610 a14:541 a15:815 a11:552] 
2025-07-16 02:54:55 [37m[DEBUG][0m [PID-15] server.go 1:489 [raaise-18-06] getting by_locations for 3 devices 
2025-07-16 02:54:55 [37m[DEBUG][0m [PID-15] db.go GetSensorFromGreaterTime:429 using minimum timestamp of 1751940657792 
2025-07-16 02:54:55 [37m[DEBUG][0m [PID-15] db.go getRows:1055 getting columns 
2025-07-16 02:54:55 [37m[DEBUG][0m [PID-15] db.go getRows:1062 getting sensorstringsizer 
2025-07-16 02:54:55 [37m[DEBUG][0m [PID-15] db.go getRows:1079 getting locations 
2025-07-16 02:54:55 [37m[DEBUG][0m [PID-15] db.go getRows:1085 got locations 
2025-07-16 02:54:55 [37m[DEBUG][0m [PID-15] analysis.go GetByLocation:299 [raaise-18-06] got sensor from greater time 3.741103ms 
2025-07-16 02:54:55 [37m[DEBUG][0m [PID-15] analysis.go GetByLocation:313 [raaise-18-06] got predictions in map 193.914µs 
2025-07-16 02:54:55 [37m[DEBUG][0m [PID-15] analysis.go GetByLocation:321 [raaise-18-06] found 1 devices to check 
2025-07-16 02:54:55 [37m[DEBUG][0m [PID-15] analysis.go GetByLocation:331 [raaise-18-06] got device counts 67ns 
2025-07-16 02:54:55 [37m[DEBUG][0m [PID-15] analysis.go GetByLocation:339 [raaise-18-06] got device first-time 519.665µs 
2025-07-16 02:54:55 [37m[DEBUG][0m [PID-15] server.go 1:495 [raaise-18-06] creating device table 
2025-07-16 02:54:55 [37m[DEBUG][0m [PID-15] server.go 1:536 [raaise-18-06] rendered dashboard in 65.539238ms 
2025-07-16 02:54:55 [36m[INFO][0m [PID-15] server.go func1:1360 172.18.0.1:54824 GET /view/dashboard/raaise-18-06 65.893883ms 
2025-07-16 02:54:55 [37m[DEBUG][0m [PID-15] websockets.go websocketListener:81 removed raaise-18-06-all/172.18.0.1:54872 
2025-07-16 02:54:55 [37m[DEBUG][0m [PID-15] server.go 1:284 [raaise-18-06] getting gps 
2025-07-16 02:54:55 [36m[INFO][0m [PID-15] server.go func1:1360 172.18.0.1:54824 GET /view/gps/raaise-18-06 4.541287ms 
2025-07-16 02:54:55 [36m[INFO][0m [PID-15] server.go func1:1360 172.18.0.1:54888 GET /ws?device=all&family=raaise-18-06 68.747µs 
2025-07-16 02:55:13 [37m[DEBUG][0m [PID-15] websockets.go websocketListener:81 removed raaise-18-06-all/172.18.0.1:54888 
2025-07-16 02:55:13 [37m[DEBUG][0m [PID-15] db.go GetSensorFromGreaterTime:429 using minimum timestamp of 1751937957792 
2025-07-16 02:55:13 [37m[DEBUG][0m [PID-15] db.go getRows:1055 getting columns 
2025-07-16 02:55:13 [37m[DEBUG][0m [PID-15] db.go getRows:1062 getting sensorstringsizer 
2025-07-16 02:55:13 [37m[DEBUG][0m [PID-15] db.go getRows:1079 getting locations 
2025-07-16 02:55:13 [37m[DEBUG][0m [PID-15] db.go getRows:1085 got locations 
2025-07-16 02:55:13 [37m[DEBUG][0m [PID-15] server.go 1:367 [raaise-18-06] got sensor from greater time 1.920267ms 
2025-07-16 02:55:13 [37m[DEBUG][0m [PID-15] server.go 1:380 [raaise-18-06] found 3 devices to check 
2025-07-16 02:55:13 [37m[DEBUG][0m [PID-15] server.go 1:381 [raaise-18-06] getting device counts 
2025-07-16 02:55:13 [36m[INFO][0m [PID-15] server.go func1:1360 172.18.0.1:57902 GET /ws?device=all&family=raaise-18-06 41.767µs 
2025-07-16 02:55:13 [37m[DEBUG][0m [PID-15] server.go 1:399 found 3 devices 
2025-07-16 02:55:13 [37m[DEBUG][0m [PID-15] server.go 1:400 [raaise-18-06] getting locations 
2025-07-16 02:55:13 [37m[DEBUG][0m [PID-15] server.go 1:407 found 13 locations 
2025-07-16 02:55:13 [37m[DEBUG][0m [PID-15] server.go 1:408 [raaise-18-06] total learned count 
2025-07-16 02:55:13 [37m[DEBUG][0m [PID-15] server.go 1:434 [raaise-18-06] getting location count 
2025-07-16 02:55:13 [37m[DEBUG][0m [PID-15] server.go 1:440 [raaise-18-06] locations: map[a07:550 a06:453 a04:562 a10:653 a02:590 a01:599 a13:610 a14:541 a15:815 a16:631 a17:500 a03:677 a11:552] 
2025-07-16 02:55:13 [37m[DEBUG][0m [PID-15] server.go 1:489 [raaise-18-06] getting by_locations for 3 devices 
2025-07-16 02:55:13 [37m[DEBUG][0m [PID-15] db.go GetSensorFromGreaterTime:429 using minimum timestamp of 1751940657792 
2025-07-16 02:55:13 [37m[DEBUG][0m [PID-15] db.go getRows:1055 getting columns 
2025-07-16 02:55:13 [37m[DEBUG][0m [PID-15] db.go getRows:1062 getting sensorstringsizer 
2025-07-16 02:55:13 [37m[DEBUG][0m [PID-15] db.go getRows:1079 getting locations 
2025-07-16 02:55:13 [37m[DEBUG][0m [PID-15] db.go getRows:1085 got locations 
2025-07-16 02:55:13 [37m[DEBUG][0m [PID-15] analysis.go GetByLocation:299 [raaise-18-06] got sensor from greater time 5.079094ms 
2025-07-16 02:55:13 [37m[DEBUG][0m [PID-15] analysis.go GetByLocation:313 [raaise-18-06] got predictions in map 135.716µs 
2025-07-16 02:55:13 [37m[DEBUG][0m [PID-15] analysis.go GetByLocation:321 [raaise-18-06] found 1 devices to check 
2025-07-16 02:55:13 [37m[DEBUG][0m [PID-15] analysis.go GetByLocation:331 [raaise-18-06] got device counts 115ns 
2025-07-16 02:55:13 [37m[DEBUG][0m [PID-15] analysis.go GetByLocation:339 [raaise-18-06] got device first-time 418.192µs 
2025-07-16 02:55:13 [37m[DEBUG][0m [PID-15] server.go 1:495 [raaise-18-06] creating device table 
2025-07-16 02:55:13 [37m[DEBUG][0m [PID-15] server.go 1:536 [raaise-18-06] rendered dashboard in 35.912153ms 
2025-07-16 02:55:13 [36m[INFO][0m [PID-15] server.go func1:1360 172.18.0.1:54824 GET /view/dashboard/raaise-18-06 36.17601ms 
2025-07-16 02:55:13 [37m[DEBUG][0m [PID-15] websockets.go websocketListener:81 removed raaise-18-06-all/172.18.0.1:57902 
2025-07-16 02:55:13 [37m[DEBUG][0m [PID-15] server.go 1:284 [raaise-18-06] getting gps 
2025-07-16 02:55:13 [36m[INFO][0m [PID-15] server.go func1:1360 172.18.0.1:54824 GET /view/gps/raaise-18-06 18.687166ms 
2025-07-16 02:55:14 [36m[INFO][0m [PID-15] server.go func1:1360 172.18.0.1:57910 GET /ws?device=all&family=raaise-18-06 144.308µs 
2025-07-16 03:20:48 [37m[DEBUG][0m [PID-15] mode.go Run:49 current families: [raaise-18-06] 
2025-07-16 03:20:48 [36m[INFO][0m [PID-15] server.go Run:579 Running on 0.0.0.0:8003 
2025-07-16 03:21:17 [36m[INFO][0m [PID-15] server.go func1:1360 172.18.0.1:40336 GET /ws?device=all&family=raaise-18-06 101.353µs 
2025-07-16 03:22:58 [37m[DEBUG][0m [PID-15] db.go getRows:1055 getting columns 
2025-07-16 03:22:58 [37m[DEBUG][0m [PID-15] db.go getRows:1062 getting sensorstringsizer 
2025-07-16 03:22:58 [37m[DEBUG][0m [PID-15] db.go getRows:1079 getting locations 
2025-07-16 03:22:58 [37m[DEBUG][0m [PID-15] db.go getRows:1085 got locations 
2025-07-16 03:23:00 [37m[DEBUG][0m [PID-15] calibration.go splitDataForLearning:112 splitting a01 data for cross validation (72 -> 50) 
2025-07-16 03:23:00 [37m[DEBUG][0m [PID-15] calibration.go splitDataForLearning:112 splitting a10 data for cross validation (77 -> 53) 
2025-07-16 03:23:00 [37m[DEBUG][0m [PID-15] calibration.go splitDataForLearning:112 splitting a17 data for cross validation (76 -> 53) 
2025-07-16 03:23:00 [37m[DEBUG][0m [PID-15] calibration.go splitDataForLearning:112 splitting a04 data for cross validation (78 -> 54) 
2025-07-16 03:23:00 [37m[DEBUG][0m [PID-15] calibration.go splitDataForLearning:112 splitting a07 data for cross validation (65 -> 45) 
2025-07-16 03:23:00 [37m[DEBUG][0m [PID-15] calibration.go splitDataForLearning:112 splitting a13 data for cross validation (81 -> 56) 
2025-07-16 03:23:00 [37m[DEBUG][0m [PID-15] calibration.go splitDataForLearning:112 splitting a15 data for cross validation (106 -> 74) 
2025-07-16 03:23:00 [37m[DEBUG][0m [PID-15] calibration.go splitDataForLearning:112 splitting a16 data for cross validation (96 -> 67) 
2025-07-16 03:23:00 [37m[DEBUG][0m [PID-15] calibration.go splitDataForLearning:112 splitting a02 data for cross validation (62 -> 43) 
2025-07-16 03:23:00 [37m[DEBUG][0m [PID-15] calibration.go splitDataForLearning:112 splitting a03 data for cross validation (88 -> 61) 
2025-07-16 03:23:00 [37m[DEBUG][0m [PID-15] calibration.go splitDataForLearning:112 splitting a06 data for cross validation (51 -> 35) 
2025-07-16 03:23:00 [37m[DEBUG][0m [PID-15] calibration.go splitDataForLearning:112 splitting a14 data for cross validation (70 -> 49) 
2025-07-16 03:23:00 [37m[DEBUG][0m [PID-15] calibration.go splitDataForLearning:112 splitting a11 data for cross validation (78 -> 54) 
2025-07-16 03:23:00 [37m[DEBUG][0m [PID-15] calibration.go splitDataForLearning:126 [raaise-18-06]  learning: 1000, testing: 306 
2025-07-16 03:23:00 [37m[DEBUG][0m [PID-15] calibration.go Calibrate:44 naive bayes1 fitting 
2025-07-16 03:23:00 [37m[DEBUG][0m [PID-15] calibration.go Calibrate:52 naive bayes2 fitting 
2025-07-16 03:23:00 [37m[DEBUG][0m [PID-15] calibration.go learnFromData:142 [raaise-18-06] writing data to /data/data/kkmowcbf.csv 
2025-07-16 03:23:00 [36m[INFO][0m [PID-15] calibration.go dumpSensorsToCSV:431 [raaise-18-06] dumping 694 fingerprints to /data/data/kkmowcbf.csv 
2025-07-16 03:23:00 [37m[DEBUG][0m [PID-15] buffer.go learnFromData:450 sending payload: {"family":"raaise-18-06","csv_file":"kkmowcbf.csv","data_folder":"/data/data"} 
2025-07-16 03:23:00 [37m[DEBUG][0m [PID-15] calibration.go learnFromData:174 success: calibrated data 
2025-07-16 03:23:00 [36m[INFO][0m [PID-15] server.go func1:1360 172.18.0.1:53512 GET /api/v1/calibrate/raaise-18-06 2.09495492s 
2025-07-16 03:23:00 [37m[DEBUG][0m [PID-15] calibration.go findBestAlgorithm:185 [raaise-18-06] finding best algorithm for 306 data 
2025-07-16 03:23:01 [37m[DEBUG][0m [PID-15] analysis.go func1:112 [raaise-18-06] python classified 18.1337ms 
2025-07-16 03:23:01 [31m[ERROR][0m [PID-15] analysis.go AnalyzeSensorData:222 problem analyzing: no predictions 
2025-07-16 03:23:01 [33m[WARN][0m [PID-15] calibration.go func1:202 problem with machine learnaing: problem analyzing: no predictions: {Timestamp:1750229650933 Family:raaise-18-06 Device:user 1 Location:a01 Sensors:map[bluetooth:map[] wifi:map[38:91:b7:1c:0b:dd:-81 38:91:b7:1c:0b:dc:-81 00:df:1d:de:de:f3:-53 38:91:b7:1c:08:4c:-76 00:df:1d:de:de:fc:-67 1c:61:b4:88:79:ca:-86 00:df:1d:de:de:ff:-67 50:91:e3:f8:87:2b:-81 ec:f4:0c:2f:57:df:-96 00:df:1d:de:de:fe:-66 aa:61:b4:88:79:cf:-88 54:af:97:56:4d:dd:-82 38:91:b7:1c:76:50:-55 38:91:b7:1a:22:e1:-79 00:df:1d:de:de:fd:-67 aa:61:b4:88:79:ce:-89 00:df:1d:de:de:f1:-51 38:91:b7:1c:0b:df:-82 52:91:e3:78:87:29:-81 52:91:e3:28:87:29:-74 5e:62:8b:28:95:da:-64 54:af:97:56:4d:dc:-82 5e:62:8b:28:98:fb:-74 5e:62:8b:28:93:ae:-62 38:91:b7:19:2e:4d:-88 6c:cd:d6:ca:90:e1:-71 5e:62:8b:28:93:af:-60 ec:f4:0c:2f:57:dc:-94 38:91:b7:1c:76:52:-56 9c:a2:f4:58:88:db:-92 5e:62:8b:28:95:db:-60 38:91:b7:1c:76:51:-55 ec:f4:0c:2f:57:dd:-95 38:91:b7:19:2e:4c:-89 38:91:b7:1c:08:4e:-76 38:91:b7:19:2e:4e:-89 38:91:b7:1c:08:4d:-75 38:91:b7:1a:22:e3:-79 38:91:b7:1a:22:e0:-79 6c:cd:d6:ca:90:e2:-79 38:91:b7:1c:76:53:-55 00:df:1d:de:de:f0:-51 ec:f4:0c:2f:57:de:-94 38:91:b7:1c:0b:de:-82 38:91:b7:19:2e:4f:-88 38:91:b7:1a:22:e2:-79 00:df:1d:de:de:f2:-51 38:91:b7:1c:08:4f:-76]] GPS:{Latitude:0 Longitude:0 Altitude:0}} 
2025-07-16 03:23:01 [31m[ERROR][0m [PID-15] analysis.go AnalyzeSensorData:222 problem analyzing: no predictions 
2025-07-16 03:23:01 [33m[WARN][0m [PID-15] calibration.go func1:202 problem with machine learnaing: problem analyzing: no predictions: {Timestamp:1750229476984 Family:raaise-18-06 Device:user 2 Location:a01 Sensors:map[bluetooth:map[] wifi:map[00:df:1d:de:de:f3:-56 38:91:b7:1a:22:e0:-80 62:61:b4:88:79:ce:-70 38:91:b7:1c:0b:df:-76 38:91:b7:1c:08:4d:-70 38:91:b7:1a:22:ec:-87 ec:f4:0c:2f:57:de:-94 38:91:b7:19:2e:4f:-89 1c:61:b4:88:79:cb:-70 38:91:b7:1a:22:e3:-80 ec:f4:0c:2f:57:dd:-94 38:91:b7:1c:0b:dd:-76 38:91:b7:1c:01:bd:-68 38:91:b7:1c:0b:de:-75 38:91:b7:19:2e:4c:-89 38:91:b7:19:2e:4e:-89 38:91:b7:1c:01:be:-69 38:91:b7:1a:22:e2:-80 38:91:b7:1c:76:51:-60 5e:62:8b:28:93:af:-57 00:df:1d:de:de:f1:-57 00:df:1d:de:de:fd:-69 54:af:97:56:4d:dc:-83 ec:f4:0c:2f:57:df:-94 00:df:1d:de:de:ff:-68 1c:61:b4:88:79:ca:-80 38:91:b7:1c:66:0d:-58 38:91:b7:1c:08:4c:-70 38:91:b7:1c:76:52:-60 38:91:b7:1c:08:4f:-70 38:91:b7:19:2e:4d:-89 5c:62:8b:68:95:db:-60 38:91:b7:1a:22:ee:-87 5e:62:8b:28:95:db:-59 38:91:b7:1a:22:ef:-87 00:df:1d:de:de:fe:-69 38:91:b7:1c:08:4e:-70 50:91:e3:f8:87:29:-74 38:91:b7:1c:76:5f:-68 50:91:e3:f8:87:2b:-77 38:91:b7:1c:66:0e:-58 00:df:1d:de:de:f0:-58 38:91:b7:1c:76:50:-60 ec:f4:0c:2f:57:dc:-94 38:91:b7:1c:66:0c:-58 38:91:b7:1c:01:bc:-68 38:91:b7:1c:76:5c:-68 38:91:b7:1c:01:bf:-68 38:91:b7:1c:66:0f:-58 00:df:1d:de:de:f2:-57 38:91:b7:1a:22:e1:-80 38:91:b7:1c:76:5e:-68 52:91:e3:28:87:29:-73 00:df:1d:de:de:fc:-68 38:91:b7:1c:76:5d:-68 38:91:b7:1a:22:ed:-87 38:91:b7:1c:0b:dc:-76 38:91:b7:1c:76:53:-60]] GPS:{Latitude:0 Longitude:0 Altitude:0}} 
2025-07-16 03:23:01 [37m[DEBUG][0m [PID-15] analysis.go func1:112 [raaise-18-06] python classified 60.195145ms 
2025-07-16 03:23:01 [37m[DEBUG][0m [PID-15] analysis.go func1:112 [raaise-18-06] python classified 62.656508ms 
2025-07-16 03:23:01 [31m[ERROR][0m [PID-15] analysis.go AnalyzeSensorData:222 problem analyzing: no predictions 
2025-07-16 03:23:01 [33m[WARN][0m [PID-15] calibration.go func1:202 problem with machine learnaing: problem analyzing: no predictions: {Timestamp:1750222289154 Family:raaise-18-06 Device:user 2 Location:a01 Sensors:map[bluetooth:map[] wifi:map[00:df:1d:de:de:fc:-70 38:91:b7:1c:76:51:-62 38:91:b7:1c:76:52:-63 38:91:b7:1c:76:5f:-77 38:91:b7:1c:08:4e:-75 5e:62:8b:28:99:e3:-76 5e:62:8b:28:98:fb:-83 5e:62:8b:28:97:af:-72 38:91:b7:1c:0b:df:-78 38:91:b7:19:2e:4c:-90 38:91:b7:1a:22:ec:-86 38:91:b7:1c:08:4c:-75 00:df:1d:de:de:f3:-51 5c:62:8b:68:98:fb:-83 00:df:1d:de:de:ff:-70 00:df:1d:de:de:f2:-52 5e:62:8b:28:93:af:-59 38:91:b7:1c:0b:dc:-78 38:91:b7:1c:66:0c:-58 38:91:b7:1c:76:53:-63 38:91:b7:1c:76:5d:-78 38:91:b7:1c:08:4f:-75 38:91:b7:1c:0b:de:-78 38:91:b7:1c:01:bc:-69 5c:62:8b:68:95:da:-64 38:91:b7:1c:76:50:-62 1c:61:b4:88:79:ca:-85 38:91:b7:1a:22:ed:-86 6c:cd:d6:ca:90:e2:-84 50:91:e3:f8:87:2b:-82 38:91:b7:1c:01:bd:-69 54:af:97:56:4d:dc:-83 38:91:b7:19:2e:4e:-91 38:91:b7:1c:01:bf:-69 00:df:1d:de:de:f0:-51 38:91:b7:1a:22:ef:-86 38:91:b7:1c:0b:dd:-78 5e:62:8b:28:98:fa:-73 5c:62:8b:68:99:e3:-76 38:91:b7:1c:66:0e:-58 5e:62:8b:28:93:ae:-55 38:91:b7:1c:76:5e:-77 62:61:b4:88:79:ce:-84 00:df:1d:de:de:fd:-70 50:91:e3:f8:87:29:-79 38:91:b7:1c:01:be:-69 38:91:b7:1c:08:4d:-75 1c:61:b4:88:79:cb:-83 6c:cd:d6:ca:90:e1:-80 52:91:e3:78:87:29:-82 38:91:b7:19:2e:4f:-91 38:91:b7:1c:66:0d:-58 38:91:b7:1a:22:ee:-85 38:91:b7:1c:76:5c:-78 00:df:1d:de:de:f1:-51 5e:62:8b:28:95:db:-65 38:91:b7:19:2e:4d:-89 5c:62:8b:68:98:fa:-74 38:91:b7:1c:66:0f:-58 00:df:1d:de:de:fe:-70]] GPS:{Latitude:0 Longitude:0 Altitude:0}} 
2025-07-16 03:23:01 [31m[ERROR][0m [PID-15] analysis.go AnalyzeSensorData:222 problem analyzing: no predictions 
2025-07-16 03:23:01 [33m[WARN][0m [PID-15] calibration.go func1:202 problem with machine learnaing: problem analyzing: no predictions: {Timestamp:1750222509157 Family:raaise-18-06 Device:user 2 Location:a01 Sensors:map[bluetooth:map[] wifi:map[38:91:b7:1c:08:4c:-74 1c:61:b4:88:79:cc:-84 38:91:b7:1c:76:50:-55 38:91:b7:1c:0b:de:-77 5e:62:8b:28:97:af:-76 38:91:b7:1a:22:ec:-78 38:91:b7:1c:66:0d:-53 50:91:e3:f8:87:29:-76 1c:61:b4:88:79:cb:-75 38:91:b7:1c:0b:dd:-78 00:df:1d:de:de:f0:-52 38:91:b7:1c:08:4f:-73 38:91:b7:1c:66:0f:-53 00:df:1d:de:de:fc:-71 38:91:b7:1c:66:0e:-53 5c:62:8b:68:93:ae:-53 00:df:1d:de:de:f3:-52 38:91:b7:1c:76:5f:-61 5e:62:8b:28:99:e3:-65 38:91:b7:1c:08:4e:-74 5e:62:8b:28:95:db:-58 00:df:1d:de:de:f2:-51 ec:f4:0c:2f:57:df:-87 38:91:b7:1c:01:be:-69 5e:62:8b:28:93:af:-58 00:df:1d:de:de:fe:-71 54:af:97:56:4d:dc:-82 38:91:b7:1c:0b:dc:-77 38:91:b7:1a:22:ed:-78 38:91:b7:1a:22:e1:-80 38:91:b7:1c:01:bd:-69 1c:61:b4:88:79:ca:-81 38:91:b7:1c:01:bf:-69 ec:f4:0c:2f:57:de:-87 6c:cd:d6:ca:90:e1:-74 50:91:e3:f8:87:2b:-81 38:91:b7:1c:76:5c:-61 38:91:b7:19:2e:4f:-85 38:91:b7:1a:22:e3:-81 5e:62:8b:28:93:ae:-54 38:91:b7:1a:22:e0:-81 38:91:b7:1c:66:0c:-53 38:91:b7:1a:22:ef:-77 9c:a2:f4:58:88:db:-87 38:91:b7:1c:01:bc:-70 9a:61:b4:88:79:cc:-81 00:df:1d:de:de:ff:-71 5c:62:8b:68:95:db:-57 38:91:b7:19:2e:4e:-86 38:91:b7:1c:76:51:-55 38:91:b7:1c:76:5d:-61 38:91:b7:1a:22:e2:-80 86:69:93:27:ad:35:-89 ec:f4:0c:2f:57:dc:-87 aa:61:b4:88:79:cf:-84 38:91:b7:1c:76:53:-55 54:af:97:56:4d:dd:-85 38:91:b7:1c:0b:df:-77 62:61:b4:88:79:ce:-74 38:91:b7:19:2e:4d:-86 ec:f4:0c:2f:57:dd:-86 5e:62:8b:28:95:da:-60 38:91:b7:19:2e:4c:-85 6c:cd:d6:ca:90:e2:-72 38:91:b7:1c:08:4d:-73 5c:62:8b:68:93:af:-57 38:91:b7:1a:22:ee:-78 00:df:1d:de:de:fd:-70 38:91:b7:1c:76:52:-55 38:91:b7:1c:76:5e:-61 00:df:1d:de:de:f1:-52]] GPS:{Latitude:0 Longitude:0 Altitude:0}} 
2025-07-16 03:23:01 [31m[ERROR][0m [PID-15] analysis.go AnalyzeSensorData:222 problem analyzing: no predictions 
2025-07-16 03:23:01 [33m[WARN][0m [PID-15] calibration.go func1:202 problem with machine learnaing: problem analyzing: no predictions: {Timestamp:1750229356978 Family:raaise-18-06 Device:user 2 Location:a01 Sensors:map[bluetooth:map[] wifi:map[5e:62:8b:28:95:db:-59 38:91:b7:1c:66:0f:-58 5e:62:8b:28:93:af:-56 00:df:1d:de:de:f3:-59 62:61:b4:88:79:ce:-70 5c:62:8b:68:93:ae:-61 38:91:b7:1c:76:51:-57 38:91:b7:1c:08:4f:-70 38:91:b7:1c:76:50:-59 1c:61:b4:88:79:cb:-70 5e:62:8b:28:95:da:-63 52:91:e3:78:87:29:-77 38:91:b7:1a:22:ee:-87 38:91:b7:1a:22:ed:-86 00:df:1d:de:de:f1:-59 38:91:b7:1c:76:5e:-68 ec:f4:0c:2f:57:dc:-96 ec:f4:0c:2f:57:df:-94 38:91:b7:1a:22:e1:-80 00:df:1d:de:de:f0:-58 38:91:b7:1a:22:ef:-86 1c:61:b4:88:79:ca:-80 54:af:97:56:4d:dc:-84 ec:f4:0c:2f:57:dd:-94 38:91:b7:1c:76:52:-58 50:91:e3:f8:87:2b:-77 86:69:93:27:ad:35:-94 38:91:b7:1c:76:5f:-68 38:91:b7:1a:22:e2:-81 38:91:b7:1c:08:4d:-70 38:91:b7:1c:08:4c:-70 6c:cd:d6:ca:90:e1:-74 38:91:b7:1c:66:0c:-58 38:91:b7:1c:66:0d:-58 38:91:b7:1a:22:e0:-81 ec:f4:0c:2f:57:de:-94 38:91:b7:1c:76:53:-58 38:91:b7:1a:22:ec:-87 6c:cd:d6:ca:90:e2:-76 38:91:b7:1c:66:0e:-58 38:91:b7:1a:22:e3:-81 38:91:b7:1c:76:5c:-69 38:91:b7:1c:76:5d:-69 00:df:1d:de:de:f2:-58 52:91:e3:28:87:29:-74 5e:62:8b:28:93:ae:-60 38:91:b7:1c:08:4e:-70]] GPS:{Latitude:0 Longitude:0 Altitude:0}} 
2025-07-16 03:23:01 [37m[DEBUG][0m [PID-15] analysis.go func1:112 [raaise-18-06] python classified 276.850269ms 
2025-07-16 03:23:01 [37m[DEBUG][0m [PID-15] analysis.go func1:112 [raaise-18-06] python classified 277.077679ms 
2025-07-16 03:23:01 [37m[DEBUG][0m [PID-15] analysis.go func1:112 [raaise-18-06] python classified 358.039842ms 
2025-07-16 03:23:01 [37m[DEBUG][0m [PID-15] analysis.go func1:112 [raaise-18-06] python classified 384.955676ms 
2025-07-16 03:23:01 [37m[DEBUG][0m [PID-15] analysis.go func1:112 [raaise-18-06] python classified 398.068727ms 
2025-07-16 03:23:01 [37m[DEBUG][0m [PID-15] analysis.go func1:112 [raaise-18-06] python classified 612.919176ms 
2025-07-16 03:23:02 [37m[DEBUG][0m [PID-15] analysis.go func2:126 [raaise-18-06] nb1 classified 1.413806701s 
2025-07-16 03:23:02 [37m[DEBUG][0m [PID-15] analysis.go func2:126 [raaise-18-06] nb1 classified 1.594731417s 
2025-07-16 03:23:02 [37m[DEBUG][0m [PID-15] analysis.go AnalyzeSensorData:222 [raaise-18-06] analyzed in 1.597422458s 
2025-07-16 03:23:02 [37m[DEBUG][0m [PID-15] analysis.go func2:126 [raaise-18-06] nb1 classified 1.616723194s 
2025-07-16 03:23:02 [37m[DEBUG][0m [PID-15] analysis.go func2:126 [raaise-18-06] nb1 classified 1.8930147s 
2025-07-16 03:23:02 [37m[DEBUG][0m [PID-15] analysis.go AnalyzeSensorData:222 [raaise-18-06] analyzed in 1.893955031s 
2025-07-16 03:23:02 [37m[DEBUG][0m [PID-15] analysis.go func2:126 [raaise-18-06] nb1 classified 1.916158594s 
2025-07-16 03:23:02 [37m[DEBUG][0m [PID-15] analysis.go func2:126 [raaise-18-06] nb1 classified 1.973265513s 
2025-07-16 03:23:03 [37m[DEBUG][0m [PID-15] analysis.go func2:126 [raaise-18-06] nb1 classified 2.069724919s 
2025-07-16 03:23:03 [37m[DEBUG][0m [PID-15] analysis.go func2:126 [raaise-18-06] nb1 classified 2.080271293s 
2025-07-16 03:23:03 [37m[DEBUG][0m [PID-15] analysis.go AnalyzeSensorData:222 [raaise-18-06] analyzed in 2.081393431s 
2025-07-16 03:23:03 [31m[ERROR][0m [PID-15] analysis.go AnalyzeSensorData:222 problem analyzing: no predictions 
2025-07-16 03:23:03 [33m[WARN][0m [PID-15] calibration.go func1:202 problem with machine learnaing: problem analyzing: no predictions: {Timestamp:1750229711981 Family:raaise-18-06 Device:user 2 Location:a01 Sensors:map[bluetooth:map[] wifi:map[38:91:b7:1c:66:0e:-58 1c:61:b4:88:79:cb:-70 38:91:b7:1c:01:bd:-68 50:91:e3:f8:87:2b:-77 38:91:b7:1c:08:4c:-69 00:df:1d:de:de:f2:-57 00:df:1d:de:de:fc:-69 38:91:b7:1c:66:0d:-58 6c:cd:d6:ca:90:e2:-77 5e:62:8b:28:99:e3:-71 1c:61:b4:88:79:ca:-80 38:91:b7:1c:66:0f:-58 1c:61:b4:88:79:cc:-88 ec:f4:0c:2f:57:dd:-95 38:91:b7:1c:76:5c:-68 38:91:b7:1c:76:5e:-70 38:91:b7:1a:22:e2:-81 5e:62:8b:28:95:da:-62 38:91:b7:1c:0b:dc:-75 38:91:b7:1a:22:ee:-87 00:df:1d:de:de:f1:-59 38:91:b7:19:2e:4c:-90 54:af:97:56:4d:dc:-83 38:91:b7:19:2e:4e:-89 38:91:b7:1c:76:51:-59 38:91:b7:1c:76:52:-59 86:69:93:27:ad:35:-91 38:91:b7:19:2e:4d:-89 5e:62:8b:28:93:ae:-61 38:91:b7:1c:76:5d:-68 38:91:b7:1c:01:bf:-68 5e:62:8b:28:95:db:-60 38:91:b7:1c:66:0c:-58 00:df:1d:de:de:fd:-69 38:91:b7:1c:0b:de:-76 38:91:b7:1a:22:e1:-80 aa:61:b4:88:79:cf:-82 ec:f4:0c:2f:57:df:-94 5e:62:8b:28:98:fb:-77 38:91:b7:1c:76:5f:-68 52:91:e3:28:87:29:-74 ec:f4:0c:2f:57:de:-94 38:91:b7:1c:0b:df:-76 38:91:b7:1c:08:4e:-70 38:91:b7:1c:76:53:-59 38:91:b7:1c:01:bc:-68 5e:62:8b:28:93:af:-57 38:91:b7:1c:08:4d:-70 38:91:b7:1a:22:e3:-80 38:91:b7:1a:22:ed:-87 38:91:b7:19:2e:4f:-90 ec:f4:0c:2f:57:dc:-94 00:df:1d:de:de:f3:-58 00:df:1d:de:de:ff:-68 38:91:b7:1c:76:50:-59 00:df:1d:de:de:fe:-69 38:91:b7:1a:22:e0:-80 38:91:b7:1c:0b:dd:-76 38:91:b7:1a:22:ef:-87 62:61:b4:88:79:ce:-70 00:df:1d:de:de:f0:-58 38:91:b7:1a:22:ec:-87 38:91:b7:1c:01:be:-69 38:91:b7:1c:08:4f:-70]] GPS:{Latitude:0 Longitude:0 Altitude:0}} 
2025-07-16 03:23:03 [37m[DEBUG][0m [PID-15] analysis.go AnalyzeSensorData:222 [raaise-18-06] analyzed in 2.015648258s 
2025-07-16 03:23:03 [37m[DEBUG][0m [PID-15] analysis.go func2:126 [raaise-18-06] nb1 classified 1.986125907s 
2025-07-16 03:23:03 [37m[DEBUG][0m [PID-15] analysis.go AnalyzeSensorData:222 [raaise-18-06] analyzed in 1.987054161s 
2025-07-16 03:23:03 [37m[DEBUG][0m [PID-15] analysis.go func2:126 [raaise-18-06] nb1 classified 2.17714192s 
2025-07-16 03:23:03 [37m[DEBUG][0m [PID-15] analysis.go func2:126 [raaise-18-06] nb1 classified 2.194526635s 
2025-07-16 03:23:03 [37m[DEBUG][0m [PID-15] analysis.go func2:126 [raaise-18-06] nb1 classified 2.194700315s 
2025-07-16 03:23:03 [37m[DEBUG][0m [PID-15] analysis.go AnalyzeSensorData:222 [raaise-18-06] analyzed in 2.195621636s 
2025-07-16 03:23:03 [37m[DEBUG][0m [PID-15] analysis.go AnalyzeSensorData:222 [raaise-18-06] analyzed in 2.21831632s 
2025-07-16 03:23:03 [37m[DEBUG][0m [PID-15] analysis.go func1:112 [raaise-18-06] python classified 392.82881ms 
2025-07-16 03:23:03 [37m[DEBUG][0m [PID-15] analysis.go func2:126 [raaise-18-06] nb1 classified 2.393289347s 
2025-07-16 03:23:03 [37m[DEBUG][0m [PID-15] analysis.go AnalyzeSensorData:222 [raaise-18-06] analyzed in 2.394479293s 
2025-07-16 03:23:03 [31m[ERROR][0m [PID-15] analysis.go AnalyzeSensorData:222 problem analyzing: no predictions 
2025-07-16 03:23:03 [33m[WARN][0m [PID-15] calibration.go func1:202 problem with machine learnaing: problem analyzing: no predictions: {Timestamp:1751932508369 Family:raaise-18-06 Device:intruder Location:a01 Sensors:map[bluetooth:map[] wifi:map[50:91:e3:f8:87:29:-49 38:91:b7:1a:22:e3:-32 38:91:b7:1c:0b:dd:-87 38:91:b7:1c:0b:dc:-89 50:91:e3:f8:87:2b:-56 6c:cd:d6:ca:90:e2:-48 1c:61:b4:88:79:ca:-67 ec:f4:0c:2f:57:dc:-71 5e:62:8b:28:98:fa:-41 ec:f4:0c:2f:57:df:-71 5e:62:8b:28:95:db:-80 38:91:b7:1c:08:4d:-91 38:91:b7:1a:22:e0:-33 38:91:b7:1c:0b:de:-88 38:91:b7:1c:08:4f:-91 38:91:b7:1c:66:0f:-85 38:91:b7:1c:66:0c:-86 38:91:b7:1a:22:e1:-32 38:91:b7:1c:0b:df:-88 5c:62:8b:68:97:af:-63 38:91:b7:1c:01:be:-69 38:91:b7:1c:01:bf:-69 5c:62:8b:68:95:da:-75 54:af:97:56:4d:dd:-64 38:91:b7:1c:66:0e:-86 9a:61:b4:88:79:cc:-67 62:61:b4:88:79:ce:-58 5e:62:8b:28:99:e2:-44 6c:cd:d6:ca:90:e1:-51 5e:62:8b:28:99:e3:-44 38:91:b7:1c:08:4e:-91 52:91:e3:78:87:29:-56 1c:61:b4:88:79:cb:-58 38:91:b7:1c:66:0d:-86 ec:f4:0c:2f:57:dd:-71 ec:f4:0c:2f:57:de:-70 38:91:b7:1a:22:e2:-32 52:91:e3:28:87:29:-49 54:af:97:56:4d:dc:-61 38:91:b7:1c:01:bc:-69 38:91:b7:1c:01:bd:-69 38:91:b7:1c:08:4c:-90]] GPS:{Latitude:0 Longitude:0 Altitude:0}} 
2025-07-16 03:23:03 [37m[DEBUG][0m [PID-15] analysis.go func1:112 [raaise-18-06] python classified 462.658334ms 
2025-07-16 03:23:03 [37m[DEBUG][0m [PID-15] analysis.go func1:112 [raaise-18-06] python classified 462.541686ms 
2025-07-16 03:23:03 [37m[DEBUG][0m [PID-15] analysis.go func1:112 [raaise-18-06] python classified 379.789783ms 
2025-07-16 03:23:03 [37m[DEBUG][0m [PID-15] analysis.go func1:112 [raaise-18-06] python classified 500.978192ms 
2025-07-16 03:23:03 [37m[DEBUG][0m [PID-15] analysis.go func1:112 [raaise-18-06] python classified 563.608735ms 
2025-07-16 03:23:03 [37m[DEBUG][0m [PID-15] analysis.go func2:126 [raaise-18-06] nb1 classified 2.608775193s 
2025-07-16 03:23:03 [37m[DEBUG][0m [PID-15] analysis.go AnalyzeSensorData:222 [raaise-18-06] analyzed in 2.61007278s 
2025-07-16 03:23:03 [37m[DEBUG][0m [PID-15] analysis.go func1:112 [raaise-18-06] python classified 391.67887ms 
2025-07-16 03:23:03 [37m[DEBUG][0m [PID-15] analysis.go func1:112 [raaise-18-06] python classified 488.107437ms 
2025-07-16 03:23:04 [37m[DEBUG][0m [PID-15] analysis.go func2:126 [raaise-18-06] nb1 classified 874.26191ms 
2025-07-16 03:23:04 [31m[ERROR][0m [PID-15] analysis.go AnalyzeSensorData:222 problem analyzing: no predictions 
2025-07-16 03:23:04 [33m[WARN][0m [PID-15] calibration.go func1:202 problem with machine learnaing: problem analyzing: no predictions: {Timestamp:1750219886168 Family:raaise-18-06 Device:user 1 Location:a10 Sensors:map[bluetooth:map[] wifi:map[54:af:97:56:4d:dc:-69 5e:62:8b:28:97:af:-52 38:91:b7:19:2e:4c:-67 38:91:b7:1c:0b:dc:-51 a6:1b:6a:b4:0b:04:-91 50:91:e3:f8:87:29:-57 38:91:b7:1c:76:52:-62 38:91:b7:19:2e:4d:-68 5c:62:8b:68:93:af:-45 00:df:1d:de:de:fe:-77 38:91:b7:1c:08:4e:-60 52:91:e3:28:87:29:-57 18:a6:f7:21:47:c6:-94 38:91:b7:1c:76:53:-64 38:91:b7:1c:0b:dd:-51 38:91:b7:1c:0b:df:-51 00:df:1d:de:de:fd:-76 38:91:b7:1c:08:4d:-60 00:df:1d:de:de:fc:-77 1c:61:b4:88:79:ca:-65 38:91:b7:1c:76:51:-62 00:df:1d:de:de:f1:-72 ec:f4:0c:2f:57:dd:-74 1c:61:b4:88:79:cc:-68 38:91:b7:19:2e:4e:-67 00:df:1d:de:de:f2:-71 38:91:b7:1c:08:4c:-61 5c:62:8b:68:93:ae:-36 38:91:b7:19:2e:4f:-67 6c:cd:d6:ca:90:e2:-69 00:df:1d:de:de:ff:-77 9c:a2:f4:58:88:db:-70 aa:61:b4:88:79:ce:-69 6c:cd:d6:ca:90:e1:-57 5e:62:8b:28:93:ae:-37 38:91:b7:1c:0b:de:-51 ec:f4:0c:2f:57:df:-74 38:91:b7:1c:08:4f:-61 50:91:e3:f8:87:2b:-69 5c:62:8b:68:95:db:-46 ec:f4:0c:2f:57:de:-74 5e:62:8b:28:95:db:-46 5c:62:8b:68:97:af:-52 38:91:b7:1c:76:50:-62 86:69:93:27:ad:35:-73 9a:61:b4:88:79:cc:-65 5e:62:8b:28:93:af:-46 5e:62:8b:28:95:da:-46 00:df:1d:de:de:f3:-71 ec:f4:0c:2f:57:dc:-74]] GPS:{Latitude:0 Longitude:0 Altitude:0}} 
2025-07-16 03:23:04 [37m[DEBUG][0m [PID-15] analysis.go func2:126 [raaise-18-06] nb1 classified 1.137904749s 
2025-07-16 03:23:04 [37m[DEBUG][0m [PID-15] analysis.go AnalyzeSensorData:222 [raaise-18-06] analyzed in 1.138955486s 
2025-07-16 03:23:04 [37m[DEBUG][0m [PID-15] analysis.go func2:126 [raaise-18-06] nb1 classified 1.342264263s 
2025-07-16 03:23:04 [37m[DEBUG][0m [PID-15] analysis.go AnalyzeSensorData:222 [raaise-18-06] analyzed in 1.343185939s 
2025-07-16 03:23:04 [37m[DEBUG][0m [PID-15] analysis.go func2:126 [raaise-18-06] nb1 classified 1.20209213s 
2025-07-16 03:23:04 [37m[DEBUG][0m [PID-15] analysis.go AnalyzeSensorData:222 [raaise-18-06] analyzed in 1.203029264s 
2025-07-16 03:23:04 [37m[DEBUG][0m [PID-15] analysis.go func2:126 [raaise-18-06] nb1 classified 1.381415683s 
2025-07-16 03:23:04 [37m[DEBUG][0m [PID-15] analysis.go AnalyzeSensorData:222 [raaise-18-06] analyzed in 1.383254564s 
2025-07-16 03:23:04 [37m[DEBUG][0m [PID-15] analysis.go func1:112 [raaise-18-06] python classified 364.03634ms 
2025-07-16 03:23:04 [37m[DEBUG][0m [PID-15] analysis.go func2:126 [raaise-18-06] nb1 classified 1.887636428s 
2025-07-16 03:23:04 [37m[DEBUG][0m [PID-15] analysis.go func2:126 [raaise-18-06] nb1 classified 1.388447658s 
2025-07-16 03:23:04 [37m[DEBUG][0m [PID-15] analysis.go AnalyzeSensorData:222 [raaise-18-06] analyzed in 1.389552654s 
2025-07-16 03:23:04 [37m[DEBUG][0m [PID-15] analysis.go func2:126 [raaise-18-06] nb1 classified 1.189353368s 
2025-07-16 03:23:04 [37m[DEBUG][0m [PID-15] analysis.go AnalyzeSensorData:222 [raaise-18-06] analyzed in 1.190204403s 
2025-07-16 03:23:04 [37m[DEBUG][0m [PID-15] analysis.go func2:126 [raaise-18-06] nb1 classified 1.40946602s 
2025-07-16 03:23:04 [37m[DEBUG][0m [PID-15] analysis.go AnalyzeSensorData:222 [raaise-18-06] analyzed in 1.487047092s 
2025-07-16 03:23:04 [37m[DEBUG][0m [PID-15] analysis.go func1:112 [raaise-18-06] python classified 394.952061ms 
2025-07-16 03:23:04 [37m[DEBUG][0m [PID-15] analysis.go func1:112 [raaise-18-06] python classified 364.221271ms 
2025-07-16 03:23:04 [37m[DEBUG][0m [PID-15] analysis.go func1:112 [raaise-18-06] python classified 430.485597ms 
2025-07-16 03:23:04 [37m[DEBUG][0m [PID-15] analysis.go func1:112 [raaise-18-06] python classified 387.169988ms 
2025-07-16 03:23:04 [31m[ERROR][0m [PID-15] analysis.go AnalyzeSensorData:222 problem analyzing: no predictions 
2025-07-16 03:23:04 [33m[WARN][0m [PID-15] calibration.go func1:202 problem with machine learnaing: problem analyzing: no predictions: {Timestamp:1751938017873 Family:raaise-18-06 Device:user 1 Location:a10 Sensors:map[bluetooth:map[] wifi:map[ec:f4:0c:2f:57:df:-83 00:df:1d:de:de:fd:-76 38:91:b7:19:2e:4f:-70 38:91:b7:1a:22:ef:-80 38:91:b7:1c:08:4c:-60 38:91:b7:1a:22:ee:-80 38:91:b7:1c:66:0e:-69 38:91:b7:19:2e:4e:-68 ec:f4:0c:2f:57:dd:-82 38:91:b7:19:2e:4c:-70 5e:62:8b:28:97:af:-54 1c:61:b4:88:79:ca:-69 00:df:1d:de:de:ff:-76 38:91:b7:1c:66:0d:-69 38:91:b7:1a:22:ed:-80 5e:62:8b:28:95:db:-50 38:91:b7:1c:0b:dd:-60 38:91:b7:1c:66:0f:-69 54:af:97:56:4d:dc:-68 38:91:b7:1a:22:ec:-80 00:df:1d:de:de:fc:-76 5c:62:8b:68:95:db:-49 38:91:b7:1c:0b:de:-60 ec:f4:0c:2f:57:dc:-82 9a:61:b4:88:79:cc:-70 5e:62:8b:28:93:af:-46 1c:61:b4:88:79:cb:-63 38:91:b7:1c:66:0c:-69 38:91:b7:1c:0b:df:-60 ec:f4:0c:2f:57:de:-83 62:61:b4:88:79:ce:-63 5e:62:8b:28:93:ae:-36 38:91:b7:19:2e:4d:-68 38:91:b7:1c:08:4d:-60 5c:62:8b:68:93:af:-47 38:91:b7:1c:08:4f:-61 5e:62:8b:28:97:ae:-46 6c:cd:d6:ca:90:e2:-68 00:df:1d:de:de:fe:-76 38:91:b7:1c:0b:dc:-60 38:91:b7:1c:08:4e:-60]] GPS:{Latitude:0 Longitude:0 Altitude:0}} 
2025-07-16 03:23:05 [37m[DEBUG][0m [PID-15] analysis.go func1:112 [raaise-18-06] python classified 401.147195ms 
2025-07-16 03:23:05 [37m[DEBUG][0m [PID-15] analysis.go func2:126 [raaise-18-06] nb1 classified 1.287276965s 
2025-07-16 03:23:05 [37m[DEBUG][0m [PID-15] analysis.go func2:126 [raaise-18-06] nb1 classified 1.653881327s 
2025-07-16 03:23:05 [37m[DEBUG][0m [PID-15] analysis.go AnalyzeSensorData:222 [raaise-18-06] analyzed in 1.656242319s 
2025-07-16 03:23:05 [37m[DEBUG][0m [PID-15] analysis.go func2:126 [raaise-18-06] nb1 classified 985.45941ms 
2025-07-16 03:23:05 [37m[DEBUG][0m [PID-15] analysis.go func1:112 [raaise-18-06] python classified 447.381443ms 
2025-07-16 03:23:05 [37m[DEBUG][0m [PID-15] analysis.go AnalyzeSensorData:222 [raaise-18-06] analyzed in 1.0457739s 
2025-07-16 03:23:05 [37m[DEBUG][0m [PID-15] analysis.go func1:112 [raaise-18-06] python classified 361.062936ms 
2025-07-16 03:23:05 [37m[DEBUG][0m [PID-15] analysis.go func2:126 [raaise-18-06] nb1 classified 1.217297885s 
2025-07-16 03:23:05 [37m[DEBUG][0m [PID-15] analysis.go AnalyzeSensorData:222 [raaise-18-06] analyzed in 1.218401593s 
2025-07-16 03:23:05 [37m[DEBUG][0m [PID-15] analysis.go func2:126 [raaise-18-06] nb1 classified 1.168702336s 
2025-07-16 03:23:05 [31m[ERROR][0m [PID-15] analysis.go AnalyzeSensorData:222 problem analyzing: no predictions 
2025-07-16 03:23:05 [33m[WARN][0m [PID-15] calibration.go func1:202 problem with machine learnaing: problem analyzing: no predictions: {Timestamp:1750220334832 Family:raaise-18-06 Device:user 2 Location:a10 Sensors:map[bluetooth:map[] wifi:map[00:df:1d:de:de:f1:-70 ec:f4:0c:2f:57:de:-82 6c:cd:d6:ca:90:e2:-73 38:91:b7:1c:01:bd:-56 38:91:b7:1c:01:bf:-57 5e:62:8b:28:98:fb:-68 38:91:b7:1a:22:ee:-73 38:91:b7:1a:22:ef:-73 38:91:b7:1c:66:0d:-60 38:91:b7:1c:08:4d:-58 1c:61:b4:88:79:cc:-72 38:91:b7:1c:66:0c:-60 00:df:1d:de:de:ff:-68 00:df:1d:de:de:fd:-68 38:91:b7:1a:22:ec:-73 1c:61:b4:88:79:cb:-65 38:91:b7:1c:76:53:-68 38:91:b7:1c:0b:de:-60 38:91:b7:1a:22:ed:-73 00:df:1d:de:de:fe:-68 5e:62:8b:28:93:af:-45 38:91:b7:19:2e:4c:-69 50:91:e3:f8:87:2b:-68 5e:62:8b:28:95:da:-48 38:91:b7:1c:0b:dc:-60 54:af:97:56:4d:dd:-69 6c:cd:d6:ca:90:e1:-65 00:df:1d:de:de:fc:-67 5c:62:8b:68:99:e3:-62 54:af:97:56:4d:dc:-69 ec:f4:0c:2f:57:df:-82 38:91:b7:1c:08:4c:-58 5c:62:8b:68:98:fb:-69 38:91:b7:19:2e:4e:-69 38:91:b7:1c:76:50:-67 38:91:b7:1c:01:bc:-57 5e:62:8b:28:93:ae:-40 38:91:b7:19:2e:4f:-69 38:91:b7:1c:66:0e:-60 52:91:e3:78:87:29:-69 50:91:e3:f8:87:29:-61 38:91:b7:1c:08:4f:-58 38:91:b7:1c:66:0f:-60 18:a6:f7:21:47:c6:-96 ec:f4:0c:2f:57:dc:-82 38:91:b7:1c:76:5d:-74 38:91:b7:1c:0b:dd:-60 aa:61:b4:88:79:cf:-70 62:61:b4:88:79:ce:-65 38:91:b7:19:2e:4d:-69 38:91:b7:1c:0b:df:-60 5e:62:8b:28:99:e3:-62 5c:62:8b:68:97:ae:-54 38:91:b7:1c:76:51:-69 38:91:b7:1c:01:be:-57 9c:a2:f4:58:88:db:-71 38:91:b7:1c:76:5c:-75 1a:61:b4:ac:59:58:-85 1c:61:b4:88:79:ca:-69 38:91:b7:1c:08:4e:-58 ec:f4:0c:2f:57:dd:-82 38:91:b7:1c:76:52:-67]] GPS:{Latitude:0 Longitude:0 Altitude:0}} 
2025-07-16 03:23:05 [37m[DEBUG][0m [PID-15] analysis.go func2:126 [raaise-18-06] nb1 classified 1.508120848s 
2025-07-16 03:23:05 [37m[DEBUG][0m [PID-15] analysis.go AnalyzeSensorData:222 [raaise-18-06] analyzed in 1.511355574s 
2025-07-16 03:23:05 [37m[DEBUG][0m [PID-15] analysis.go func2:126 [raaise-18-06] nb1 classified 1.073659777s 
2025-07-16 03:23:05 [37m[DEBUG][0m [PID-15] analysis.go func1:112 [raaise-18-06] python classified 335.760457ms 
2025-07-16 03:23:05 [37m[DEBUG][0m [PID-15] analysis.go AnalyzeSensorData:222 [raaise-18-06] analyzed in 1.500689678s 
2025-07-16 03:23:05 [37m[DEBUG][0m [PID-15] analysis.go func1:112 [raaise-18-06] python classified 341.970767ms 
2025-07-16 03:23:05 [37m[DEBUG][0m [PID-15] analysis.go func2:126 [raaise-18-06] nb1 classified 1.394081398s 
2025-07-16 03:23:05 [37m[DEBUG][0m [PID-15] analysis.go AnalyzeSensorData:222 [raaise-18-06] analyzed in 1.395024122s 
2025-07-16 03:23:05 [37m[DEBUG][0m [PID-15] analysis.go func2:126 [raaise-18-06] nb1 classified 1.27332573s 
2025-07-16 03:23:06 [37m[DEBUG][0m [PID-15] analysis.go func1:112 [raaise-18-06] python classified 447.381351ms 
2025-07-16 03:23:06 [37m[DEBUG][0m [PID-15] analysis.go func2:126 [raaise-18-06] nb1 classified 1.601136681s 
2025-07-16 03:23:06 [37m[DEBUG][0m [PID-15] analysis.go func1:112 [raaise-18-06] python classified 447.55307ms 
2025-07-16 03:23:06 [37m[DEBUG][0m [PID-15] analysis.go AnalyzeSensorData:222 [raaise-18-06] analyzed in 1.662480591s 
2025-07-16 03:23:06 [37m[DEBUG][0m [PID-15] analysis.go AnalyzeSensorData:222 [raaise-18-06] analyzed in 1.481225452s 
2025-07-16 03:23:06 [37m[DEBUG][0m [PID-15] analysis.go func1:112 [raaise-18-06] python classified 358.946265ms 
2025-07-16 03:23:06 [37m[DEBUG][0m [PID-15] analysis.go func2:126 [raaise-18-06] nb1 classified 1.064004663s 
2025-07-16 03:23:06 [37m[DEBUG][0m [PID-15] analysis.go func2:126 [raaise-18-06] nb1 classified 1.199758555s 
2025-07-16 03:23:06 [37m[DEBUG][0m [PID-15] analysis.go func1:112 [raaise-18-06] python classified 388.717277ms 
2025-07-16 03:23:06 [37m[DEBUG][0m [PID-15] analysis.go AnalyzeSensorData:222 [raaise-18-06] analyzed in 1.119630878s 
2025-07-16 03:23:06 [37m[DEBUG][0m [PID-15] analysis.go func2:126 [raaise-18-06] nb1 classified 1.455554897s 
2025-07-16 03:23:06 [37m[DEBUG][0m [PID-15] analysis.go AnalyzeSensorData:222 [raaise-18-06] analyzed in 1.457199266s 
2025-07-16 03:23:06 [37m[DEBUG][0m [PID-15] analysis.go func1:112 [raaise-18-06] python classified 413.757482ms 
2025-07-16 03:23:06 [37m[DEBUG][0m [PID-15] analysis.go func2:126 [raaise-18-06] nb1 classified 1.1147142s 
2025-07-16 03:23:06 [37m[DEBUG][0m [PID-15] analysis.go AnalyzeSensorData:222 [raaise-18-06] analyzed in 1.115713533s 
2025-07-16 03:23:06 [37m[DEBUG][0m [PID-15] analysis.go func2:126 [raaise-18-06] nb1 classified 1.255308769s 
2025-07-16 03:23:06 [37m[DEBUG][0m [PID-15] analysis.go AnalyzeSensorData:222 [raaise-18-06] analyzed in 1.256107834s 
2025-07-16 03:23:06 [37m[DEBUG][0m [PID-15] analysis.go func1:112 [raaise-18-06] python classified 277.387776ms 
2025-07-16 03:23:06 [37m[DEBUG][0m [PID-15] analysis.go func1:112 [raaise-18-06] python classified 437.890049ms 
2025-07-16 03:23:06 [37m[DEBUG][0m [PID-15] analysis.go func2:126 [raaise-18-06] nb1 classified 1.120354603s 
2025-07-16 03:23:06 [37m[DEBUG][0m [PID-15] analysis.go AnalyzeSensorData:222 [raaise-18-06] analyzed in 1.121240153s 
2025-07-16 03:23:06 [37m[DEBUG][0m [PID-15] analysis.go func1:112 [raaise-18-06] python classified 410.157717ms 
2025-07-16 03:23:06 [37m[DEBUG][0m [PID-15] analysis.go func2:126 [raaise-18-06] nb1 classified 1.131488712s 
2025-07-16 03:23:06 [37m[DEBUG][0m [PID-15] analysis.go AnalyzeSensorData:222 [raaise-18-06] analyzed in 1.134043562s 
2025-07-16 03:23:07 [31m[ERROR][0m [PID-15] analysis.go AnalyzeSensorData:222 problem analyzing: no predictions 
2025-07-16 03:23:07 [33m[WARN][0m [PID-15] calibration.go func1:202 problem with machine learnaing: problem analyzing: no predictions: {Timestamp:1750220006163 Family:raaise-18-06 Device:user 1 Location:a10 Sensors:map[bluetooth:map[] wifi:map[38:91:b7:1c:0b:dc:-63 a6:1b:6a:b4:0b:04:-84 00:df:1d:de:de:fd:-81 54:af:97:56:4d:dd:-72 38:91:b7:1c:08:4d:-58 00:df:1d:de:de:fe:-81 52:91:e3:28:87:29:-59 38:91:b7:1c:0b:df:-63 ec:f4:0c:2f:57:dd:-81 5e:62:8b:28:95:db:-53 ec:f4:0c:2f:57:dc:-81 00:df:1d:de:de:fc:-81 ec:f4:0c:2f:57:de:-81 38:91:b7:1c:76:50:-63 38:91:b7:1c:0b:dd:-63 38:91:b7:1c:76:52:-63 86:69:93:27:ad:35:-75 5e:62:8b:28:97:af:-57 ec:f4:0c:2f:57:df:-81 52:91:e3:78:87:29:-69 5e:62:8b:28:95:da:-46 00:df:1d:de:de:ff:-81 18:a6:f7:21:47:c6:-92 38:91:b7:19:2e:4f:-72 5e:62:8b:28:93:ae:-49 5e:62:8b:28:93:af:-46 6c:cd:d6:ca:90:e1:-59 38:91:b7:19:2e:4e:-72 1c:61:b4:88:79:ca:-67 5e:62:8b:28:98:fb:-68 50:91:e3:f8:87:2b:-69 38:91:b7:1c:08:4e:-58 5c:62:8b:68:99:e3:-67 38:91:b7:1c:0b:de:-63 38:91:b7:1c:76:51:-64 38:91:b7:1c:08:4c:-58 6c:cd:d6:ca:90:e2:-70 50:91:e3:f8:87:29:-59 5e:62:8b:28:99:e3:-67 38:91:b7:1c:08:4f:-58 38:91:b7:19:2e:4d:-71 38:91:b7:19:2e:4c:-71 38:91:b7:1c:76:53:-64 9c:a2:f4:58:88:db:-74 54:af:97:56:4d:dc:-69 5c:62:8b:68:98:fb:-68]] GPS:{Latitude:0 Longitude:0 Altitude:0}} 
2025-07-16 03:23:07 [31m[ERROR][0m [PID-15] analysis.go AnalyzeSensorData:222 problem analyzing: no predictions 
2025-07-16 03:23:07 [33m[WARN][0m [PID-15] calibration.go func1:202 problem with machine learnaing: problem analyzing: no predictions: {Timestamp:1750218116291 Family:raaise-18-06 Device:intruder Location:a17 Sensors:map[bluetooth:map[] wifi:map[18:a6:f7:21:47:c6:-97 5e:62:8b:28:97:ae:-58 38:91:b7:1c:08:4c:-74 38:91:b7:1c:76:53:-60 1c:61:b4:88:79:cb:-60 38:91:b7:1c:08:4f:-74 5e:62:8b:28:95:db:-35 ec:f4:0c:2f:57:dd:-84 54:af:97:56:4d:dc:-67 ec:f4:0c:2f:57:dc:-83 38:91:b7:1c:76:52:-60 e6:ff:ae:35:a9:69:-74 38:91:b7:1c:76:50:-60 38:91:b7:1c:08:4d:-74 50:91:e3:f8:87:2b:-85 6c:cd:d6:ca:90:e2:-80 38:91:b7:1c:66:0f:-62 38:91:b7:1c:08:4e:-74 1c:61:b4:88:79:ca:-68 ec:f4:0c:2f:57:de:-83 5e:62:8b:28:97:af:-60 5e:62:8b:28:93:af:-60 5c:62:8b:68:98:fb:-81 ec:f4:0c:2f:57:df:-83 38:91:b7:1c:76:51:-59 6c:cd:d6:ca:90:e1:-79 38:91:b7:1c:66:0c:-62 38:91:b7:1c:66:0d:-62 5e:62:8b:28:95:da:-30 38:91:b7:1c:66:0e:-61 62:61:b4:88:79:ce:-60]] GPS:{Latitude:0 Longitude:0 Altitude:0}} 
2025-07-16 03:23:07 [37m[DEBUG][0m [PID-15] analysis.go func2:126 [raaise-18-06] nb1 classified 1.031752581s 
2025-07-16 03:23:07 [37m[DEBUG][0m [PID-15] analysis.go AnalyzeSensorData:222 [raaise-18-06] analyzed in 1.032622248s 
2025-07-16 03:23:07 [37m[DEBUG][0m [PID-15] analysis.go func2:126 [raaise-18-06] nb1 classified 1.388842193s 
2025-07-16 03:23:07 [37m[DEBUG][0m [PID-15] analysis.go AnalyzeSensorData:222 [raaise-18-06] analyzed in 1.389748817s 
2025-07-16 03:23:07 [37m[DEBUG][0m [PID-15] analysis.go func2:126 [raaise-18-06] nb1 classified 1.202445853s 
2025-07-16 03:23:07 [37m[DEBUG][0m [PID-15] analysis.go AnalyzeSensorData:222 [raaise-18-06] analyzed in 1.20350732s 
2025-07-16 03:23:07 [37m[DEBUG][0m [PID-15] analysis.go func1:112 [raaise-18-06] python classified 353.840784ms 
2025-07-16 03:23:07 [37m[DEBUG][0m [PID-15] analysis.go func1:112 [raaise-18-06] python classified 613.785106ms 
2025-07-16 03:23:07 [37m[DEBUG][0m [PID-15] analysis.go func2:126 [raaise-18-06] nb1 classified 738.238287ms 
2025-07-16 03:23:07 [31m[ERROR][0m [PID-15] analysis.go AnalyzeSensorData:222 problem analyzing: no predictions 
2025-07-16 03:23:07 [33m[WARN][0m [PID-15] calibration.go func1:202 problem with machine learnaing: problem analyzing: no predictions: {Timestamp:1750228423222 Family:raaise-18-06 Device:intruder Location:a17 Sensors:map[bluetooth:map[] wifi:map[38:91:b7:1c:76:5c:-73 00:df:1d:de:de:ff:-77 5e:62:8b:28:95:db:-50 00:df:1d:de:de:f2:-68 38:91:b7:1a:22:ed:-88 38:91:b7:19:2e:4e:-77 38:91:b7:1c:66:0f:-60 38:91:b7:1a:22:ef:-87 38:91:b7:19:2e:4c:-77 38:91:b7:19:2e:4f:-77 5e:62:8b:28:95:da:-44 5e:62:8b:28:93:af:-52 62:61:b4:88:79:ce:-66 38:91:b7:1c:01:bd:-73 ec:f4:0c:2f:57:de:-89 1c:61:b4:88:79:ca:-78 38:91:b7:1c:01:bc:-74 38:91:b7:1c:66:0c:-60 5c:62:8b:68:97:af:-68 00:df:1d:de:de:f1:-70 ec:f4:0c:2f:57:dd:-89 38:91:b7:1c:08:4e:-72 38:91:b7:1c:76:53:-62 38:91:b7:1c:08:4d:-71 ec:f4:0c:2f:57:dc:-89 5c:62:8b:68:93:af:-52 38:91:b7:1c:01:be:-74 38:91:b7:1c:76:50:-62 5c:62:8b:68:95:db:-49 38:91:b7:1c:66:0d:-60 50:91:e3:f8:87:2b:-82 38:91:b7:1c:76:5e:-73 5c:62:8b:68:95:da:-44 5e:62:8b:28:93:ae:-54 38:91:b7:1c:76:5d:-73 1c:61:b4:88:79:cb:-66 00:df:1d:de:de:f3:-67 6c:cd:d6:ca:90:e2:-79 54:af:97:56:4d:dd:-71 00:df:1d:de:de:fd:-77 00:df:1d:de:de:fc:-78 38:91:b7:1c:76:52:-62 38:91:b7:1c:66:0e:-60 ec:f4:0c:2f:57:df:-89 38:91:b7:1c:76:5f:-72 00:df:1d:de:de:f0:-67 38:91:b7:1c:08:4f:-72 38:91:b7:1c:01:bf:-73 38:91:b7:19:2e:4d:-77 54:af:97:56:4d:dc:-70 38:91:b7:1a:22:ec:-88 38:91:b7:1c:76:51:-62 00:df:1d:de:de:fe:-78 9c:a2:f4:58:88:db:-79 6c:cd:d6:ca:90:e1:-71 38:91:b7:1c:08:4c:-71 38:91:b7:1a:22:ee:-88 5e:62:8b:28:97:af:-69]] GPS:{Latitude:0 Longitude:0 Altitude:0}} 
2025-07-16 03:23:07 [31m[ERROR][0m [PID-15] analysis.go AnalyzeSensorData:222 problem analyzing: no predictions 
2025-07-16 03:23:07 [33m[WARN][0m [PID-15] calibration.go func1:202 problem with machine learnaing: problem analyzing: no predictions: {Timestamp:1750228515708 Family:raaise-18-06 Device:user 2 Location:a17 Sensors:map[bluetooth:map[] wifi:map[52:91:e3:28:87:29:-79 38:91:b7:1c:01:be:-78 38:91:b7:1c:66:0f:-68 5e:62:8b:28:95:db:-48 ec:f4:0c:2f:57:dd:-89 38:91:b7:1a:22:ec:-91 38:91:b7:1c:76:5d:-69 6c:cd:d6:ca:90:e2:-78 38:91:b7:19:2e:4e:-73 38:91:b7:1a:22:e3:-85 ec:f4:0c:2f:57:df:-89 5c:62:8b:68:95:db:-48 38:91:b7:1c:76:50:-58 5c:62:8b:68:95:da:-43 00:df:1d:de:de:ff:-82 aa:61:b4:88:79:cf:-72 38:91:b7:19:2e:4d:-73 38:91:b7:1c:76:5e:-69 38:91:b7:1a:22:ed:-91 62:61:b4:88:79:ce:-69 38:91:b7:1c:08:4d:-74 38:91:b7:1c:0b:dc:-57 00:df:1d:de:de:fc:-82 38:91:b7:1c:76:53:-59 38:91:b7:1c:01:bf:-78 38:91:b7:19:2e:4f:-73 38:91:b7:1a:22:ee:-91 00:df:1d:de:de:fe:-83 38:91:b7:1c:0b:dd:-57 38:91:b7:1a:22:e2:-85 38:91:b7:1c:66:0d:-68 5e:62:8b:28:93:ae:-58 38:91:b7:1c:08:4c:-74 00:df:1d:de:de:f3:-73 38:91:b7:1a:22:ef:-91 38:91:b7:1a:9d:21:-80 38:91:b7:1c:76:51:-58 38:91:b7:1c:76:5c:-69 5e:62:8b:28:95:da:-43 00:df:1d:de:de:f0:-73 38:91:b7:19:2e:4c:-73 38:91:b7:1a:22:e1:-85 aa:61:b4:88:79:ce:-73 5e:62:8b:28:97:af:-61 18:a6:f7:21:47:c6:-89 54:af:97:56:4d:dd:-71 38:91:b7:1c:08:4f:-74 38:91:b7:1c:0b:de:-57 ec:f4:0c:2f:57:dc:-89 50:91:e3:f8:87:29:-79 38:91:b7:1a:9d:23:-79 00:df:1d:de:de:fd:-83 ec:f4:0c:2f:57:de:-90 38:91:b7:1c:01:bd:-78 38:91:b7:1c:66:0e:-68 00:df:1d:de:de:f1:-73 38:91:b7:1c:0b:df:-57 1c:61:b4:88:79:cb:-69 38:91:b7:1c:08:4e:-74 38:91:b7:1a:22:e0:-85 38:91:b7:1a:9d:22:-80 38:91:b7:1c:76:5f:-69 00:df:1d:de:de:f2:-74 38:91:b7:1c:76:52:-59 38:91:b7:1c:01:bc:-78 38:91:b7:1a:9d:20:-78 54:af:97:56:4d:dc:-71 38:91:b7:1c:66:0c:-68 50:91:e3:f8:87:2b:-86 5e:62:8b:28:93:af:-62]] GPS:{Latitude:0 Longitude:0 Altitude:0}} 
2025-07-16 03:23:07 [31m[ERROR][0m [PID-15] analysis.go AnalyzeSensorData:222 problem analyzing: no predictions 
2025-07-16 03:23:07 [33m[WARN][0m [PID-15] calibration.go func1:202 problem with machine learnaing: problem analyzing: no predictions: {Timestamp:1750217996299 Family:raaise-18-06 Device:intruder Location:a17 Sensors:map[bluetooth:map[] wifi:map[38:91:b7:1c:76:53:-54 5c:62:8b:68:95:db:-32 38:91:b7:19:2e:4e:-67 50:91:e3:f8:87:29:-70 6c:cd:d6:ca:90:e2:-83 38:91:b7:1c:08:4c:-75 54:af:97:56:4d:dc:-68 38:91:b7:1c:66:0f:-65 5e:62:8b:28:95:db:-32 38:91:b7:1c:76:52:-54 38:91:b7:1c:08:4e:-75 00:df:1d:de:de:fe:-86 5e:62:8b:28:93:ae:-54 38:91:b7:19:2e:4c:-67 00:df:1d:de:de:ff:-86 00:df:1d:de:de:fd:-86 18:a6:f7:21:47:c6:-95 38:91:b7:1c:66:0e:-65 38:91:b7:1c:76:50:-53 38:91:b7:1c:66:0d:-65 38:91:b7:1c:08:4f:-75 52:91:e3:78:87:29:-82 ec:f4:0c:2f:57:de:-84 38:91:b7:19:2e:4d:-67 6c:cd:d6:ca:90:e1:-72 9c:a2:f4:58:88:db:-75 1c:61:b4:88:79:ca:-63 ec:f4:0c:2f:57:dc:-84 50:91:e3:f8:87:2b:-82 ec:f4:0c:2f:57:df:-84 38:91:b7:19:2e:4f:-67 ec:f4:0c:2f:57:dd:-83 38:91:b7:1c:76:51:-53 38:91:b7:1c:66:0c:-65 00:df:1d:de:de:fc:-86 38:91:b7:1c:08:4d:-74 5e:62:8b:28:93:af:-60 54:af:97:56:4d:dd:-73 5e:62:8b:28:97:af:-56 5e:62:8b:28:95:da:-34 00:df:1d:de:de:f0:-76]] GPS:{Latitude:0 Longitude:0 Altitude:0}} 
2025-07-16 03:23:07 [37m[DEBUG][0m [PID-15] analysis.go func2:126 [raaise-18-06] nb1 classified 1.249459611s 
2025-07-16 03:23:07 [37m[DEBUG][0m [PID-15] analysis.go AnalyzeSensorData:222 [raaise-18-06] analyzed in 1.2505546s 
2025-07-16 03:23:07 [37m[DEBUG][0m [PID-15] analysis.go func2:126 [raaise-18-06] nb1 classified 983.048016ms 
2025-07-16 03:23:07 [37m[DEBUG][0m [PID-15] analysis.go func1:112 [raaise-18-06] python classified 419.131213ms 
2025-07-16 03:23:07 [37m[DEBUG][0m [PID-15] analysis.go func2:126 [raaise-18-06] nb1 classified 1.37295289s 
2025-07-16 03:23:07 [37m[DEBUG][0m [PID-15] analysis.go func1:112 [raaise-18-06] python classified 461.217252ms 
2025-07-16 03:23:07 [37m[DEBUG][0m [PID-15] analysis.go AnalyzeSensorData:222 [raaise-18-06] analyzed in 1.389692049s 
2025-07-16 03:23:08 [37m[DEBUG][0m [PID-15] analysis.go func1:112 [raaise-18-06] python classified 539.211686ms 
2025-07-16 03:23:08 [37m[DEBUG][0m [PID-15] analysis.go func1:112 [raaise-18-06] python classified 517.614694ms 
2025-07-16 03:23:08 [31m[ERROR][0m [PID-15] analysis.go AnalyzeSensorData:222 problem analyzing: no predictions 
2025-07-16 03:23:08 [33m[WARN][0m [PID-15] calibration.go func1:202 problem with machine learnaing: problem analyzing: no predictions: {Timestamp:1750228435697 Family:raaise-18-06 Device:user 2 Location:a17 Sensors:map[bluetooth:map[] wifi:map[38:91:b7:1c:66:0e:-68 38:91:b7:1a:22:ef:-91 38:91:b7:1c:66:0d:-68 38:91:b7:1c:08:4f:-74 5e:62:8b:28:95:da:-42 62:61:b4:88:79:ce:-69 38:91:b7:19:2e:4c:-73 38:91:b7:19:2e:4e:-73 ec:f4:0c:2f:57:df:-89 38:91:b7:19:2e:4f:-73 5e:62:8b:28:97:ae:-59 00:df:1d:de:de:fe:-82 ec:f4:0c:2f:57:de:-89 38:91:b7:1c:0b:de:-57 ec:f4:0c:2f:57:dd:-89 38:91:b7:1a:22:ee:-91 38:91:b7:1a:22:ed:-91 aa:61:b4:88:79:cf:-76 38:91:b7:1c:0b:dc:-57 38:91:b7:1c:76:5e:-69 38:91:b7:1c:76:5f:-69 6c:cd:d6:ca:90:e2:-78 ec:f4:0c:2f:57:dc:-89 38:91:b7:1c:66:0c:-68 38:91:b7:1c:08:4c:-74 54:af:97:56:4d:dc:-71 5e:62:8b:28:97:af:-61 38:91:b7:1c:08:4e:-74 1c:61:b4:88:79:cb:-69 00:df:1d:de:de:ff:-82 38:91:b7:1c:08:4d:-74 00:df:1d:de:de:fd:-82 00:df:1d:de:de:fc:-82 38:91:b7:1c:0b:dd:-57 5e:62:8b:28:95:db:-47 38:91:b7:1c:76:5d:-69 50:91:e3:f8:87:2b:-86 38:91:b7:1a:22:ec:-91 38:91:b7:1c:66:0f:-68 38:91:b7:19:2e:4d:-73 18:a6:f7:21:47:c6:-89 38:91:b7:1c:76:5c:-69 1c:61:b4:88:79:ca:-76 38:91:b7:1c:0b:df:-57 5c:62:8b:68:95:db:-48 5c:62:8b:68:97:ae:-70]] GPS:{Latitude:0 Longitude:0 Altitude:0}} 
2025-07-16 03:23:08 [37m[DEBUG][0m [PID-15] analysis.go func2:126 [raaise-18-06] nb1 classified 1.218965649s 
2025-07-16 03:23:08 [37m[DEBUG][0m [PID-15] analysis.go AnalyzeSensorData:222 [raaise-18-06] analyzed in 1.222006647s 
2025-07-16 03:23:08 [31m[ERROR][0m [PID-15] analysis.go AnalyzeSensorData:222 problem analyzing: no predictions 
2025-07-16 03:23:08 [33m[WARN][0m [PID-15] calibration.go func1:202 problem with machine learnaing: problem analyzing: no predictions: {Timestamp:1750228531572 Family:raaise-18-06 Device:user 3 Location:a17 Sensors:map[bluetooth:map[] wifi:map[00:df:1d:de:de:f3:-70 00:df:1d:de:de:ff:-77 6c:cd:d6:ca:90:e2:-73 18:a6:f7:21:47:c6:-96 50:91:e3:f8:87:2b:-79 00:df:1d:de:de:f0:-70 38:91:b7:19:2e:4f:-74 38:91:b7:1c:08:4e:-66 54:af:97:56:4d:dc:-73 00:df:1d:de:de:fd:-77 5c:62:8b:68:99:e3:-72 38:91:b7:19:2e:4d:-75 38:91:b7:1a:22:e3:-80 1c:61:b4:88:79:ca:-77 ec:f4:0c:2f:57:dc:-89 38:91:b7:19:2e:4c:-75 9a:61:b4:88:79:cc:-78 5e:62:8b:28:95:db:-54 ec:f4:0c:2f:57:dd:-89 38:91:b7:1a:22:e0:-80 5e:62:8b:28:95:da:-52 5e:62:8b:28:93:ae:-47 38:91:b7:1c:08:4d:-66 ec:f4:0c:2f:57:df:-89 5e:62:8b:28:93:af:-57 38:91:b7:1c:08:4c:-66 00:df:1d:de:de:f2:-70 5e:62:8b:28:97:af:-64 ec:f4:0c:2f:57:de:-89 00:df:1d:de:de:f1:-70 00:df:1d:de:de:fe:-77 5e:62:8b:28:98:fb:-78 5c:62:8b:68:93:af:-58 38:91:b7:1a:22:e1:-80 38:91:b7:1c:08:4f:-66 38:91:b7:19:2e:4e:-74 00:df:1d:de:de:fc:-77]] GPS:{Latitude:0 Longitude:0 Altitude:0}} 
2025-07-16 03:23:08 [37m[DEBUG][0m [PID-15] analysis.go func2:126 [raaise-18-06] nb1 classified 1.497798343s 
2025-07-16 03:23:08 [37m[DEBUG][0m [PID-15] analysis.go AnalyzeSensorData:222 [raaise-18-06] analyzed in 1.500549838s 
2025-07-16 03:23:08 [37m[DEBUG][0m [PID-15] analysis.go func2:126 [raaise-18-06] nb1 classified 1.202457733s 
2025-07-16 03:23:08 [37m[DEBUG][0m [PID-15] analysis.go func1:112 [raaise-18-06] python classified 521.324927ms 
2025-07-16 03:23:08 [37m[DEBUG][0m [PID-15] analysis.go func2:126 [raaise-18-06] nb1 classified 1.52146956s 
2025-07-16 03:23:08 [37m[DEBUG][0m [PID-15] analysis.go func2:126 [raaise-18-06] nb1 classified 946.74995ms 
2025-07-16 03:23:08 [31m[ERROR][0m [PID-15] analysis.go AnalyzeSensorData:222 problem analyzing: no predictions 
2025-07-16 03:23:08 [33m[WARN][0m [PID-15] calibration.go func1:202 problem with machine learnaing: problem analyzing: no predictions: {Timestamp:1750228359040 Family:raaise-18-06 Device:user 1 Location:a17 Sensors:map[bluetooth:map[] wifi:map[38:91:b7:1c:0b:de:-55 00:df:1d:de:de:fc:-84 52:91:e3:28:87:29:-74 38:91:b7:1c:76:50:-49 ec:f4:0c:2f:57:de:-83 38:91:b7:1c:0b:df:-55 38:91:b7:1c:76:51:-49 52:91:e3:78:87:29:-80 38:91:b7:1a:9d:22:-80 54:af:97:56:4d:dd:-75 6c:cd:d6:ca:90:e2:-79 1c:61:b4:88:79:ca:-69 ec:f4:0c:2f:57:dc:-84 54:af:97:56:4d:dc:-68 38:91:b7:19:2e:4c:-70 5e:62:8b:28:95:db:-34 38:91:b7:1a:22:e3:-86 9c:a2:f4:58:88:db:-77 38:91:b7:1c:76:52:-49 ec:f4:0c:2f:57:df:-83 5c:62:8b:68:98:fa:-76 5e:62:8b:28:95:da:-37 00:df:1d:de:de:ff:-83 5e:62:8b:28:93:ae:-63 38:91:b7:1c:08:4d:-74 18:a6:f7:21:47:c6:-95 38:91:b7:1c:08:4f:-74 38:91:b7:19:2e:4e:-70 38:91:b7:1a:9d:23:-79 38:91:b7:1c:08:4c:-74 00:df:1d:de:de:fd:-84 38:91:b7:1c:08:4e:-74 00:df:1d:de:de:fe:-84 38:91:b7:19:2e:4f:-70 5e:62:8b:28:97:af:-58 38:91:b7:1c:76:53:-49 ec:f4:0c:2f:57:dd:-84 38:91:b7:19:2e:4d:-70 38:91:b7:1c:0b:dc:-55 38:91:b7:1c:0b:dd:-55 5c:62:8b:68:95:da:-37 5e:62:8b:28:98:fb:-79 50:91:e3:f8:87:2b:-80]] GPS:{Latitude:0 Longitude:0 Altitude:0}} 
2025-07-16 03:23:08 [31m[ERROR][0m [PID-15] analysis.go AnalyzeSensorData:222 problem analyzing: no predictions 
2025-07-16 03:23:08 [33m[WARN][0m [PID-15] calibration.go func1:202 problem with machine learnaing: problem analyzing: no predictions: {Timestamp:1750217829609 Family:raaise-18-06 Device:user 2 Location:a17 Sensors:map[bluetooth:map[] wifi:map[38:91:b7:1c:66:0d:-61 38:91:b7:19:2e:4f:-66 38:91:b7:1c:01:bc:-70 38:91:b7:1a:22:e1:-81 5e:62:8b:28:93:af:-57 38:91:b7:1c:08:4e:-71 62:61:b4:88:79:ce:-57 5e:62:8b:28:95:db:-28 38:91:b7:1a:22:ee:-85 38:91:b7:1c:76:5f:-66 38:91:b7:19:2e:4e:-66 ec:f4:0c:2f:57:df:-76 38:91:b7:1c:01:bf:-67 38:91:b7:1c:76:52:-54 00:df:1d:de:de:fe:-82 38:91:b7:1a:22:e0:-80 38:91:b7:1c:01:be:-67 38:91:b7:1c:76:5c:-65 54:af:97:56:4d:dd:-67 00:df:1d:de:de:f3:-70 1c:61:b4:88:79:cb:-56 ec:f4:0c:2f:57:dc:-76 38:91:b7:1c:08:4f:-71 5c:62:8b:68:93:af:-58 38:91:b7:1c:0b:df:-53 38:91:b7:19:2e:4d:-66 e6:ff:ae:35:a9:69:-70 38:91:b7:1a:22:ed:-85 38:91:b7:1c:66:0c:-61 00:df:1d:de:de:f1:-70 38:91:b7:1c:08:4d:-71 6c:cd:d6:ca:90:e2:-73 38:91:b7:1a:22:e3:-81 38:91:b7:1c:76:51:-55 38:91:b7:1c:0b:de:-53 38:91:b7:1c:76:5e:-65 38:91:b7:1c:76:5d:-64 5e:62:8b:28:97:af:-55 18:a6:f7:21:47:c6:-87 5e:62:8b:28:95:da:-35 1a:61:b4:ac:59:58:-90 6c:cd:d6:ca:90:e1:-72 38:91:b7:1c:76:53:-54 38:91:b7:1c:0b:dd:-53 38:91:b7:19:2e:4c:-65 5c:62:8b:68:95:db:-28 38:91:b7:1c:01:bd:-67 54:af:97:56:4d:dc:-63 38:91:b7:1c:0b:dc:-53 38:91:b7:1c:66:0e:-61 00:df:1d:de:de:fc:-82 1c:61:b4:88:79:ca:-64 38:91:b7:1a:22:ec:-85 ec:f4:0c:2f:57:dd:-76 5e:62:8b:28:93:ae:-57 00:df:1d:de:de:f0:-70 50:91:e3:f8:87:2b:-77 38:91:b7:1a:22:e2:-81 00:df:1d:de:de:ff:-82 00:df:1d:de:de:f2:-70 38:91:b7:1c:66:0f:-61 00:df:1d:de:de:fd:-82 38:91:b7:1c:08:4c:-71 38:91:b7:1c:76:50:-55 5c:62:8b:68:93:ae:-58 ec:f4:0c:2f:57:de:-76 38:91:b7:1a:22:ef:-85]] GPS:{Latitude:0 Longitude:0 Altitude:0}} 
2025-07-16 03:23:08 [31m[ERROR][0m [PID-15] analysis.go AnalyzeSensorData:222 problem analyzing: no predictions 
2025-07-16 03:23:08 [33m[WARN][0m [PID-15] calibration.go func1:202 problem with machine learnaing: problem analyzing: no predictions: {Timestamp:1750228360700 Family:raaise-18-06 Device:user 2 Location:a17 Sensors:map[bluetooth:map[] wifi:map[38:91:b7:19:2e:4e:-72 1c:61:b4:88:79:ca:-76 5e:62:8b:28:95:db:-48 38:91:b7:1c:08:4c:-74 00:df:1d:de:de:ff:-82 38:91:b7:1c:0b:df:-57 38:91:b7:1c:76:5c:-69 38:91:b7:1c:08:4d:-74 38:91:b7:1c:76:5f:-69 5c:62:8b:68:97:af:-61 54:af:97:56:4d:dc:-70 38:91:b7:1a:22:ec:-91 38:91:b7:1c:66:0d:-68 ec:f4:0c:2f:57:dc:-89 38:91:b7:19:2e:4c:-72 1c:61:b4:88:79:cb:-69 aa:61:b4:88:79:ce:-73 00:df:1d:de:de:fc:-83 ec:f4:0c:2f:57:df:-89 5e:62:8b:28:93:ae:-58 38:91:b7:1c:76:5e:-69 6c:cd:d6:ca:90:e2:-80 38:91:b7:1c:0b:dd:-57 38:91:b7:1c:08:4e:-74 38:91:b7:1c:76:5d:-68 ec:f4:0c:2f:57:de:-89 5c:62:8b:68:95:db:-47 50:91:e3:f8:87:2b:-86 00:df:1d:de:de:fd:-82 38:91:b7:19:2e:4f:-72 00:df:1d:de:de:fe:-83 38:91:b7:1a:22:ee:-91 5e:62:8b:28:93:af:-62 5c:62:8b:68:93:af:-62 5e:62:8b:28:95:da:-42 ec:f4:0c:2f:57:dd:-89 62:61:b4:88:79:ce:-69 38:91:b7:19:2e:4d:-72 38:91:b7:1c:66:0c:-68 38:91:b7:1a:22:ed:-91 5c:62:8b:68:95:da:-42 52:91:e3:78:87:29:-86 38:91:b7:1c:0b:de:-57 38:91:b7:1c:0b:dc:-57 5e:62:8b:28:99:e3:-76 38:91:b7:1c:66:0f:-68 5e:62:8b:28:97:af:-62 5e:62:8b:28:98:fb:-80 aa:61:b4:88:79:cf:-72 38:91:b7:1c:08:4f:-75 38:91:b7:1a:22:ef:-92 38:91:b7:1c:66:0e:-68]] GPS:{Latitude:0 Longitude:0 Altitude:0}} 
2025-07-16 03:23:08 [37m[DEBUG][0m [PID-15] analysis.go func2:126 [raaise-18-06] nb1 classified 1.203943913s 
2025-07-16 03:23:08 [37m[DEBUG][0m [PID-15] analysis.go func2:126 [raaise-18-06] nb1 classified 1.754700769s 
2025-07-16 03:23:08 [31m[ERROR][0m [PID-15] analysis.go AnalyzeSensorData:222 problem analyzing: no predictions 
2025-07-16 03:23:08 [33m[WARN][0m [PID-15] calibration.go func1:202 problem with machine learnaing: problem analyzing: no predictions: {Timestamp:1750227919046 Family:raaise-18-06 Device:user 1 Location:a17 Sensors:map[bluetooth:map[] wifi:map[38:91:b7:1c:76:53:-50 00:df:1d:de:de:fc:-84 5e:62:8b:28:93:af:-57 ec:f4:0c:2f:57:dd:-84 5e:62:8b:28:95:da:-37 00:df:1d:de:de:ff:-84 38:91:b7:1c:0b:dc:-55 38:91:b7:1c:08:4d:-75 52:91:e3:28:87:29:-74 50:91:e3:f8:87:29:-74 5e:62:8b:28:97:af:-58 38:91:b7:1c:0b:dd:-55 38:91:b7:1c:76:50:-50 54:af:97:56:4d:dc:-68 38:91:b7:19:2e:4c:-68 38:91:b7:19:2e:4d:-68 5e:62:8b:28:95:db:-34 38:91:b7:1c:08:4c:-75 6c:cd:d6:ca:90:e2:-80 ec:f4:0c:2f:57:de:-84 00:df:1d:de:de:fd:-84 9c:a2:f4:58:88:db:-77 38:91:b7:1c:0b:df:-55 50:91:e3:f8:87:2b:-80 38:91:b7:1c:76:52:-50 38:91:b7:19:2e:4f:-69 54:af:97:56:4d:dd:-75 00:df:1d:de:de:fe:-84 5e:62:8b:28:93:ae:-60 6c:cd:d6:ca:90:e1:-75 1c:61:b4:88:79:ca:-70 38:91:b7:1c:0b:de:-55 5c:62:8b:68:95:da:-36 ec:f4:0c:2f:57:dc:-84 38:91:b7:1c:76:51:-51 38:91:b7:19:2e:4e:-68 52:91:e3:78:87:29:-80 ec:f4:0c:2f:57:df:-84 38:91:b7:1c:08:4f:-75 38:91:b7:1c:08:4e:-75]] GPS:{Latitude:0 Longitude:0 Altitude:0}} 
2025-07-16 03:23:08 [37m[DEBUG][0m [PID-15] analysis.go func2:126 [raaise-18-06] nb1 classified 1.551300891s 
2025-07-16 03:23:08 [37m[DEBUG][0m [PID-15] analysis.go AnalyzeSensorData:222 [raaise-18-06] analyzed in 1.552427487s 
2025-07-16 03:23:09 [31m[ERROR][0m [PID-15] analysis.go AnalyzeSensorData:222 problem analyzing: no predictions 
2025-07-16 03:23:09 [33m[WARN][0m [PID-15] calibration.go func1:202 problem with machine learnaing: problem analyzing: no predictions: {Timestamp:1750218154607 Family:raaise-18-06 Device:user 2 Location:a17 Sensors:map[bluetooth:map[] wifi:map[5c:62:8b:68:98:fb:-81 38:91:b7:1c:08:4d:-74 38:91:b7:1c:0b:df:-58 52:91:e3:78:87:29:-86 1c:61:b4:88:79:ca:-66 38:91:b7:1c:01:bf:-72 38:91:b7:1c:01:be:-72 38:91:b7:1c:76:51:-59 5e:62:8b:28:95:db:-40 38:91:b7:1c:76:5d:-69 00:df:1d:de:de:ff:-81 54:af:97:56:4d:dd:-75 62:61:b4:88:79:ce:-60 38:91:b7:1c:0b:de:-58 ec:f4:0c:2f:57:dd:-83 9c:a2:f4:58:88:db:-77 00:df:1d:de:de:fe:-81 5e:62:8b:28:98:fb:-80 5e:62:8b:28:99:e3:-74 5c:62:8b:68:95:da:-35 38:91:b7:1c:76:5e:-69 38:91:b7:19:2e:4e:-70 38:91:b7:1c:66:0e:-69 38:91:b7:1c:01:bc:-73 38:91:b7:1c:76:5f:-69 38:91:b7:1c:08:4e:-75 38:91:b7:1c:76:53:-59 5e:62:8b:28:95:da:-34 5c:62:8b:68:97:af:-64 54:af:97:56:4d:dc:-68 38:91:b7:1c:01:bd:-73 00:df:1d:de:de:fd:-81 5c:62:8b:68:99:e3:-74 5e:62:8b:28:97:af:-64 6c:cd:d6:ca:90:e1:-79 38:91:b7:1c:76:52:-59 38:91:b7:1c:08:4c:-75 5c:62:8b:68:93:af:-58 38:91:b7:1c:0b:dd:-57 38:91:b7:19:2e:4f:-71 38:91:b7:1c:76:5c:-69 ec:f4:0c:2f:57:df:-82 9a:61:b4:88:79:cc:-66 ec:f4:0c:2f:57:de:-83 38:91:b7:19:2e:4c:-70 38:91:b7:1c:66:0d:-70 ec:f4:0c:2f:57:dc:-83 aa:61:b4:88:79:cf:-72 6c:cd:d6:ca:90:e2:-82 38:91:b7:19:2e:4d:-71 38:91:b7:1c:66:0f:-70 00:df:1d:de:de:fc:-81 38:91:b7:1c:66:0c:-70 50:91:e3:f8:87:2b:-86 5e:62:8b:28:93:af:-57 38:91:b7:1a:22:ee:-88 38:91:b7:1c:76:50:-59 38:91:b7:1a:22:ec:-87 e6:ff:ae:35:a9:69:-76 38:91:b7:1a:22:ef:-87 38:91:b7:1c:08:4f:-75 38:91:b7:1c:0b:dc:-58 38:91:b7:1a:22:ed:-88 1c:61:b4:88:79:cb:-59 18:a6:f7:21:47:c6:-92]] GPS:{Latitude:0 Longitude:0 Altitude:0}} 
2025-07-16 03:23:09 [37m[DEBUG][0m [PID-15] analysis.go func2:126 [raaise-18-06] nb1 classified 1.866519513s 
2025-07-16 03:23:09 [37m[DEBUG][0m [PID-15] analysis.go AnalyzeSensorData:222 [raaise-18-06] analyzed in 1.867443394s 
2025-07-16 03:23:09 [37m[DEBUG][0m [PID-15] analysis.go func2:126 [raaise-18-06] nb1 classified 1.030430426s 
2025-07-16 03:23:09 [37m[DEBUG][0m [PID-15] analysis.go func1:112 [raaise-18-06] python classified 582.898088ms 
2025-07-16 03:23:09 [37m[DEBUG][0m [PID-15] analysis.go func1:112 [raaise-18-06] python classified 498.8284ms 
2025-07-16 03:23:09 [37m[DEBUG][0m [PID-15] analysis.go func1:112 [raaise-18-06] python classified 738.401069ms 
2025-07-16 03:23:09 [37m[DEBUG][0m [PID-15] analysis.go func2:126 [raaise-18-06] nb1 classified 1.615031548s 
2025-07-16 03:23:09 [37m[DEBUG][0m [PID-15] analysis.go AnalyzeSensorData:222 [raaise-18-06] analyzed in 1.619332788s 
2025-07-16 03:23:09 [37m[DEBUG][0m [PID-15] analysis.go func2:126 [raaise-18-06] nb1 classified 2.007783142s 
2025-07-16 03:23:09 [37m[DEBUG][0m [PID-15] analysis.go func1:112 [raaise-18-06] python classified 599.694975ms 
2025-07-16 03:23:09 [31m[ERROR][0m [PID-15] analysis.go AnalyzeSensorData:222 problem analyzing: no predictions 
2025-07-16 03:23:09 [33m[WARN][0m [PID-15] calibration.go func1:202 problem with machine learnaing: problem analyzing: no predictions: {Timestamp:1750217854611 Family:raaise-18-06 Device:user 2 Location:a17 Sensors:map[bluetooth:map[] wifi:map[6c:cd:d6:ca:90:e1:-72 38:91:b7:1c:08:4c:-70 38:91:b7:1c:76:5e:-67 38:91:b7:1c:76:52:-58 38:91:b7:1a:22:ed:-82 1c:61:b4:88:79:cb:-55 6c:cd:d6:ca:90:e2:-82 00:df:1d:de:de:fc:-79 9c:a2:f4:58:88:db:-75 ec:f4:0c:2f:57:dc:-75 5e:62:8b:28:95:db:-27 54:af:97:56:4d:dc:-63 38:91:b7:1a:22:ec:-82 38:91:b7:1c:76:5c:-67 38:91:b7:1a:22:ef:-83 5c:62:8b:68:97:ae:-53 38:91:b7:1a:22:ee:-82 86:69:93:27:ad:35:-70 38:91:b7:1c:76:51:-58 ec:f4:0c:2f:57:de:-75 38:91:b7:1c:0b:de:-54 5e:62:8b:28:99:e2:-73 38:91:b7:1c:01:be:-69 50:91:e3:f8:87:2b:-79 62:61:b4:88:79:ce:-55 38:91:b7:19:2e:4e:-63 38:91:b7:1c:01:bd:-69 ec:f4:0c:2f:57:dd:-75 00:df:1d:de:de:fd:-80 38:91:b7:1c:66:0d:-59 38:91:b7:19:2e:4f:-63 ec:f4:0c:2f:57:df:-76 38:91:b7:1c:76:53:-58 38:91:b7:1c:01:bc:-69 38:91:b7:1c:76:5f:-67 5e:62:8b:28:93:af:-57 38:91:b7:1c:66:0f:-59 38:91:b7:1c:76:5d:-67 38:91:b7:1c:0b:df:-54 5e:62:8b:28:95:da:-33 38:91:b7:1c:08:4e:-70 5c:62:8b:68:99:e2:-73 38:91:b7:1c:66:0c:-59 1c:61:b4:88:79:ca:-65 38:91:b7:1c:66:0e:-59 38:91:b7:19:2e:4d:-62 00:df:1d:de:de:fe:-80 38:91:b7:1c:76:50:-58 00:df:1d:de:de:ff:-80 38:91:b7:1c:08:4f:-70 38:91:b7:1c:0b:dc:-54 38:91:b7:1c:0b:dd:-54 18:a6:f7:21:47:c6:-91 38:91:b7:1c:01:bf:-69 38:91:b7:1c:08:4d:-70 38:91:b7:19:2e:4c:-62]] GPS:{Latitude:0 Longitude:0 Altitude:0}} 
2025-07-16 03:23:09 [37m[DEBUG][0m [PID-15] analysis.go func2:126 [raaise-18-06] nb1 classified 2.166771446s 
2025-07-16 03:23:09 [37m[DEBUG][0m [PID-15] analysis.go AnalyzeSensorData:222 [raaise-18-06] analyzed in 2.168912509s 
2025-07-16 03:23:09 [37m[DEBUG][0m [PID-15] analysis.go func1:112 [raaise-18-06] python classified 430.604049ms 
2025-07-16 03:23:09 [37m[DEBUG][0m [PID-15] analysis.go func2:126 [raaise-18-06] nb1 classified 1.624422861s 
2025-07-16 03:23:09 [37m[DEBUG][0m [PID-15] analysis.go func2:126 [raaise-18-06] nb1 classified 1.644201345s 
2025-07-16 03:23:09 [37m[DEBUG][0m [PID-15] analysis.go func2:126 [raaise-18-06] nb1 classified 1.780049024s 
2025-07-16 03:23:09 [37m[DEBUG][0m [PID-15] analysis.go AnalyzeSensorData:222 [raaise-18-06] analyzed in 2.462756949s 
2025-07-16 03:23:10 [37m[DEBUG][0m [PID-15] analysis.go func1:112 [raaise-18-06] python classified 491.451883ms 
2025-07-16 03:23:10 [37m[DEBUG][0m [PID-15] analysis.go func1:112 [raaise-18-06] python classified 490.40686ms 
2025-07-16 03:23:10 [31m[ERROR][0m [PID-15] analysis.go AnalyzeSensorData:222 problem analyzing: no predictions 
2025-07-16 03:23:10 [33m[WARN][0m [PID-15] calibration.go func1:202 problem with machine learnaing: problem analyzing: no predictions: {Timestamp:1751941425989 Family:raaise-18-06 Device:user 3 Location:a04 Sensors:map[bluetooth:map[] wifi:map[aa:61:b4:88:79:ce:-74 5e:62:8b:28:93:af:-49 5c:62:8b:68:95:db:-67 54:af:97:56:4d:dd:-76 5e:62:8b:28:93:ae:-40 38:91:b7:1a:22:e3:-62 38:91:b7:1c:66:0e:-70 1c:61:b4:88:79:ca:-71 5c:62:8b:68:98:fb:-68 38:91:b7:1c:76:5d:-85 38:91:b7:1c:08:4f:-60 ec:f4:0c:2f:57:dd:-80 00:df:1d:de:de:f1:-69 38:91:b7:1c:66:0c:-71 00:df:1d:de:de:f3:-69 9c:a2:f4:58:88:db:-73 38:91:b7:1a:22:e2:-63 ec:f4:0c:2f:57:de:-80 00:df:1d:de:de:f0:-69 00:df:1d:de:de:f2:-70 6c:cd:d6:ca:90:e1:-57 5c:62:8b:68:97:ae:-48 9a:61:b4:88:79:cc:-70 38:91:b7:1c:76:5f:-85 38:91:b7:1a:22:e1:-63 5e:62:8b:28:99:e3:-61 ec:f4:0c:2f:57:dc:-80 5e:62:8b:28:97:ae:-48 38:91:b7:1c:08:4d:-60 aa:61:b4:88:79:cf:-74 38:91:b7:1c:01:be:-56 5c:62:8b:68:93:ae:-39 1c:61:b4:88:79:cc:-73 38:91:b7:1c:01:bf:-56 38:91:b7:1c:66:0f:-71 5e:62:8b:28:98:fb:-70 38:91:b7:1c:08:4e:-60 62:61:b4:88:79:ce:-67 54:af:97:56:4d:dc:-73 38:91:b7:1c:76:5c:-85 38:91:b7:1c:01:bc:-56 1c:61:b4:88:79:cb:-67 5e:62:8b:28:97:af:-56 5e:62:8b:28:95:db:-67 38:91:b7:1c:08:4c:-60 5c:62:8b:68:99:e3:-61 38:91:b7:1a:22:e0:-63 38:91:b7:1c:76:5e:-85 5c:62:8b:68:93:af:-49 ec:f4:0c:2f:57:df:-80 38:91:b7:1c:01:bd:-56 38:91:b7:1c:66:0d:-70]] GPS:{Latitude:0 Longitude:0 Altitude:0}} 
2025-07-16 03:23:10 [37m[DEBUG][0m [PID-15] analysis.go func2:126 [raaise-18-06] nb1 classified 1.648280926s 
2025-07-16 03:23:10 [37m[DEBUG][0m [PID-15] analysis.go func2:126 [raaise-18-06] nb1 classified 1.577906678s 
2025-07-16 03:23:10 [37m[DEBUG][0m [PID-15] analysis.go func2:126 [raaise-18-06] nb1 classified 1.501341051s 
2025-07-16 03:23:10 [37m[DEBUG][0m [PID-15] analysis.go func2:126 [raaise-18-06] nb1 classified 1.235841818s 
2025-07-16 03:23:10 [31m[ERROR][0m [PID-15] analysis.go AnalyzeSensorData:222 problem analyzing: no predictions 
2025-07-16 03:23:10 [33m[WARN][0m [PID-15] calibration.go func1:202 problem with machine learnaing: problem analyzing: no predictions: {Timestamp:1751941522816 Family:raaise-18-06 Device:user 1 Location:a04 Sensors:map[bluetooth:map[] wifi:map[38:91:b7:1c:66:0e:-68 38:91:b7:19:2e:4f:-71 38:91:b7:19:2e:4e:-70 38:91:b7:1c:0b:de:-74 38:91:b7:1c:0b:df:-74 38:91:b7:1c:66:0c:-68 5e:62:8b:28:99:e3:-59 38:91:b7:1c:66:0d:-68 5e:62:8b:28:93:ae:-44 00:df:1d:de:de:fd:-79 38:91:b7:1a:22:ee:-74 ec:f4:0c:2f:57:dc:-79 62:61:b4:88:79:ce:-68 38:91:b7:1c:66:0f:-68 5e:62:8b:28:95:db:-63 5e:62:8b:28:93:af:-47 5c:62:8b:68:93:ae:-45 38:91:b7:1c:0b:dc:-74 00:df:1d:de:de:ff:-79 38:91:b7:1c:08:4f:-63 00:df:1d:de:de:fe:-79 5e:62:8b:28:98:fb:-68 54:af:97:56:4d:dc:-70 38:91:b7:1a:22:ed:-74 38:91:b7:1a:22:ec:-75 38:91:b7:19:2e:4c:-71 ec:f4:0c:2f:57:dd:-79 5e:62:8b:28:97:ae:-47 38:91:b7:1a:22:ef:-74 38:91:b7:1c:0b:dd:-74 1c:61:b4:88:79:cb:-68 ec:f4:0c:2f:57:df:-80 ec:f4:0c:2f:57:de:-79 00:df:1d:de:de:fc:-79 38:91:b7:1c:08:4e:-63 38:91:b7:1c:08:4d:-63 38:91:b7:19:2e:4d:-70 38:91:b7:1c:08:4c:-62]] GPS:{Latitude:0 Longitude:0 Altitude:0}} 
2025-07-16 03:23:10 [37m[DEBUG][0m [PID-15] analysis.go AnalyzeSensorData:222 [raaise-18-06] analyzed in 1.63384973s 
2025-07-16 03:23:10 [37m[DEBUG][0m [PID-15] analysis.go AnalyzeSensorData:222 [raaise-18-06] analyzed in 1.598200674s 
2025-07-16 03:23:10 [37m[DEBUG][0m [PID-15] analysis.go func1:112 [raaise-18-06] python classified 412.901361ms 
2025-07-16 03:23:10 [31m[ERROR][0m [PID-15] analysis.go AnalyzeSensorData:222 problem analyzing: no predictions 
2025-07-16 03:23:10 [33m[WARN][0m [PID-15] calibration.go func1:202 problem with machine learnaing: problem analyzing: no predictions: {Timestamp:1751939690958 Family:raaise-18-06 Device:user 3 Location:a04 Sensors:map[wifi:map[38:91:b7:1c:76:5d:-85 5e:62:8b:28:95:db:-67 62:61:b4:88:79:ce:-67 ec:f4:0c:2f:57:dc:-79 ec:f4:0c:2f:57:df:-80 5c:62:8b:68:98:fb:-69 38:91:b7:1a:22:e3:-63 38:91:b7:1c:66:0e:-69 5e:62:8b:28:98:fb:-68 38:91:b7:1c:76:52:-76 00:df:1d:de:de:f0:-69 38:91:b7:1a:22:e1:-62 38:91:b7:1c:76:51:-76 38:91:b7:1c:66:0d:-69 38:91:b7:1c:01:bd:-56 54:af:97:56:4d:dc:-73 1c:61:b4:88:79:cb:-67 ec:f4:0c:2f:57:de:-79 00:df:1d:de:de:f2:-69 5c:62:8b:68:95:db:-67 ec:f4:0c:2f:57:dd:-79 38:91:b7:1c:66:0f:-69 38:91:b7:1c:01:be:-56 00:df:1d:de:de:f1:-69 38:91:b7:1c:08:4c:-60 38:91:b7:1c:01:bc:-56 5e:62:8b:28:93:af:-49 5e:62:8b:28:99:e3:-61 38:91:b7:1c:08:4d:-60 38:91:b7:1c:08:4e:-60 38:91:b7:1c:76:5e:-85 38:91:b7:1c:76:5f:-85 9c:a2:f4:58:88:db:-74 38:91:b7:1a:22:e0:-62 38:91:b7:1a:22:e2:-63 38:91:b7:1c:01:bf:-56 38:91:b7:1c:08:4f:-61 5c:62:8b:68:99:e3:-61 54:af:97:56:4d:dd:-70 38:91:b7:1c:76:5c:-86 38:91:b7:1c:66:0c:-69 00:df:1d:de:de:f3:-70 5e:62:8b:28:97:ae:-52 5e:62:8b:28:93:ae:-46 38:91:b7:1c:76:53:-76 1c:61:b4:88:79:ca:-71] bluetooth:map[]] GPS:{Latitude:0 Longitude:0 Altitude:0}} 
2025-07-16 03:23:10 [37m[DEBUG][0m [PID-15] analysis.go func2:126 [raaise-18-06] nb1 classified 1.279717972s 
2025-07-16 03:23:10 [37m[DEBUG][0m [PID-15] analysis.go AnalyzeSensorData:222 [raaise-18-06] analyzed in 1.280631833s 
2025-07-16 03:23:10 [37m[DEBUG][0m [PID-15] analysis.go func2:126 [raaise-18-06] nb1 classified 2.071530323s 
2025-07-16 03:23:10 [37m[DEBUG][0m [PID-15] analysis.go func2:126 [raaise-18-06] nb1 classified 1.941848261s 
2025-07-16 03:23:10 [31m[ERROR][0m [PID-15] analysis.go AnalyzeSensorData:222 problem analyzing: no predictions 
2025-07-16 03:23:10 [33m[WARN][0m [PID-15] calibration.go func1:202 problem with machine learnaing: problem analyzing: no predictions: {Timestamp:1751941517824 Family:raaise-18-06 Device:user 1 Location:a04 Sensors:map[bluetooth:map[] wifi:map[38:91:b7:1c:76:51:-80 38:91:b7:1c:0b:df:-74 5c:62:8b:68:99:e3:-59 38:91:b7:1c:0b:dd:-74 1c:61:b4:88:79:cc:-76 ec:f4:0c:2f:57:dc:-80 00:df:1d:de:de:fd:-79 38:91:b7:19:2e:4d:-71 00:df:1d:de:de:fc:-79 38:91:b7:1c:76:52:-78 5e:62:8b:28:98:fb:-67 38:91:b7:1c:66:0c:-68 38:91:b7:1c:08:4d:-63 1c:61:b4:88:79:cb:-68 ec:f4:0c:2f:57:de:-80 62:61:b4:88:79:ce:-68 6c:cd:d6:ca:90:e1:-54 aa:61:b4:88:79:ce:-76 6c:cd:d6:ca:90:e2:-68 5e:62:8b:28:97:ae:-49 1c:61:b4:88:79:ca:-70 5e:62:8b:28:93:af:-48 5c:62:8b:68:95:db:-63 38:91:b7:1a:22:ed:-74 00:df:1d:de:de:fe:-79 ec:f4:0c:2f:57:df:-79 38:91:b7:1a:22:ef:-75 54:af:97:56:4d:dc:-70 38:91:b7:1c:76:50:-78 38:91:b7:1a:22:ec:-75 5c:62:8b:68:98:fb:-67 38:91:b7:19:2e:4c:-71 5c:62:8b:68:93:af:-48 5e:62:8b:28:95:db:-63 38:91:b7:19:2e:4f:-71 38:91:b7:1c:08:4f:-63 38:91:b7:1c:08:4e:-63 38:91:b7:1c:66:0f:-68 38:91:b7:1c:0b:dc:-74 38:91:b7:1c:08:4c:-63 aa:61:b4:88:79:cf:-76 5e:62:8b:28:93:ae:-42 38:91:b7:19:2e:4e:-70 38:91:b7:1c:0b:de:-74 00:df:1d:de:de:ff:-79 38:91:b7:1c:66:0d:-68 38:91:b7:1a:22:ee:-75 9a:61:b4:88:79:cc:-70 5e:62:8b:28:99:e3:-59 ec:f4:0c:2f:57:dd:-80 5c:62:8b:68:97:ae:-48 38:91:b7:1c:66:0e:-68]] GPS:{Latitude:0 Longitude:0 Altitude:0}} 
2025-07-16 03:23:10 [37m[DEBUG][0m [PID-15] analysis.go AnalyzeSensorData:222 [raaise-18-06] analyzed in 2.031346216s 
2025-07-16 03:23:10 [31m[ERROR][0m [PID-15] analysis.go AnalyzeSensorData:222 problem analyzing: no predictions 
2025-07-16 03:23:10 [33m[WARN][0m [PID-15] calibration.go func1:202 problem with machine learnaing: problem analyzing: no predictions: {Timestamp:1751941227791 Family:raaise-18-06 Device:user 1 Location:a04 Sensors:map[bluetooth:map[] wifi:map[ec:f4:0c:2f:57:df:-80 5e:62:8b:28:99:e3:-58 38:91:b7:1c:0b:dd:-75 38:91:b7:19:2e:4c:-70 38:91:b7:1c:76:50:-78 5c:62:8b:68:99:e3:-58 ec:f4:0c:2f:57:dd:-80 38:91:b7:1c:08:4d:-64 6c:cd:d6:ca:90:e1:-55 00:df:1d:de:de:fe:-80 38:91:b7:1a:22:ef:-75 5e:62:8b:28:97:ae:-49 5c:62:8b:68:93:af:-47 6c:cd:d6:ca:90:e2:-68 1c:61:b4:88:79:cc:-77 38:91:b7:1c:66:0c:-69 38:91:b7:1c:08:4c:-63 5c:62:8b:68:93:ae:-47 54:af:97:56:4d:dc:-71 5c:62:8b:68:95:db:-62 5e:62:8b:28:97:af:-57 5e:62:8b:28:93:af:-47 00:df:1d:de:de:ff:-79 5e:62:8b:28:95:db:-62 38:91:b7:1c:0b:df:-74 00:df:1d:de:de:fd:-80 ec:f4:0c:2f:57:dc:-80 38:91:b7:1c:66:0f:-69 38:91:b7:19:2e:4f:-71 38:91:b7:1c:0b:de:-74 00:df:1d:de:de:fc:-80 5c:62:8b:68:97:af:-57 38:91:b7:1c:0b:dc:-75 38:91:b7:1c:76:52:-78 38:91:b7:1c:66:0e:-69 62:61:b4:88:79:ce:-68 38:91:b7:1c:76:53:-80 38:91:b7:1c:76:51:-80 9c:a2:f4:58:88:db:-64 1c:61:b4:88:79:cb:-68 38:91:b7:1a:22:ec:-75 aa:61:b4:88:79:cf:-76 38:91:b7:19:2e:4e:-71 38:91:b7:1c:66:0d:-69 1c:61:b4:88:79:ca:-70 5e:62:8b:28:98:fb:-66 5e:62:8b:28:93:ae:-46 38:91:b7:19:2e:4d:-71 38:91:b7:1a:22:ed:-76 ec:f4:0c:2f:57:de:-80 5c:62:8b:68:98:fb:-67 38:91:b7:1c:08:4e:-63 38:91:b7:1c:08:4f:-63 38:91:b7:1a:22:ee:-75 9a:61:b4:88:79:cc:-70]] GPS:{Latitude:0 Longitude:0 Altitude:0}} 
2025-07-16 03:23:11 [37m[DEBUG][0m [PID-15] websockets.go websocketListener:81 removed raaise-18-06-all/172.18.0.1:40336 
2025-07-16 03:23:11 [37m[DEBUG][0m [PID-15] analysis.go func2:126 [raaise-18-06] nb1 classified 1.812589632s 
2025-07-16 03:23:11 [37m[DEBUG][0m [PID-15] analysis.go AnalyzeSensorData:222 [raaise-18-06] analyzed in 1.854798832s 
2025-07-16 03:23:11 [37m[DEBUG][0m [PID-15] analysis.go func2:126 [raaise-18-06] nb1 classified 1.13621399s 
2025-07-16 03:23:11 [37m[DEBUG][0m [PID-15] analysis.go AnalyzeSensorData:222 [raaise-18-06] analyzed in 2.426851879s 
2025-07-16 03:23:11 [37m[DEBUG][0m [PID-15] analysis.go func2:126 [raaise-18-06] nb1 classified 1.535242947s 
2025-07-16 03:23:11 [36m[INFO][0m [PID-15] server.go func1:1360 172.18.0.1:34178 GET /ws?device=all&family=raaise-18-06 130.270044ms 
2025-07-16 03:23:11 [37m[DEBUG][0m [PID-15] analysis.go func1:112 [raaise-18-06] python classified 570.50531ms 
2025-07-16 03:23:11 [37m[DEBUG][0m [PID-15] analysis.go func1:112 [raaise-18-06] python classified 491.996515ms 
2025-07-16 03:23:11 [31m[ERROR][0m [PID-15] analysis.go AnalyzeSensorData:222 problem analyzing: no predictions 
2025-07-16 03:23:11 [33m[WARN][0m [PID-15] calibration.go func1:202 problem with machine learnaing: problem analyzing: no predictions: {Timestamp:1751939932787 Family:raaise-18-06 Device:user 1 Location:a04 Sensors:map[bluetooth:map[] wifi:map[38:91:b7:1c:0b:de:-76 5c:62:8b:68:95:db:-63 5e:62:8b:28:97:ae:-49 00:df:1d:de:de:fe:-78 38:91:b7:1c:0b:dc:-76 1c:61:b4:88:79:cb:-68 5c:62:8b:68:97:ae:-49 5e:62:8b:28:93:af:-47 38:91:b7:1c:66:0f:-69 6c:cd:d6:ca:90:e2:-68 38:91:b7:1a:22:ee:-74 38:91:b7:19:2e:4d:-71 5c:62:8b:68:98:fb:-67 38:91:b7:1c:0b:dd:-76 38:91:b7:1c:08:4e:-63 38:91:b7:1a:22:ed:-75 ec:f4:0c:2f:57:de:-80 5c:62:8b:68:93:af:-47 00:df:1d:de:de:fd:-78 38:91:b7:1c:08:4d:-63 38:91:b7:1c:08:4c:-63 38:91:b7:1c:66:0e:-69 62:61:b4:88:79:ce:-68 5c:62:8b:68:99:e3:-58 5e:62:8b:28:97:af:-57 38:91:b7:1a:22:ef:-74 38:91:b7:1a:22:ec:-74 5c:62:8b:68:93:ae:-47 5e:62:8b:28:95:db:-63 00:df:1d:de:de:ff:-79 38:91:b7:19:2e:4e:-70 38:91:b7:1c:0b:df:-76 54:af:97:56:4d:dc:-70 5e:62:8b:28:99:e3:-58 ec:f4:0c:2f:57:dd:-80 38:91:b7:19:2e:4f:-71 5e:62:8b:28:98:fb:-68 38:91:b7:19:2e:4c:-71 ec:f4:0c:2f:57:dc:-80 00:df:1d:de:de:fc:-78 aa:61:b4:88:79:cf:-66 ec:f4:0c:2f:57:df:-80 1c:61:b4:88:79:cc:-67 38:91:b7:1c:66:0d:-69 38:91:b7:1c:66:0c:-69 38:91:b7:1c:08:4f:-64]] GPS:{Latitude:0 Longitude:0 Altitude:0}} 
2025-07-16 03:23:11 [37m[DEBUG][0m [PID-15] db.go GetSensorFromGreaterTime:429 using minimum timestamp of 1751937957792 
2025-07-16 03:23:11 [37m[DEBUG][0m [PID-15] db.go getRows:1055 getting columns 
2025-07-16 03:23:11 [37m[DEBUG][0m [PID-15] db.go getRows:1062 getting sensorstringsizer 
2025-07-16 03:23:11 [37m[DEBUG][0m [PID-15] db.go getRows:1079 getting locations 
2025-07-16 03:23:11 [37m[DEBUG][0m [PID-15] db.go getRows:1085 got locations 
2025-07-16 03:23:11 [37m[DEBUG][0m [PID-15] db.go GetSensorFromGreaterTime:429 using minimum timestamp of 1751940657792 
2025-07-16 03:23:11 [37m[DEBUG][0m [PID-15] db.go getRows:1055 getting columns 
2025-07-16 03:23:11 [37m[DEBUG][0m [PID-15] db.go getRows:1062 getting sensorstringsizer 
2025-07-16 03:23:11 [37m[DEBUG][0m [PID-15] db.go getRows:1079 getting locations 
2025-07-16 03:23:11 [37m[DEBUG][0m [PID-15] db.go getRows:1085 got locations 
2025-07-16 03:23:11 [37m[DEBUG][0m [PID-15] server.go 1:367 [raaise-18-06] got sensor from greater time 131.908392ms 
2025-07-16 03:23:11 [37m[DEBUG][0m [PID-15] server.go 1:380 [raaise-18-06] found 3 devices to check 
2025-07-16 03:23:11 [37m[DEBUG][0m [PID-15] server.go 1:381 [raaise-18-06] getting device counts 
2025-07-16 03:23:11 [37m[DEBUG][0m [PID-15] server.go 1:399 found 3 devices 
2025-07-16 03:23:11 [37m[DEBUG][0m [PID-15] server.go 1:400 [raaise-18-06] getting locations 
2025-07-16 03:23:11 [37m[DEBUG][0m [PID-15] server.go 1:407 found 13 locations 
2025-07-16 03:23:11 [37m[DEBUG][0m [PID-15] server.go 1:408 [raaise-18-06] total learned count 
2025-07-16 03:23:11 [37m[DEBUG][0m [PID-15] server.go 1:434 [raaise-18-06] getting location count 
2025-07-16 03:23:11 [37m[DEBUG][0m [PID-15] server.go 1:440 [raaise-18-06] locations: map[a16:631 a03:677 a04:562 a07:550 a06:453 a13:610 a14:541 a15:815 a10:653 a02:590 a01:599 a11:552 a17:500] 
2025-07-16 03:23:11 [37m[DEBUG][0m [PID-15] server.go 1:489 [raaise-18-06] getting by_locations for 3 devices 
2025-07-16 03:23:11 [37m[DEBUG][0m [PID-15] server.go 1:495 [raaise-18-06] creating device table 
2025-07-16 03:23:11 [37m[DEBUG][0m [PID-15] server.go 1:536 [raaise-18-06] rendered dashboard in 166.821882ms 
2025-07-16 03:23:11 [36m[INFO][0m [PID-15] server.go func1:1360 172.18.0.1:34170 GET /view/dashboard/raaise-18-06 167.101133ms 
2025-07-16 03:23:11 [37m[DEBUG][0m [PID-15] analysis.go GetByLocation:299 [raaise-18-06] got sensor from greater time 1.168577ms 
2025-07-16 03:23:11 [37m[DEBUG][0m [PID-15] analysis.go GetByLocation:313 [raaise-18-06] got predictions in map 91.321µs 
2025-07-16 03:23:11 [37m[DEBUG][0m [PID-15] analysis.go GetByLocation:321 [raaise-18-06] found 1 devices to check 
2025-07-16 03:23:11 [37m[DEBUG][0m [PID-15] analysis.go GetByLocation:331 [raaise-18-06] got device counts 106ns 
2025-07-16 03:23:11 [37m[DEBUG][0m [PID-15] analysis.go GetByLocation:339 [raaise-18-06] got device first-time 308.507µs 
2025-07-16 03:23:11 [37m[DEBUG][0m [PID-15] analysis.go func1:112 [raaise-18-06] python classified 585.175321ms 
2025-07-16 03:23:11 [37m[DEBUG][0m [PID-15] analysis.go func1:112 [raaise-18-06] python classified 603.54406ms 
2025-07-16 03:23:11 [37m[DEBUG][0m [PID-15] websockets.go websocketListener:81 removed raaise-18-06-all/172.18.0.1:34178 
2025-07-16 03:23:11 [37m[DEBUG][0m [PID-15] analysis.go func2:126 [raaise-18-06] nb1 classified 1.415650512s 
2025-07-16 03:23:11 [37m[DEBUG][0m [PID-15] analysis.go AnalyzeSensorData:222 [raaise-18-06] analyzed in 1.41657287s 
2025-07-16 03:23:11 [37m[DEBUG][0m [PID-15] analysis.go func1:112 [raaise-18-06] python classified 706.445394ms 
2025-07-16 03:23:11 [37m[DEBUG][0m [PID-15] server.go 1:284 [raaise-18-06] getting gps 
2025-07-16 03:23:11 [36m[INFO][0m [PID-15] server.go func1:1360 172.18.0.1:34196 GET /view/gps/raaise-18-06 13.871749ms 
2025-07-16 03:23:11 [37m[DEBUG][0m [PID-15] analysis.go func1:112 [raaise-18-06] python classified 706.195213ms 
2025-07-16 03:23:11 [37m[DEBUG][0m [PID-15] analysis.go func1:112 [raaise-18-06] python classified 592.70348ms 
2025-07-16 03:23:12 [37m[DEBUG][0m [PID-15] analysis.go func2:126 [raaise-18-06] nb1 classified 1.67465522s 
2025-07-16 03:23:12 [37m[DEBUG][0m [PID-15] analysis.go func2:126 [raaise-18-06] nb1 classified 2.503482469s 
2025-07-16 03:23:12 [37m[DEBUG][0m [PID-15] analysis.go AnalyzeSensorData:222 [raaise-18-06] analyzed in 2.512775446s 
2025-07-16 03:23:12 [37m[DEBUG][0m [PID-15] analysis.go func1:112 [raaise-18-06] python classified 593.00659ms 
2025-07-16 03:23:12 [36m[INFO][0m [PID-15] server.go func1:1360 172.18.0.1:34244 GET /ws?device=all&family=raaise-18-06 141.007µs 
2025-07-16 03:23:12 [37m[DEBUG][0m [PID-15] analysis.go func2:126 [raaise-18-06] nb1 classified 2.17764273s 
2025-07-16 03:23:12 [37m[DEBUG][0m [PID-15] analysis.go func2:126 [raaise-18-06] nb1 classified 1.877907929s 
2025-07-16 03:23:12 [37m[DEBUG][0m [PID-15] analysis.go AnalyzeSensorData:222 [raaise-18-06] analyzed in 1.881305218s 
2025-07-16 03:23:12 [33m[WARN][0m [PID-15] server.go func14:541 You need to add learning data first: group 'apple-icon.png' does not exist 
2025-07-16 03:23:12 [36m[INFO][0m [PID-15] server.go func1:1360 172.18.0.1:34236 GET /view/dashboard/apple-icon.png 550.544µs 
2025-07-16 03:23:12 [37m[DEBUG][0m [PID-15] analysis.go func2:126 [raaise-18-06] nb1 classified 2.216300797s 
2025-07-16 03:23:12 [37m[DEBUG][0m [PID-15] analysis.go func1:112 [raaise-18-06] python classified 615.836462ms 
2025-07-16 03:23:12 [37m[DEBUG][0m [PID-15] analysis.go func2:126 [raaise-18-06] nb1 classified 2.059524057s 
2025-07-16 03:23:12 [31m[ERROR][0m [PID-15] analysis.go AnalyzeSensorData:222 problem analyzing: no predictions 
2025-07-16 03:23:12 [33m[WARN][0m [PID-15] calibration.go func1:202 problem with machine learnaing: problem analyzing: no predictions: {Timestamp:1751941442814 Family:raaise-18-06 Device:user 1 Location:a04 Sensors:map[wifi:map[5e:62:8b:28:93:ae:-45 38:91:b7:1c:08:4f:-63 38:91:b7:1c:0b:dd:-74 38:91:b7:1a:22:ec:-75 38:91:b7:1a:22:ed:-74 1c:61:b4:88:79:ca:-70 5c:62:8b:68:95:db:-63 38:91:b7:1c:66:0c:-68 38:91:b7:1c:0b:dc:-74 5e:62:8b:28:95:db:-63 38:91:b7:19:2e:4e:-71 5c:62:8b:68:98:fb:-67 ec:f4:0c:2f:57:dc:-79 38:91:b7:1c:08:4e:-63 1c:61:b4:88:79:cb:-68 ec:f4:0c:2f:57:dd:-79 38:91:b7:1a:22:ef:-74 5e:62:8b:28:93:af:-47 5e:62:8b:28:97:ae:-49 38:91:b7:1c:66:0f:-68 54:af:97:56:4d:dc:-70 ec:f4:0c:2f:57:df:-79 6c:cd:d6:ca:90:e2:-67 38:91:b7:19:2e:4f:-71 38:91:b7:1c:66:0d:-68 5e:62:8b:28:98:fb:-67 ec:f4:0c:2f:57:de:-79 38:91:b7:19:2e:4c:-71 00:df:1d:de:de:fe:-79 5e:62:8b:28:99:e3:-59 62:61:b4:88:79:ce:-68 38:91:b7:19:2e:4d:-71 38:91:b7:1c:08:4d:-63 38:91:b7:1c:66:0e:-68 38:91:b7:1c:08:4c:-63 6c:cd:d6:ca:90:e1:-55 00:df:1d:de:de:ff:-79 38:91:b7:1c:0b:de:-74 38:91:b7:1c:0b:df:-74 00:df:1d:de:de:fd:-79 38:91:b7:1a:22:ee:-74 00:df:1d:de:de:fc:-79] bluetooth:map[]] GPS:{Latitude:0 Longitude:0 Altitude:0}} 
2025-07-16 03:23:13 [37m[DEBUG][0m [PID-15] analysis.go func2:126 [raaise-18-06] nb1 classified 2.36490911s 
2025-07-16 03:23:13 [37m[DEBUG][0m [PID-15] analysis.go AnalyzeSensorData:222 [raaise-18-06] analyzed in 2.372879461s 
2025-07-16 03:23:13 [37m[DEBUG][0m [PID-15] analysis.go func2:126 [raaise-18-06] nb1 classified 2.279231705s 
2025-07-16 03:23:13 [37m[DEBUG][0m [PID-15] analysis.go func1:112 [raaise-18-06] python classified 388.131557ms 
2025-07-16 03:23:13 [37m[DEBUG][0m [PID-15] analysis.go AnalyzeSensorData:222 [raaise-18-06] analyzed in 2.367973753s 
2025-07-16 03:23:13 [37m[DEBUG][0m [PID-15] analysis.go func2:126 [raaise-18-06] nb1 classified 2.676034555s 
2025-07-16 03:23:13 [37m[DEBUG][0m [PID-15] analysis.go AnalyzeSensorData:222 [raaise-18-06] analyzed in 2.676918777s 
2025-07-16 03:23:13 [37m[DEBUG][0m [PID-15] analysis.go func2:126 [raaise-18-06] nb1 classified 2.742767591s 
2025-07-16 03:23:13 [37m[DEBUG][0m [PID-15] analysis.go func2:126 [raaise-18-06] nb1 classified 2.532541202s 
2025-07-16 03:23:13 [37m[DEBUG][0m [PID-15] analysis.go AnalyzeSensorData:222 [raaise-18-06] analyzed in 2.589026806s 
2025-07-16 03:23:13 [37m[DEBUG][0m [PID-15] analysis.go func2:126 [raaise-18-06] nb1 classified 2.332225973s 
2025-07-16 03:23:13 [37m[DEBUG][0m [PID-15] analysis.go AnalyzeSensorData:222 [raaise-18-06] analyzed in 2.333286779s 
2025-07-16 03:23:13 [37m[DEBUG][0m [PID-15] analysis.go func1:112 [raaise-18-06] python classified 469.872501ms 
2025-07-16 03:23:13 [37m[DEBUG][0m [PID-15] analysis.go func2:126 [raaise-18-06] nb1 classified 1.252730253s 
2025-07-16 03:23:13 [37m[DEBUG][0m [PID-15] analysis.go AnalyzeSensorData:222 [raaise-18-06] analyzed in 3.018673215s 
2025-07-16 03:23:13 [37m[DEBUG][0m [PID-15] analysis.go func2:126 [raaise-18-06] nb1 classified 1.844408776s 
2025-07-16 03:23:13 [37m[DEBUG][0m [PID-15] analysis.go AnalyzeSensorData:222 [raaise-18-06] analyzed in 1.851845533s 
2025-07-16 03:23:13 [37m[DEBUG][0m [PID-15] analysis.go func2:126 [raaise-18-06] nb1 classified 2.336520926s 
2025-07-16 03:23:13 [37m[DEBUG][0m [PID-15] analysis.go func1:112 [raaise-18-06] python classified 402.783803ms 
2025-07-16 03:23:13 [37m[DEBUG][0m [PID-15] analysis.go func1:112 [raaise-18-06] python classified 360.542765ms 
2025-07-16 03:23:13 [37m[DEBUG][0m [PID-15] analysis.go AnalyzeSensorData:222 [raaise-18-06] analyzed in 2.40164384s 
2025-07-16 03:23:14 [31m[ERROR][0m [PID-15] analysis.go AnalyzeSensorData:222 problem analyzing: no predictions 
2025-07-16 03:23:14 [33m[WARN][0m [PID-15] calibration.go func1:202 problem with machine learnaing: problem analyzing: no predictions: {Timestamp:1750209295468 Family:raaise-18-06 Device:user 1 Location:a07 Sensors:map[bluetooth:map[] wifi:map[38:91:b7:1a:a7:41:-76 38:91:b7:1a:22:ee:-46 6c:cd:d6:ca:90:e2:-42 5e:62:8b:28:97:af:-61 ec:f4:0c:2f:57:df:-64 38:91:b7:1a:22:ef:-46 52:91:e3:78:87:29:-50 38:91:b7:1c:08:4f:-79 38:91:b7:1a:22:ed:-46 38:91:b7:1a:22:e0:-43 38:91:b7:1c:0b:df:-84 38:91:b7:19:2e:4e:-69 00:df:1d:de:de:fd:-78 ec:f4:0c:2f:57:de:-64 38:91:b7:19:2e:4c:-69 38:91:b7:19:2e:4f:-67 38:91:b7:1a:a7:42:-76 38:91:b7:1c:08:4d:-80 5e:62:8b:28:95:db:-71 38:91:b7:1c:0b:dd:-83 38:91:b7:1c:08:4c:-80 52:91:e3:28:87:29:-42 38:91:b7:1c:08:4e:-79 00:df:1d:de:de:fe:-77 5c:62:8b:68:99:e3:-39 38:91:b7:1a:a7:40:-77 50:91:e3:f8:87:29:-42 9a:61:b4:88:79:cc:-57 5e:62:8b:28:98:fb:-46 00:df:1d:de:de:fc:-77 6c:cd:d6:ca:90:e1:-37 38:91:b7:1a:22:e1:-43 38:91:b7:1a:22:ec:-46 50:91:e3:f8:87:2b:-51 9c:a2:f4:58:88:db:-58 ec:f4:0c:2f:57:dd:-64 5e:62:8b:28:99:e3:-40 38:91:b7:1a:22:e2:-43 1c:61:b4:88:79:ca:-58 38:91:b7:19:2e:4d:-69 54:af:97:56:4d:dd:-63 38:91:b7:1a:22:e3:-43 54:af:97:56:4d:dc:-58 ec:f4:0c:2f:57:dc:-64 38:91:b7:1c:0b:de:-84 38:91:b7:1c:0b:dc:-84 38:91:b7:1a:a7:43:-76 5c:62:8b:68:97:af:-59 00:df:1d:de:de:ff:-77 86:69:93:27:ad:35:-62]] GPS:{Latitude:0 Longitude:0 Altitude:0}} 
2025-07-16 03:23:14 [37m[DEBUG][0m [PID-15] analysis.go func1:112 [raaise-18-06] python classified 355.69211ms 
2025-07-16 03:23:14 [37m[DEBUG][0m [PID-15] analysis.go func1:112 [raaise-18-06] python classified 401.893337ms 
2025-07-16 03:23:14 [37m[DEBUG][0m [PID-15] analysis.go func1:112 [raaise-18-06] python classified 422.613395ms 
2025-07-16 03:23:14 [37m[DEBUG][0m [PID-15] analysis.go func1:112 [raaise-18-06] python classified 486.496268ms 
2025-07-16 03:23:14 [37m[DEBUG][0m [PID-15] analysis.go func1:112 [raaise-18-06] python classified 457.290782ms 
2025-07-16 03:23:14 [37m[DEBUG][0m [PID-15] analysis.go func2:126 [raaise-18-06] nb1 classified 1.053921211s 
2025-07-16 03:23:14 [37m[DEBUG][0m [PID-15] analysis.go AnalyzeSensorData:222 [raaise-18-06] analyzed in 1.054944521s 
2025-07-16 03:23:14 [37m[DEBUG][0m [PID-15] analysis.go func2:126 [raaise-18-06] nb1 classified 1.004455385s 
2025-07-16 03:23:14 [37m[DEBUG][0m [PID-15] analysis.go AnalyzeSensorData:222 [raaise-18-06] analyzed in 1.005418642s 
2025-07-16 03:23:14 [37m[DEBUG][0m [PID-15] analysis.go func2:126 [raaise-18-06] nb1 classified 964.778302ms 
2025-07-16 03:23:14 [37m[DEBUG][0m [PID-15] analysis.go func2:126 [raaise-18-06] nb1 classified 1.651643082s 
2025-07-16 03:23:14 [37m[DEBUG][0m [PID-15] analysis.go AnalyzeSensorData:222 [raaise-18-06] analyzed in 1.682476252s 
2025-07-16 03:23:14 [37m[DEBUG][0m [PID-15] analysis.go func2:126 [raaise-18-06] nb1 classified 1.136377719s 
2025-07-16 03:23:14 [37m[DEBUG][0m [PID-15] analysis.go AnalyzeSensorData:222 [raaise-18-06] analyzed in 1.13757473s 
2025-07-16 03:23:14 [37m[DEBUG][0m [PID-15] analysis.go func2:126 [raaise-18-06] nb1 classified 988.039517ms 
2025-07-16 03:23:14 [37m[DEBUG][0m [PID-15] analysis.go func2:126 [raaise-18-06] nb1 classified 1.695542135s 
2025-07-16 03:23:14 [37m[DEBUG][0m [PID-15] analysis.go AnalyzeSensorData:222 [raaise-18-06] analyzed in 1.739002966s 
2025-07-16 03:23:14 [37m[DEBUG][0m [PID-15] analysis.go func1:112 [raaise-18-06] python classified 380.327195ms 
2025-07-16 03:23:14 [37m[DEBUG][0m [PID-15] analysis.go func1:112 [raaise-18-06] python classified 357.789422ms 
2025-07-16 03:23:14 [37m[DEBUG][0m [PID-15] analysis.go AnalyzeSensorData:222 [raaise-18-06] analyzed in 1.105485263s 
2025-07-16 03:23:15 [31m[ERROR][0m [PID-15] analysis.go AnalyzeSensorData:222 problem analyzing: no predictions 
2025-07-16 03:23:15 [33m[WARN][0m [PID-15] calibration.go func1:202 problem with machine learnaing: problem analyzing: no predictions: {Timestamp:1750224431673 Family:raaise-18-06 Device:user 2 Location:a07 Sensors:map[bluetooth:map[] wifi:map[5e:62:8b:28:97:af:-62 5e:62:8b:28:99:e3:-38 00:df:1d:de:de:ff:-82 38:91:b7:19:2e:4c:-71 38:91:b7:1c:08:4d:-85 38:91:b7:19:2e:4d:-70 38:91:b7:19:2e:4e:-70 38:91:b7:1a:a7:42:-76 ec:f4:0c:2f:57:dc:-69 00:df:1d:de:de:fc:-82 38:91:b7:1c:66:0e:-82 5c:62:8b:68:95:db:-76 6c:cd:d6:ca:90:e2:-47 5e:62:8b:28:93:af:-68 38:91:b7:1c:66:0c:-83 6c:cd:d6:ca:90:e1:-52 1c:61:b4:88:79:ca:-60 50:91:e3:f8:87:2b:-60 62:61:b4:88:79:ce:-55 ec:f4:0c:2f:57:dd:-69 5e:62:8b:28:95:db:-76 38:91:b7:1a:a7:41:-76 38:91:b7:1c:08:4e:-85 54:af:97:56:4d:dc:-59 5c:62:8b:68:93:af:-69 00:df:1d:de:de:fe:-82 38:91:b7:1c:66:0f:-82 1c:61:b4:88:79:cb:-55 5e:62:8b:28:98:fa:-54 38:91:b7:1a:a7:40:-75 38:91:b7:19:2e:4f:-71 aa:61:b4:88:79:cf:-65 38:91:b7:1a:a7:43:-76 54:af:97:56:4d:dd:-66 50:91:e3:f8:87:29:-44 5e:62:8b:28:99:e2:-33 1c:61:b4:88:79:cc:-65 38:91:b7:1c:08:4c:-85 ec:f4:0c:2f:57:de:-69 38:91:b7:1c:08:4f:-85 ec:f4:0c:2f:57:df:-69 5c:62:8b:68:97:af:-62 00:df:1d:de:de:fd:-81 46:1c:a8:05:a3:bd:-89 38:91:b7:1c:66:0d:-82]] GPS:{Latitude:0 Longitude:0 Altitude:0}} 
2025-07-16 03:23:15 [37m[DEBUG][0m [PID-15] analysis.go func2:126 [raaise-18-06] nb1 classified 1.253554285s 
2025-07-16 03:23:15 [31m[ERROR][0m [PID-15] analysis.go AnalyzeSensorData:222 problem analyzing: no predictions 
2025-07-16 03:23:15 [33m[WARN][0m [PID-15] calibration.go func1:202 problem with machine learnaing: problem analyzing: no predictions: {Timestamp:1750224898317 Family:raaise-18-06 Device:user 1 Location:a07 Sensors:map[wifi:map[5c:62:8b:68:97:af:-60 38:91:b7:1c:0b:dd:-88 50:91:e3:f8:87:29:-49 38:91:b7:1a:a7:41:-77 00:df:1d:de:de:fc:-81 5e:62:8b:28:98:fa:-41 38:91:b7:1c:08:4d:-85 38:91:b7:1c:08:4c:-83 5e:62:8b:28:99:e2:-36 38:91:b7:19:2e:4c:-74 00:df:1d:de:de:ff:-81 38:91:b7:1c:76:50:-85 38:91:b7:1c:08:4f:-85 5c:62:8b:68:93:af:-68 38:91:b7:19:2e:4f:-74 5c:62:8b:68:95:db:-78 38:91:b7:19:2e:4d:-74 00:df:1d:de:de:fd:-80 38:91:b7:19:2e:4e:-74 38:91:b7:1c:0b:dc:-89 38:91:b7:1c:0b:df:-89 50:91:e3:f8:87:2b:-51 54:af:97:56:4d:dd:-59 5e:62:8b:28:98:fb:-46 5e:62:8b:28:93:af:-68 38:91:b7:1c:76:52:-81 ec:f4:0c:2f:57:df:-75 ec:f4:0c:2f:57:dc:-74 5e:62:8b:28:99:e3:-42 5e:62:8b:28:95:db:-77 5c:62:8b:68:97:ae:-54 38:91:b7:1c:76:53:-85 54:af:97:56:4d:dc:-61 38:91:b7:1c:0b:de:-89 ec:f4:0c:2f:57:dd:-75 00:df:1d:de:de:fe:-81 38:91:b7:1c:08:4e:-85 9c:a2:f4:58:88:db:-63 ec:f4:0c:2f:57:de:-75 6c:cd:d6:ca:90:e2:-46 5e:62:8b:28:97:af:-60 1c:61:b4:88:79:ca:-66] bluetooth:map[]] GPS:{Latitude:0 Longitude:0 Altitude:0}} 
2025-07-16 03:23:15 [37m[DEBUG][0m [PID-15] analysis.go AnalyzeSensorData:222 [raaise-18-06] analyzed in 1.266106358s 
2025-07-16 03:23:15 [37m[DEBUG][0m [PID-15] analysis.go func2:126 [raaise-18-06] nb1 classified 1.088043605s 
2025-07-16 03:23:15 [37m[DEBUG][0m [PID-15] analysis.go AnalyzeSensorData:222 [raaise-18-06] analyzed in 1.088898093s 
2025-07-16 03:23:15 [37m[DEBUG][0m [PID-15] analysis.go func1:112 [raaise-18-06] python classified 273.287606ms 
2025-07-16 03:23:15 [37m[DEBUG][0m [PID-15] analysis.go func1:112 [raaise-18-06] python classified 337.800356ms 
2025-07-16 03:23:15 [37m[DEBUG][0m [PID-15] analysis.go func1:112 [raaise-18-06] python classified 325.597043ms 
2025-07-16 03:23:15 [37m[DEBUG][0m [PID-15] analysis.go func2:126 [raaise-18-06] nb1 classified 1.413158568s 
2025-07-16 03:23:15 [37m[DEBUG][0m [PID-15] analysis.go AnalyzeSensorData:222 [raaise-18-06] analyzed in 1.414028935s 
2025-07-16 03:23:15 [37m[DEBUG][0m [PID-15] analysis.go func1:112 [raaise-18-06] python classified 327.162142ms 
2025-07-16 03:23:15 [37m[DEBUG][0m [PID-15] analysis.go func2:126 [raaise-18-06] nb1 classified 854.563717ms 
2025-07-16 03:23:15 [37m[DEBUG][0m [PID-15] analysis.go func1:112 [raaise-18-06] python classified 505.461112ms 
2025-07-16 03:23:15 [37m[DEBUG][0m [PID-15] analysis.go func1:112 [raaise-18-06] python classified 421.400989ms 
2025-07-16 03:23:15 [37m[DEBUG][0m [PID-15] analysis.go func2:126 [raaise-18-06] nb1 classified 895.450745ms 
2025-07-16 03:23:15 [31m[ERROR][0m [PID-15] analysis.go AnalyzeSensorData:222 problem analyzing: no predictions 
2025-07-16 03:23:15 [33m[WARN][0m [PID-15] calibration.go func1:202 problem with machine learnaing: problem analyzing: no predictions: {Timestamp:1750224908325 Family:raaise-18-06 Device:user 1 Location:a07 Sensors:map[bluetooth:map[] wifi:map[38:91:b7:1a:a7:42:-76 38:91:b7:1c:08:4e:-84 38:91:b7:1a:a7:40:-75 5e:62:8b:28:95:db:-78 5c:62:8b:68:95:db:-78 38:91:b7:1c:0b:de:-88 ec:f4:0c:2f:57:de:-72 50:91:e3:f8:87:2b:-51 ec:f4:0c:2f:57:dc:-73 5e:62:8b:28:99:e3:-44 38:91:b7:19:2e:4f:-74 5c:62:8b:68:97:af:-60 1c:61:b4:88:79:ca:-66 6c:cd:d6:ca:90:e1:-42 38:91:b7:1c:08:4d:-85 38:91:b7:1a:22:e3:-48 38:91:b7:19:2e:4e:-74 aa:61:b4:88:79:cf:-66 5e:62:8b:28:99:e2:-40 5c:62:8b:68:93:af:-69 38:91:b7:19:2e:4d:-74 38:91:b7:1a:22:e2:-50 00:df:1d:de:de:fd:-81 38:91:b7:1c:76:50:-85 38:91:b7:1a:a7:41:-72 5e:62:8b:28:98:fb:-46 ec:f4:0c:2f:57:df:-73 38:91:b7:19:2e:4c:-74 00:df:1d:de:de:f0:-77 38:91:b7:1c:08:4c:-85 00:df:1d:de:de:fc:-81 50:91:e3:f8:87:29:-48 5e:62:8b:28:93:af:-69 38:91:b7:1c:0b:dd:-88 38:91:b7:1c:0b:dc:-88 5e:62:8b:28:97:af:-60 00:df:1d:de:de:f1:-77 00:df:1d:de:de:f2:-78 00:df:1d:de:de:ff:-81 86:69:93:27:ad:35:-64 00:df:1d:de:de:f3:-77 00:df:1d:de:de:fe:-81 5e:62:8b:28:98:fa:-42 6c:cd:d6:ca:90:e2:-46 38:91:b7:1c:0b:df:-89 38:91:b7:1a:22:e0:-50 ec:f4:0c:2f:57:dd:-74 38:91:b7:1c:08:4f:-84 9c:a2:f4:58:88:db:-63 54:af:97:56:4d:dc:-60 38:91:b7:1a:22:e1:-48]] GPS:{Latitude:0 Longitude:0 Altitude:0}} 
2025-07-16 03:23:15 [37m[DEBUG][0m [PID-15] analysis.go func2:126 [raaise-18-06] nb1 classified 1.416124865s 
2025-07-16 03:23:15 [37m[DEBUG][0m [PID-15] analysis.go AnalyzeSensorData:222 [raaise-18-06] analyzed in 1.417046704s 
2025-07-16 03:23:16 [37m[DEBUG][0m [PID-15] analysis.go func2:126 [raaise-18-06] nb1 classified 1.164035527s 
2025-07-16 03:23:16 [37m[DEBUG][0m [PID-15] analysis.go AnalyzeSensorData:222 [raaise-18-06] analyzed in 1.165609507s 
2025-07-16 03:23:16 [37m[DEBUG][0m [PID-15] analysis.go func2:126 [raaise-18-06] nb1 classified 1.596208187s 
2025-07-16 03:23:16 [37m[DEBUG][0m [PID-15] analysis.go AnalyzeSensorData:222 [raaise-18-06] analyzed in 1.597182994s 
2025-07-16 03:23:16 [37m[DEBUG][0m [PID-15] analysis.go func2:126 [raaise-18-06] nb1 classified 1.064099268s 
2025-07-16 03:23:16 [37m[DEBUG][0m [PID-15] analysis.go func2:126 [raaise-18-06] nb1 classified 1.237680913s 
2025-07-16 03:23:16 [37m[DEBUG][0m [PID-15] analysis.go func1:112 [raaise-18-06] python classified 387.675796ms 
2025-07-16 03:23:16 [37m[DEBUG][0m [PID-15] analysis.go AnalyzeSensorData:222 [raaise-18-06] analyzed in 1.25718847s 
2025-07-16 03:23:16 [37m[DEBUG][0m [PID-15] analysis.go AnalyzeSensorData:222 [raaise-18-06] analyzed in 1.164718725s 
2025-07-16 03:23:16 [37m[DEBUG][0m [PID-15] analysis.go func2:126 [raaise-18-06] nb1 classified 1.259554403s 
2025-07-16 03:23:16 [37m[DEBUG][0m [PID-15] analysis.go AnalyzeSensorData:222 [raaise-18-06] analyzed in 1.260370615s 
2025-07-16 03:23:16 [37m[DEBUG][0m [PID-15] analysis.go func1:112 [raaise-18-06] python classified 555.911205ms 
2025-07-16 03:23:16 [37m[DEBUG][0m [PID-15] analysis.go func2:126 [raaise-18-06] nb1 classified 1.160114824s 
2025-07-16 03:23:16 [37m[DEBUG][0m [PID-15] analysis.go func1:112 [raaise-18-06] python classified 401.156087ms 
2025-07-16 03:23:16 [37m[DEBUG][0m [PID-15] analysis.go func1:112 [raaise-18-06] python classified 401.030354ms 
2025-07-16 03:23:16 [31m[ERROR][0m [PID-15] analysis.go AnalyzeSensorData:222 problem analyzing: no predictions 
2025-07-16 03:23:16 [33m[WARN][0m [PID-15] calibration.go func1:202 problem with machine learnaing: problem analyzing: no predictions: {Timestamp:1750210898369 Family:raaise-18-06 Device:intruder Location:a13 Sensors:map[wifi:map[6c:cd:d6:ca:90:e2:-63 5c:62:8b:68:98:fb:-59 00:df:1d:de:de:fc:-87 aa:61:b4:88:79:ce:-53 5c:62:8b:68:97:ae:-43 38:91:b7:1c:08:4e:-82 5c:62:8b:68:99:e3:-55 9c:a2:f4:58:88:db:-61 5e:62:8b:28:98:fb:-59 38:91:b7:1c:66:0d:-78 ec:f4:0c:2f:57:de:-61 00:df:1d:de:de:ff:-88 5c:62:8b:68:97:af:-38 54:af:97:56:4d:dd:-53 38:91:b7:1c:0b:dd:-65 ec:f4:0c:2f:57:dd:-61 5e:62:8b:28:99:e3:-56 38:91:b7:1c:0b:dc:-65 5e:62:8b:28:95:da:-57 62:61:b4:88:79:ce:-41 38:91:b7:1c:0b:de:-65 38:91:b7:1c:76:52:-78 50:91:e3:f8:87:2b:-65 38:91:b7:1c:08:4f:-81 54:af:97:56:4d:dc:-49 ec:f4:0c:2f:57:dc:-61 00:df:1d:de:de:fe:-88 5e:62:8b:28:97:af:-39 38:91:b7:1c:0b:df:-65 ec:f4:0c:2f:57:df:-61 38:91:b7:1c:66:0f:-77 38:91:b7:1c:66:0c:-78 38:91:b7:1c:08:4d:-81 1c:61:b4:88:79:cb:-41 1c:61:b4:88:79:ca:-45 38:91:b7:1c:76:53:-78 38:91:b7:1c:76:50:-78 5e:62:8b:28:97:ae:-43 00:df:1d:de:de:fd:-88 38:91:b7:1c:76:51:-78 86:69:93:27:ad:35:-62 38:91:b7:1c:08:4c:-81 38:91:b7:1c:66:0e:-77 50:91:e3:f8:87:29:-61] bluetooth:map[]] GPS:{Latitude:0 Longitude:0 Altitude:0}} 
2025-07-16 03:23:16 [37m[DEBUG][0m [PID-15] analysis.go func1:112 [raaise-18-06] python classified 433.709173ms 
2025-07-16 03:23:16 [37m[DEBUG][0m [PID-15] analysis.go func2:126 [raaise-18-06] nb1 classified 1.634471817s 
2025-07-16 03:23:16 [37m[DEBUG][0m [PID-15] analysis.go func2:126 [raaise-18-06] nb1 classified 1.835039689s 
2025-07-16 03:23:16 [37m[DEBUG][0m [PID-15] analysis.go AnalyzeSensorData:222 [raaise-18-06] analyzed in 1.835934518s 
2025-07-16 03:23:16 [37m[DEBUG][0m [PID-15] analysis.go func1:112 [raaise-18-06] python classified 448.787466ms 
2025-07-16 03:23:16 [37m[DEBUG][0m [PID-15] analysis.go AnalyzeSensorData:222 [raaise-18-06] analyzed in 1.739520828s 
2025-07-16 03:23:16 [37m[DEBUG][0m [PID-15] analysis.go func2:126 [raaise-18-06] nb1 classified 1.083591098s 
2025-07-16 03:23:16 [37m[DEBUG][0m [PID-15] analysis.go AnalyzeSensorData:222 [raaise-18-06] analyzed in 1.127649972s 
2025-07-16 03:23:17 [37m[DEBUG][0m [PID-15] analysis.go func2:126 [raaise-18-06] nb1 classified 895.217307ms 
2025-07-16 03:23:17 [37m[DEBUG][0m [PID-15] analysis.go AnalyzeSensorData:222 [raaise-18-06] analyzed in 896.031502ms 
2025-07-16 03:23:17 [31m[ERROR][0m [PID-15] analysis.go AnalyzeSensorData:222 problem analyzing: no predictions 
2025-07-16 03:23:17 [33m[WARN][0m [PID-15] calibration.go func1:202 problem with machine learnaing: problem analyzing: no predictions: {Timestamp:1750225928057 Family:raaise-18-06 Device:user 2 Location:a13 Sensors:map[bluetooth:map[] wifi:map[1c:61:b4:88:79:ca:-52 5c:62:8b:68:98:fb:-57 54:af:97:56:4d:dd:-59 ec:f4:0c:2f:57:dd:-67 5e:62:8b:28:98:fb:-57 1c:61:b4:88:79:cb:-49 6c:cd:d6:ca:90:e2:-65 38:91:b7:1a:22:ef:-70 18:a6:f7:21:47:c6:-95 86:69:93:27:ad:35:-58 ec:f4:0c:2f:57:de:-67 38:91:b7:1a:22:ee:-70 38:91:b7:1c:08:4e:-91 5e:62:8b:28:98:fa:-60 38:91:b7:1a:22:e0:-66 38:91:b7:1c:01:be:-70 ec:f4:0c:2f:57:df:-67 62:61:b4:88:79:ce:-50 38:91:b7:19:2e:4d:-47 6c:cd:d6:ca:90:e1:-57 38:91:b7:1c:66:0d:-81 38:91:b7:19:2e:4f:-47 38:91:b7:1c:08:4c:-91 38:91:b7:1c:76:53:-69 50:91:e3:f8:87:29:-61 38:91:b7:1a:22:e1:-67 50:91:e3:f8:87:2b:-66 38:91:b7:1c:76:5f:-82 38:91:b7:1c:76:51:-69 38:91:b7:1a:22:e3:-67 38:91:b7:1c:76:50:-70 38:91:b7:1c:66:0e:-81 38:91:b7:1c:0b:dc:-69 38:91:b7:1a:22:ec:-68 52:91:e3:28:87:29:-63 38:91:b7:1c:01:bc:-70 38:91:b7:1c:01:bf:-70 38:91:b7:1c:08:4d:-91 38:91:b7:1c:66:0f:-81 38:91:b7:1c:0b:df:-69 38:91:b7:1c:08:4f:-91 52:91:e3:78:87:29:-66 38:91:b7:1c:76:52:-69 38:91:b7:1c:01:bd:-70 38:91:b7:1a:22:e2:-67 1c:61:b4:88:79:cc:-56 38:91:b7:1c:76:5c:-83 5e:62:8b:28:99:e3:-62 38:91:b7:1c:76:5d:-82 38:91:b7:1c:0b:de:-69 38:91:b7:1c:66:0c:-81 38:91:b7:1c:76:5e:-82 38:91:b7:1a:22:ed:-70 aa:61:b4:88:79:cf:-56 5e:62:8b:28:97:ae:-39 9c:a2:f4:58:88:db:-55 5e:62:8b:28:95:db:-59 5c:62:8b:68:99:e3:-62 54:af:97:56:4d:dc:-50 38:91:b7:19:2e:4e:-47 38:91:b7:19:2e:4c:-47 5e:62:8b:28:97:af:-43 38:91:b7:1c:0b:dd:-69 ec:f4:0c:2f:57:dc:-67]] GPS:{Latitude:0 Longitude:0 Altitude:0}} 
2025-07-16 03:23:17 [37m[DEBUG][0m [PID-15] analysis.go func2:126 [raaise-18-06] nb1 classified 876.116319ms 
2025-07-16 03:23:17 [37m[DEBUG][0m [PID-15] analysis.go func2:126 [raaise-18-06] nb1 classified 1.260168112s 
2025-07-16 03:23:17 [37m[DEBUG][0m [PID-15] analysis.go AnalyzeSensorData:222 [raaise-18-06] analyzed in 1.260995861s 
2025-07-16 03:23:17 [31m[ERROR][0m [PID-15] analysis.go AnalyzeSensorData:222 problem analyzing: no predictions 
2025-07-16 03:23:17 [33m[WARN][0m [PID-15] calibration.go func1:202 problem with machine learnaing: problem analyzing: no predictions: {Timestamp:1750210760899 Family:raaise-18-06 Device:user 2 Location:a13 Sensors:map[bluetooth:map[] wifi:map[1c:61:b4:88:79:cc:-68 38:91:b7:1c:08:4c:-79 6c:cd:d6:ca:90:e2:-64 38:91:b7:1a:22:ee:-66 38:91:b7:1a:22:e1:-66 38:91:b7:19:2e:4d:-43 aa:61:b4:88:79:cf:-68 38:91:b7:1a:22:e2:-66 54:af:97:56:4d:dc:-45 38:91:b7:1a:22:ed:-66 38:91:b7:1a:22:e3:-66 38:91:b7:1c:0b:dd:-59 00:df:1d:de:de:fc:-90 38:91:b7:1c:08:4d:-79 62:61:b4:88:79:ce:-42 38:91:b7:1c:01:bc:-63 38:91:b7:19:2e:4e:-43 38:91:b7:1c:01:bf:-63 ec:f4:0c:2f:57:de:-61 1c:61:b4:88:79:ca:-51 38:91:b7:1c:0b:df:-59 ec:f4:0c:2f:57:dc:-61 38:91:b7:1c:76:5d:-76 38:91:b7:1a:22:e0:-65 38:91:b7:1c:0b:de:-59 00:df:1d:de:de:ff:-89 38:91:b7:1c:01:bd:-63 5e:62:8b:28:97:af:-37 38:91:b7:1c:66:0d:-73 38:91:b7:19:2e:4f:-43 38:91:b7:1c:0b:dc:-59 50:91:e3:f8:87:2b:-64 38:91:b7:1c:66:0c:-72 38:91:b7:1c:08:4e:-79 00:df:1d:de:de:fe:-89 ec:f4:0c:2f:57:df:-61 38:91:b7:1c:66:0e:-72 1c:61:b4:88:79:cb:-42 38:91:b7:19:2e:4c:-43 38:91:b7:1c:66:0f:-72 38:91:b7:1c:76:5c:-76 ec:f4:0c:2f:57:dd:-61 38:91:b7:1c:76:5e:-76 38:91:b7:1c:08:4f:-79 00:df:1d:de:de:fd:-90 38:91:b7:1a:22:ef:-66 38:91:b7:1c:01:be:-63 38:91:b7:1c:76:5f:-76 5c:62:8b:68:98:fb:-58 38:91:b7:1a:22:ec:-66]] GPS:{Latitude:0 Longitude:0 Altitude:0}} 
2025-07-16 03:23:17 [31m[ERROR][0m [PID-15] analysis.go AnalyzeSensorData:222 problem analyzing: no predictions 
2025-07-16 03:23:17 [33m[WARN][0m [PID-15] calibration.go func1:202 problem with machine learnaing: problem analyzing: no predictions: {Timestamp:1750210700898 Family:raaise-18-06 Device:user 2 Location:a13 Sensors:map[bluetooth:map[] wifi:map[5e:62:8b:28:98:fb:-53 00:df:1d:de:de:fd:-86 38:91:b7:1c:01:bf:-58 38:91:b7:1c:76:5d:-79 86:69:93:27:ad:35:-57 38:91:b7:1c:76:50:-71 aa:61:b4:88:79:cf:-57 38:91:b7:1c:08:4c:-76 38:91:b7:1c:66:0c:-74 5e:62:8b:28:97:ae:-39 38:91:b7:1a:22:ef:-65 52:91:e3:78:87:29:-65 38:91:b7:1c:0b:de:-55 00:df:1d:de:de:fe:-86 38:91:b7:1c:0b:dd:-57 38:91:b7:1c:08:4e:-76 38:91:b7:19:2e:4c:-42 6c:cd:d6:ca:90:e2:-60 38:91:b7:1c:76:5f:-79 ec:f4:0c:2f:57:dc:-68 38:91:b7:1c:66:0d:-74 ec:f4:0c:2f:57:dd:-68 38:91:b7:1c:08:4d:-76 ec:f4:0c:2f:57:de:-68 38:91:b7:1c:08:4f:-76 38:91:b7:19:2e:4d:-42 6c:cd:d6:ca:90:e1:-52 38:91:b7:1c:66:0f:-74 1c:61:b4:88:79:cb:-41 38:91:b7:1a:22:e3:-61 9c:a2:f4:58:88:db:-58 5c:62:8b:68:97:ae:-38 5e:62:8b:28:93:af:-66 1c:61:b4:88:79:cc:-57 1c:61:b4:88:79:ca:-45 38:91:b7:1c:01:bd:-58 50:91:e3:f8:87:2b:-65 62:61:b4:88:79:ce:-41 38:91:b7:1a:22:ee:-65 5c:62:8b:68:98:fb:-53 00:df:1d:de:de:ff:-86 38:91:b7:1a:22:e2:-61 38:91:b7:1a:22:ec:-64 38:91:b7:1a:22:ed:-65 38:91:b7:1c:76:53:-70 38:91:b7:19:2e:4e:-42 38:91:b7:1c:0b:dc:-57 38:91:b7:1c:76:5e:-79 38:91:b7:1a:22:e0:-63 00:df:1d:de:de:fc:-86 ec:f4:0c:2f:57:df:-69 38:91:b7:1a:22:e1:-61 38:91:b7:1c:76:5c:-80 38:91:b7:1c:76:51:-71 38:91:b7:1c:0b:df:-57 38:91:b7:1c:01:be:-58 5e:62:8b:28:97:af:-41 38:91:b7:1c:76:52:-70 38:91:b7:1c:01:bc:-58 38:91:b7:1c:66:0e:-74 54:af:97:56:4d:dc:-52 5c:62:8b:68:99:e3:-53 38:91:b7:19:2e:4f:-42]] GPS:{Latitude:0 Longitude:0 Altitude:0}} 
2025-07-16 03:23:17 [37m[DEBUG][0m [PID-15] analysis.go func2:126 [raaise-18-06] nb1 classified 1.218091668s 
2025-07-16 03:23:17 [37m[DEBUG][0m [PID-15] analysis.go func2:126 [raaise-18-06] nb1 classified 967.943408ms 
2025-07-16 03:23:17 [37m[DEBUG][0m [PID-15] analysis.go func2:126 [raaise-18-06] nb1 classified 1.098705783s 
2025-07-16 03:23:17 [37m[DEBUG][0m [PID-15] analysis.go func1:112 [raaise-18-06] python classified 333.758732ms 
2025-07-16 03:23:17 [31m[ERROR][0m [PID-15] analysis.go AnalyzeSensorData:222 problem analyzing: no predictions 
2025-07-16 03:23:17 [33m[WARN][0m [PID-15] calibration.go func1:202 problem with machine learnaing: problem analyzing: no predictions: {Timestamp:1750226018060 Family:raaise-18-06 Device:user 2 Location:a13 Sensors:map[bluetooth:map[] wifi:map[6c:cd:d6:ca:90:e2:-65 5e:62:8b:28:97:af:-43 38:91:b7:1c:76:53:-69 18:a6:f7:21:47:c6:-96 1c:61:b4:88:79:ca:-51 38:91:b7:19:2e:4d:-48 38:91:b7:1c:0b:dd:-68 38:91:b7:1c:08:4d:-90 ec:f4:0c:2f:57:de:-67 38:91:b7:1c:0b:dc:-69 38:91:b7:1c:76:5f:-82 5c:62:8b:68:98:fb:-57 5e:62:8b:28:93:af:-73 38:91:b7:1c:0b:de:-69 38:91:b7:1c:66:0e:-81 38:91:b7:1c:01:bf:-70 38:91:b7:1c:66:0f:-81 1c:61:b4:88:79:cb:-49 38:91:b7:1c:76:5e:-82 5c:62:8b:68:99:e3:-62 54:af:97:56:4d:dd:-59 5e:62:8b:28:97:ae:-38 38:91:b7:1c:66:0d:-81 86:69:93:27:ad:35:-57 38:91:b7:1c:76:5d:-82 38:91:b7:19:2e:4f:-48 ec:f4:0c:2f:57:dd:-66 38:91:b7:1c:76:52:-69 38:91:b7:1c:01:be:-70 ec:f4:0c:2f:57:dc:-67 50:91:e3:f8:87:2b:-66 38:91:b7:1a:22:ec:-69 6c:cd:d6:ca:90:e1:-57 5e:62:8b:28:99:e3:-62 38:91:b7:1c:76:50:-69 38:91:b7:1a:22:ee:-69 38:91:b7:1c:08:4e:-89 5e:62:8b:28:95:da:-52 38:91:b7:1a:22:ed:-69 38:91:b7:1c:08:4f:-90 38:91:b7:1c:76:51:-70 38:91:b7:19:2e:4e:-48 38:91:b7:1c:66:0c:-81 62:61:b4:88:79:ce:-50 38:91:b7:1c:0b:df:-69 38:91:b7:1c:08:4c:-90 38:91:b7:1c:76:5c:-82 38:91:b7:1c:01:bd:-70 5e:62:8b:28:98:fb:-57 38:91:b7:19:2e:4c:-48 54:af:97:56:4d:dc:-50 38:91:b7:1a:22:ef:-69 5c:62:8b:68:93:af:-73 ec:f4:0c:2f:57:df:-67 38:91:b7:1c:01:bc:-70 9c:a2:f4:58:88:db:-53 5c:62:8b:68:97:af:-43]] GPS:{Latitude:0 Longitude:0 Altitude:0}} 
2025-07-16 03:23:17 [31m[ERROR][0m [PID-15] analysis.go AnalyzeSensorData:222 problem analyzing: no predictions 
2025-07-16 03:23:17 [33m[WARN][0m [PID-15] calibration.go func1:202 problem with machine learnaing: problem analyzing: no predictions: {Timestamp:1750225668055 Family:raaise-18-06 Device:user 2 Location:a13 Sensors:map[bluetooth:map[] wifi:map[38:91:b7:1a:22:e0:-66 38:91:b7:1c:0b:dd:-68 38:91:b7:1c:08:4e:-91 38:91:b7:1c:0b:df:-68 50:91:e3:f8:87:29:-60 5c:62:8b:68:99:e3:-62 38:91:b7:19:2e:4f:-47 54:af:97:56:4d:dd:-59 38:91:b7:1c:76:5f:-82 1c:61:b4:88:79:cc:-55 6c:cd:d6:ca:90:e2:-65 5c:62:8b:68:98:fa:-61 38:91:b7:1c:76:5d:-82 38:91:b7:1c:76:52:-70 38:91:b7:1a:22:ec:-70 38:91:b7:1c:66:0f:-81 50:91:e3:f8:87:2b:-66 9a:61:b4:88:79:cc:-52 38:91:b7:1c:0b:dc:-68 1c:61:b4:88:79:ca:-52 5e:62:8b:28:95:da:-52 5e:62:8b:28:97:af:-43 1c:61:b4:88:79:cb:-49 38:91:b7:1c:08:4c:-91 38:91:b7:19:2e:4c:-47 38:91:b7:1c:01:bf:-70 6c:cd:d6:ca:90:e1:-57 5c:62:8b:68:97:ae:-38 62:61:b4:88:79:ce:-50 38:91:b7:1c:01:bc:-69 38:91:b7:1c:76:50:-68 54:af:97:56:4d:dc:-50 ec:f4:0c:2f:57:dd:-67 5e:62:8b:28:99:e3:-62 38:91:b7:1a:22:e3:-66 38:91:b7:1c:66:0c:-81 5e:62:8b:28:95:db:-59 38:91:b7:1a:22:ee:-70 38:91:b7:1c:01:be:-70 5c:62:8b:68:98:fb:-57 38:91:b7:1c:08:4f:-90 38:91:b7:1a:22:ed:-70 38:91:b7:1c:0b:de:-68 52:91:e3:78:87:29:-66 ec:f4:0c:2f:57:de:-67 38:91:b7:1c:76:5c:-83 38:91:b7:1c:01:bd:-69 38:91:b7:1a:22:ef:-69 9c:a2:f4:58:88:db:-55 38:91:b7:19:2e:4e:-47 00:df:1d:de:de:f0:-89 38:91:b7:1c:66:0e:-81 38:91:b7:19:2e:4d:-47 38:91:b7:1c:76:53:-70 38:91:b7:1c:08:4d:-90 38:91:b7:1c:76:51:-69 aa:61:b4:88:79:ce:-54 38:91:b7:1c:66:0d:-81 aa:61:b4:88:79:cf:-56 ec:f4:0c:2f:57:dc:-67 5e:62:8b:28:97:ae:-38 00:df:1d:de:de:f1:-89 ec:f4:0c:2f:57:df:-67 38:91:b7:1a:22:e1:-66 86:69:93:27:ad:35:-58 38:91:b7:1c:76:5e:-82 5e:62:8b:28:98:fb:-57 38:91:b7:1a:22:e2:-66]] GPS:{Latitude:0 Longitude:0 Altitude:0}} 
2025-07-16 03:23:17 [37m[DEBUG][0m [PID-15] analysis.go AnalyzeSensorData:222 [raaise-18-06] analyzed in 1.204866844s 
2025-07-16 03:23:17 [37m[DEBUG][0m [PID-15] analysis.go AnalyzeSensorData:222 [raaise-18-06] analyzed in 1.39014752s 
2025-07-16 03:23:17 [37m[DEBUG][0m [PID-15] analysis.go AnalyzeSensorData:222 [raaise-18-06] analyzed in 1.1578571s 
2025-07-16 03:23:17 [37m[DEBUG][0m [PID-15] analysis.go func1:112 [raaise-18-06] python classified 296.055244ms 
2025-07-16 03:23:17 [31m[ERROR][0m [PID-15] analysis.go AnalyzeSensorData:222 problem analyzing: no predictions 
2025-07-16 03:23:17 [33m[WARN][0m [PID-15] calibration.go func1:202 problem with machine learnaing: problem analyzing: no predictions: {Timestamp:1750225808061 Family:raaise-18-06 Device:user 2 Location:a13 Sensors:map[bluetooth:map[] wifi:map[38:91:b7:1c:76:5c:-83 aa:61:b4:88:79:cf:-56 38:91:b7:1c:0b:df:-68 38:91:b7:1c:01:bd:-70 38:91:b7:19:2e:4e:-48 38:91:b7:1c:76:5e:-83 38:91:b7:1c:01:be:-70 38:91:b7:1c:08:4f:-88 38:91:b7:1c:66:0d:-81 38:91:b7:1a:22:e0:-67 6c:cd:d6:ca:90:e1:-56 38:91:b7:1c:76:51:-71 6c:cd:d6:ca:90:e2:-65 38:91:b7:1a:22:ef:-67 ec:f4:0c:2f:57:dd:-67 38:91:b7:19:2e:4f:-48 5c:62:8b:68:95:da:-54 38:91:b7:1c:08:4c:-89 5e:62:8b:28:93:af:-72 38:91:b7:19:2e:4c:-47 5c:62:8b:68:97:af:-43 ec:f4:0c:2f:57:df:-67 38:91:b7:1c:76:52:-69 38:91:b7:1a:22:e2:-66 5c:62:8b:68:99:e3:-62 ec:f4:0c:2f:57:dc:-67 5e:62:8b:28:97:af:-43 62:61:b4:88:79:ce:-49 38:91:b7:1c:66:0c:-81 38:91:b7:1c:08:4d:-89 38:91:b7:1c:76:50:-70 38:91:b7:1a:22:e3:-67 1c:61:b4:88:79:cb:-49 38:91:b7:1a:22:ec:-67 1c:61:b4:88:79:cc:-56 38:91:b7:1c:76:53:-70 5e:62:8b:28:95:da:-52 38:91:b7:1c:01:bf:-70 86:69:93:27:ad:35:-55 50:91:e3:f8:87:29:-60 5e:62:8b:28:97:ae:-38 52:91:e3:28:87:29:-59 38:91:b7:1a:22:ed:-68 38:91:b7:1c:66:0f:-81 38:91:b7:1c:66:0e:-81 1c:61:b4:88:79:ca:-52 50:91:e3:f8:87:2b:-66 38:91:b7:1c:0b:dd:-68 38:91:b7:1c:76:5d:-83 ec:f4:0c:2f:57:de:-67 38:91:b7:1a:22:e1:-66 38:91:b7:1c:0b:de:-68 5c:62:8b:68:98:fb:-57 54:af:97:56:4d:dc:-50 38:91:b7:1c:76:5f:-83 5e:62:8b:28:98:fb:-57 38:91:b7:1c:0b:dc:-68 38:91:b7:19:2e:4d:-48 38:91:b7:1c:01:bc:-70 38:91:b7:1a:22:ee:-69 5e:62:8b:28:99:e3:-62 38:91:b7:1c:08:4e:-89]] GPS:{Latitude:0 Longitude:0 Altitude:0}} 
2025-07-16 03:23:17 [37m[DEBUG][0m [PID-15] analysis.go func1:112 [raaise-18-06] python classified 488.907293ms 
2025-07-16 03:23:17 [37m[DEBUG][0m [PID-15] analysis.go func2:126 [raaise-18-06] nb1 classified 941.206571ms 
2025-07-16 03:23:18 [31m[ERROR][0m [PID-15] analysis.go AnalyzeSensorData:222 problem analyzing: no predictions 
2025-07-16 03:23:18 [33m[WARN][0m [PID-15] calibration.go func1:202 problem with machine learnaing: problem analyzing: no predictions: {Timestamp:1750225188060 Family:raaise-18-06 Device:user 2 Location:a13 Sensors:map[bluetooth:map[] wifi:map[38:91:b7:1a:22:e1:-67 38:91:b7:1a:22:e3:-67 38:91:b7:1c:76:50:-67 1c:61:b4:88:79:ca:-52 9a:61:b4:88:79:cc:-52 86:69:93:27:ad:35:-56 38:91:b7:1c:76:5e:-84 18:a6:f7:21:47:c6:-96 38:91:b7:1c:0b:de:-68 ec:f4:0c:2f:57:df:-67 38:91:b7:1c:08:4d:-89 54:af:97:56:4d:dc:-50 38:91:b7:1c:08:4f:-89 50:91:e3:f8:87:29:-63 50:91:e3:f8:87:2b:-66 38:91:b7:1a:22:e2:-67 5e:62:8b:28:99:e3:-37 38:91:b7:1c:76:52:-68 38:91:b7:1c:0b:dd:-68 38:91:b7:1c:01:bf:-70 5e:62:8b:28:97:af:-43 38:91:b7:1c:76:5c:-84 9c:a2:f4:58:88:db:-57 ec:f4:0c:2f:57:de:-67 38:91:b7:1c:76:51:-69 38:91:b7:1c:08:4c:-89 38:91:b7:1c:76:5d:-84 38:91:b7:1c:08:4e:-89 ec:f4:0c:2f:57:dd:-66 6c:cd:d6:ca:90:e2:-64 5e:62:8b:28:95:db:-59 38:91:b7:1c:76:53:-70 ec:f4:0c:2f:57:dc:-67 38:91:b7:1c:01:bd:-69 38:91:b7:1a:22:e0:-67 38:91:b7:1c:0b:dc:-68 38:91:b7:1c:01:be:-69 54:af:97:56:4d:dd:-58 38:91:b7:1c:01:bc:-69 38:91:b7:1c:76:5f:-84 38:91:b7:1c:0b:df:-68 5c:62:8b:68:95:db:-59 00:df:1d:de:de:f3:-89]] GPS:{Latitude:0 Longitude:0 Altitude:0}} 
2025-07-16 03:23:18 [37m[DEBUG][0m [PID-15] analysis.go func1:112 [raaise-18-06] python classified 532.76462ms 
2025-07-16 03:23:18 [31m[ERROR][0m [PID-15] analysis.go AnalyzeSensorData:222 problem analyzing: no predictions 
2025-07-16 03:23:18 [33m[WARN][0m [PID-15] calibration.go func1:202 problem with machine learnaing: problem analyzing: no predictions: {Timestamp:1750211067856 Family:raaise-18-06 Device:user 1 Location:a13 Sensors:map[bluetooth:map[] wifi:map[50:91:e3:f8:87:29:-51 38:91:b7:1c:76:53:-74 38:91:b7:1c:76:52:-75 38:91:b7:1c:0b:dc:-65 5e:62:8b:28:98:fb:-56 50:91:e3:f8:87:2b:-59 38:91:b7:19:2e:4d:-48 38:91:b7:1c:76:50:-75 38:91:b7:1a:22:ec:-64 6c:cd:d6:ca:90:e2:-61 5e:62:8b:28:98:fa:-53 54:af:97:56:4d:dd:-55 9a:61:b4:88:79:cc:-47 5e:62:8b:28:93:af:-67 38:91:b7:1a:22:ed:-64 00:df:1d:de:de:ff:-89 38:91:b7:1c:76:51:-74 5e:62:8b:28:97:ae:-41 ec:f4:0c:2f:57:dd:-57 ec:f4:0c:2f:57:df:-57 5c:62:8b:68:93:af:-67 38:91:b7:1a:22:ef:-64 38:91:b7:19:2e:4f:-48 54:af:97:56:4d:dc:-50 1c:61:b4:88:79:ca:-47 38:91:b7:19:2e:4c:-48 38:91:b7:1c:08:4d:-81 38:91:b7:1c:0b:de:-65 ec:f4:0c:2f:57:dc:-57 38:91:b7:1c:0b:df:-64 38:91:b7:1a:22:ee:-64 86:69:93:27:ad:35:-56 5e:62:8b:28:95:db:-56 9c:a2:f4:58:88:db:-54 38:91:b7:19:2e:4e:-48 38:91:b7:1c:08:4f:-81 5c:62:8b:68:97:ae:-39 00:df:1d:de:de:fc:-88 38:91:b7:1c:0b:dd:-64 00:df:1d:de:de:fd:-88 6c:cd:d6:ca:90:e1:-58 5c:62:8b:68:95:db:-56 00:df:1d:de:de:fe:-88 ec:f4:0c:2f:57:de:-58 38:91:b7:1c:08:4c:-81 5e:62:8b:28:97:af:-36 38:91:b7:1c:08:4e:-81]] GPS:{Latitude:0 Longitude:0 Altitude:0}} 
2025-07-16 03:23:18 [37m[DEBUG][0m [PID-15] analysis.go func2:126 [raaise-18-06] nb1 classified 1.4618145s 
2025-07-16 03:23:18 [37m[DEBUG][0m [PID-15] analysis.go func1:112 [raaise-18-06] python classified 571.406482ms 
2025-07-16 03:23:18 [37m[DEBUG][0m [PID-15] analysis.go func1:112 [raaise-18-06] python classified 759.495811ms 
2025-07-16 03:23:18 [37m[DEBUG][0m [PID-15] analysis.go func1:112 [raaise-18-06] python classified 801.163543ms 
2025-07-16 03:23:18 [37m[DEBUG][0m [PID-15] analysis.go func2:126 [raaise-18-06] nb1 classified 1.301483295s 
2025-07-16 03:23:18 [37m[DEBUG][0m [PID-15] analysis.go func2:126 [raaise-18-06] nb1 classified 1.090304152s 
2025-07-16 03:23:18 [37m[DEBUG][0m [PID-15] analysis.go func2:126 [raaise-18-06] nb1 classified 1.727504145s 
2025-07-16 03:23:18 [31m[ERROR][0m [PID-15] analysis.go AnalyzeSensorData:222 problem analyzing: no predictions 
2025-07-16 03:23:18 [33m[WARN][0m [PID-15] calibration.go func1:202 problem with machine learnaing: problem analyzing: no predictions: {Timestamp:1750210612857 Family:raaise-18-06 Device:user 1 Location:a13 Sensors:map[bluetooth:map[] wifi:map[50:91:e3:f8:87:2b:-63 ec:f4:0c:2f:57:dd:-63 00:df:1d:de:de:ff:-89 5c:62:8b:68:99:e3:-59 5c:62:8b:68:97:af:-43 38:91:b7:1a:22:e2:-65 38:91:b7:1c:08:4f:-81 38:91:b7:1c:0b:df:-67 5e:62:8b:28:98:fb:-64 6c:cd:d6:ca:90:e2:-63 38:91:b7:1a:22:ed:-71 5e:62:8b:28:97:ae:-39 38:91:b7:1a:22:e3:-65 38:91:b7:1a:22:e1:-65 5e:62:8b:28:97:af:-42 5c:62:8b:68:97:ae:-39 38:91:b7:1c:0b:de:-67 38:91:b7:1c:08:4e:-81 38:91:b7:1c:76:50:-70 00:df:1d:de:de:fc:-89 5e:62:8b:28:99:e3:-60 00:df:1d:de:de:fe:-89 38:91:b7:1c:08:4d:-81 5c:62:8b:68:98:fb:-64 5e:62:8b:28:95:db:-57 52:91:e3:78:87:29:-63 38:91:b7:19:2e:4e:-44 38:91:b7:1a:22:e0:-65 38:91:b7:19:2e:4d:-44 6c:cd:d6:ca:90:e1:-51 00:df:1d:de:de:fd:-89 38:91:b7:1c:08:4c:-81 38:91:b7:1c:76:53:-68 54:af:97:56:4d:dc:-49 38:91:b7:1c:0b:dc:-68 50:91:e3:f8:87:29:-51 38:91:b7:19:2e:4c:-44 54:af:97:56:4d:dd:-49 38:91:b7:1a:22:ee:-71 ec:f4:0c:2f:57:df:-63 5e:62:8b:28:93:af:-69 1c:61:b4:88:79:ca:-51 38:91:b7:1c:0b:dd:-67 ec:f4:0c:2f:57:dc:-63 38:91:b7:1a:22:ec:-71 38:91:b7:19:2e:4f:-44 38:91:b7:1a:22:ef:-72 ec:f4:0c:2f:57:de:-63]] GPS:{Latitude:0 Longitude:0 Altitude:0}} 
2025-07-16 03:23:18 [31m[ERROR][0m [PID-15] analysis.go AnalyzeSensorData:222 problem analyzing: no predictions 
2025-07-16 03:23:18 [33m[WARN][0m [PID-15] calibration.go func1:202 problem with machine learnaing: problem analyzing: no predictions: {Timestamp:1750211090906 Family:raaise-18-06 Device:user 2 Location:a13 Sensors:map[bluetooth:map[] wifi:map[38:91:b7:1c:76:5f:-78 ec:f4:0c:2f:57:de:-62 38:91:b7:1a:22:ed:-68 38:91:b7:1c:76:50:-76 38:91:b7:1c:0b:de:-66 38:91:b7:1a:22:ef:-68 5e:62:8b:28:99:e3:-56 aa:61:b4:88:79:cf:-57 38:91:b7:1c:08:4e:-81 38:91:b7:1c:76:53:-73 38:91:b7:19:2e:4f:-47 5c:62:8b:68:95:db:-56 5e:62:8b:28:97:ae:-43 38:91:b7:1c:01:bc:-65 5e:62:8b:28:97:af:-42 5c:62:8b:68:93:af:-68 38:91:b7:1c:08:4d:-81 38:91:b7:1c:76:51:-76 aa:61:b4:88:79:ce:-57 1c:61:b4:88:79:cb:-46 38:91:b7:1a:22:ee:-68 5c:62:8b:68:97:af:-40 ec:f4:0c:2f:57:dd:-62 38:91:b7:1c:76:5e:-78 38:91:b7:1c:08:4f:-81 00:df:1d:de:de:fc:-88 50:91:e3:f8:87:2b:-57 38:91:b7:1c:0b:dc:-66 38:91:b7:1c:01:be:-65 38:91:b7:1c:01:bd:-65 ec:f4:0c:2f:57:df:-62 ec:f4:0c:2f:57:dc:-62 38:91:b7:1c:66:0c:-77 38:91:b7:1c:66:0e:-77 00:df:1d:de:de:ff:-88 38:91:b7:1c:08:4c:-81 1c:61:b4:88:79:cc:-56 54:af:97:56:4d:dc:-47 38:91:b7:1c:76:5d:-78 6c:cd:d6:ca:90:e1:-60 9c:a2:f4:58:88:db:-59 38:91:b7:1a:22:ec:-68 38:91:b7:1a:22:e1:-65 38:91:b7:1c:01:bf:-65 1c:61:b4:88:79:ca:-53 5c:62:8b:68:97:ae:-44 38:91:b7:19:2e:4d:-47 38:91:b7:1c:0b:df:-66 00:df:1d:de:de:fe:-88 38:91:b7:1c:66:0f:-77 86:69:93:27:ad:35:-62 54:af:97:56:4d:dd:-55 00:df:1d:de:de:fd:-89 5e:62:8b:28:93:af:-68 38:91:b7:19:2e:4e:-47 38:91:b7:1c:76:5c:-78 38:91:b7:1c:0b:dd:-66 5e:62:8b:28:99:e2:-57 9a:61:b4:88:79:cc:-52 38:91:b7:1a:22:e2:-64 62:61:b4:88:79:ce:-46 38:91:b7:1c:66:0d:-77 5e:62:8b:28:95:db:-55 38:91:b7:1a:22:e3:-65 38:91:b7:1c:76:52:-73 6c:cd:d6:ca:90:e2:-58 38:91:b7:19:2e:4c:-47]] GPS:{Latitude:0 Longitude:0 Altitude:0}} 
2025-07-16 03:23:18 [37m[DEBUG][0m [PID-15] analysis.go func2:126 [raaise-18-06] nb1 classified 1.714675939s 
2025-07-16 03:23:18 [37m[DEBUG][0m [PID-15] analysis.go AnalyzeSensorData:222 [raaise-18-06] analyzed in 1.715881768s 
2025-07-16 03:23:18 [37m[DEBUG][0m [PID-15] analysis.go func2:126 [raaise-18-06] nb1 classified 1.276033849s 
2025-07-16 03:23:18 [37m[DEBUG][0m [PID-15] analysis.go func2:126 [raaise-18-06] nb1 classified 1.750327703s 
2025-07-16 03:23:18 [37m[DEBUG][0m [PID-15] analysis.go func2:126 [raaise-18-06] nb1 classified 1.769758988s 
2025-07-16 03:23:18 [37m[DEBUG][0m [PID-15] analysis.go AnalyzeSensorData:222 [raaise-18-06] analyzed in 1.770630242s 
2025-07-16 03:23:18 [37m[DEBUG][0m [PID-15] analysis.go func2:126 [raaise-18-06] nb1 classified 1.494921864s 
2025-07-16 03:23:19 [37m[DEBUG][0m [PID-15] analysis.go func2:126 [raaise-18-06] nb1 classified 1.539147587s 
2025-07-16 03:23:19 [37m[DEBUG][0m [PID-15] analysis.go AnalyzeSensorData:222 [raaise-18-06] analyzed in 1.577016266s 
2025-07-16 03:23:19 [37m[DEBUG][0m [PID-15] analysis.go func2:126 [raaise-18-06] nb1 classified 1.974907948s 
2025-07-16 03:23:19 [37m[DEBUG][0m [PID-15] analysis.go func1:112 [raaise-18-06] python classified 461.345224ms 
2025-07-16 03:23:19 [37m[DEBUG][0m [PID-15] analysis.go func2:126 [raaise-18-06] nb1 classified 1.579745713s 
2025-07-16 03:23:19 [37m[DEBUG][0m [PID-15] analysis.go AnalyzeSensorData:222 [raaise-18-06] analyzed in 1.65833391s 
2025-07-16 03:23:19 [37m[DEBUG][0m [PID-15] analysis.go AnalyzeSensorData:222 [raaise-18-06] analyzed in 1.58138801s 
2025-07-16 03:23:19 [31m[ERROR][0m [PID-15] analysis.go AnalyzeSensorData:222 problem analyzing: no predictions 
2025-07-16 03:23:19 [33m[WARN][0m [PID-15] calibration.go func1:202 problem with machine learnaing: problem analyzing: no predictions: {Timestamp:1750210537861 Family:raaise-18-06 Device:user 1 Location:a13 Sensors:map[bluetooth:map[] wifi:map[ec:f4:0c:2f:57:dc:-63 00:df:1d:de:de:f3:-87 38:91:b7:1a:22:ed:-69 00:df:1d:de:de:fd:-91 5e:62:8b:28:97:ae:-40 38:91:b7:1c:08:4f:-82 38:91:b7:1c:0b:dd:-67 6c:cd:d6:ca:90:e1:-52 6c:cd:d6:ca:90:e2:-63 38:91:b7:19:2e:4c:-46 5e:62:8b:28:95:da:-55 38:91:b7:1c:76:53:-71 00:df:1d:de:de:ff:-90 ec:f4:0c:2f:57:dd:-63 38:91:b7:1c:76:51:-71 50:91:e3:f8:87:29:-49 54:af:97:56:4d:dd:-51 00:df:1d:de:de:fe:-90 38:91:b7:1c:08:4c:-81 9c:a2:f4:58:88:db:-51 54:af:97:56:4d:dc:-49 5e:62:8b:28:98:fb:-62 5e:62:8b:28:93:af:-69 38:91:b7:1c:08:4d:-81 52:91:e3:28:87:29:-52 38:91:b7:1c:0b:de:-68 38:91:b7:1c:76:50:-69 00:df:1d:de:de:fc:-89 38:91:b7:1c:08:4e:-81 38:91:b7:19:2e:4f:-44 38:91:b7:1a:22:ec:-69 38:91:b7:1a:22:ee:-69 38:91:b7:1a:22:e0:-66 38:91:b7:1c:0b:df:-68 ec:f4:0c:2f:57:df:-63 86:69:93:27:ad:35:-57 38:91:b7:1a:22:ef:-69 38:91:b7:1a:22:e2:-66 5e:62:8b:28:97:af:-43 ec:f4:0c:2f:57:de:-63 38:91:b7:1c:0b:dc:-67 38:91:b7:19:2e:4e:-46 38:91:b7:1a:22:e1:-64 38:91:b7:19:2e:4d:-46 38:91:b7:1a:22:e3:-66 38:91:b7:1c:76:52:-71 1c:61:b4:88:79:ca:-50]] GPS:{Latitude:0 Longitude:0 Altitude:0}} 
2025-07-16 03:23:19 [37m[DEBUG][0m [PID-15] analysis.go func2:126 [raaise-18-06] nb1 classified 1.588957853s 
2025-07-16 03:23:19 [37m[DEBUG][0m [PID-15] analysis.go func1:112 [raaise-18-06] python classified 453.460363ms 
2025-07-16 03:23:19 [37m[DEBUG][0m [PID-15] analysis.go AnalyzeSensorData:222 [raaise-18-06] analyzed in 1.619716236s 
2025-07-16 03:23:19 [37m[DEBUG][0m [PID-15] analysis.go func2:126 [raaise-18-06] nb1 classified 1.204233933s 
2025-07-16 03:23:19 [37m[DEBUG][0m [PID-15] analysis.go func2:126 [raaise-18-06] nb1 classified 2.04142813s 
2025-07-16 03:23:19 [37m[DEBUG][0m [PID-15] analysis.go AnalyzeSensorData:222 [raaise-18-06] analyzed in 2.042859887s 
2025-07-16 03:23:19 [31m[ERROR][0m [PID-15] analysis.go AnalyzeSensorData:222 problem analyzing: no predictions 
2025-07-16 03:23:19 [33m[WARN][0m [PID-15] calibration.go func1:202 problem with machine learnaing: problem analyzing: no predictions: {Timestamp:1750210523366 Family:raaise-18-06 Device:intruder Location:a13 Sensors:map[bluetooth:map[] wifi:map[38:91:b7:19:2e:4c:-45 ec:f4:0c:2f:57:df:-68 1c:61:b4:88:79:cc:-54 1c:61:b4:88:79:cb:-49 38:91:b7:1c:66:0c:-81 38:91:b7:1c:0b:df:-66 9c:a2:f4:58:88:db:-63 86:69:93:27:ad:35:-57 38:91:b7:1c:0b:dd:-66 00:df:1d:de:de:fc:-89 38:91:b7:1c:66:0f:-80 38:91:b7:1c:08:4f:-82 54:af:97:56:4d:dc:-52 38:91:b7:1c:0b:de:-66 5e:62:8b:28:97:af:-41 50:91:e3:f8:87:2b:-64 ec:f4:0c:2f:57:dd:-68 38:91:b7:1a:22:e3:-62 5c:62:8b:68:99:e2:-57 38:91:b7:1c:0b:dc:-66 ec:f4:0c:2f:57:de:-68 38:91:b7:1a:22:e1:-61 38:91:b7:1a:22:ee:-71 38:91:b7:1c:66:0d:-81 38:91:b7:1c:76:51:-73 38:91:b7:1c:76:50:-73 5e:62:8b:28:97:ae:-38 00:df:1d:de:de:fe:-90 6c:cd:d6:ca:90:e1:-51 5c:62:8b:68:98:fb:-59 00:df:1d:de:de:fd:-90 38:91:b7:1a:22:ed:-70 6c:cd:d6:ca:90:e2:-65 38:91:b7:1a:22:ec:-70 38:91:b7:1c:08:4e:-81 ec:f4:0c:2f:57:dc:-68 38:91:b7:1a:22:ef:-71 00:df:1d:de:de:ff:-91 38:91:b7:19:2e:4f:-45 5e:62:8b:28:95:da:-54 38:91:b7:1c:76:53:-73 54:af:97:56:4d:dd:-47 5e:62:8b:28:98:fb:-59 38:91:b7:1c:66:0e:-80 38:91:b7:1c:08:4d:-82 38:91:b7:1c:76:52:-72 38:91:b7:1a:22:e2:-61 38:91:b7:19:2e:4d:-45 38:91:b7:1a:22:e0:-61 38:91:b7:1c:08:4c:-82 38:91:b7:19:2e:4e:-45 5e:62:8b:28:99:e3:-59 62:61:b4:88:79:ce:-48 1c:61:b4:88:79:ca:-49]] GPS:{Latitude:0 Longitude:0 Altitude:0}} 
2025-07-16 03:23:19 [31m[ERROR][0m [PID-15] analysis.go AnalyzeSensorData:222 problem analyzing: no predictions 
2025-07-16 03:23:19 [33m[WARN][0m [PID-15] calibration.go func1:202 problem with machine learnaing: problem analyzing: no predictions: {Timestamp:1750213447826 Family:raaise-18-06 Device:user 2 Location:a15 Sensors:map[bluetooth:map[] wifi:map[38:91:b7:1c:66:0f:-68 ec:f4:0c:2f:57:dd:-66 1c:61:b4:88:79:ca:-54 38:91:b7:19:2e:4c:-55 38:91:b7:1c:76:52:-66 5e:62:8b:28:93:af:-61 ec:f4:0c:2f:57:df:-66 38:91:b7:1c:66:0c:-68 5c:62:8b:68:97:af:-49 54:af:97:56:4d:dc:-51 54:af:97:56:4d:dd:-61 5e:62:8b:28:95:db:-48 38:91:b7:19:2e:4d:-55 38:91:b7:1c:01:be:-59 6c:cd:d6:ca:90:e1:-60 5c:62:8b:68:98:fb:-65 52:91:e3:78:87:29:-66 00:df:1d:de:de:fe:-85 38:91:b7:1c:76:5c:-73 00:df:1d:de:de:fd:-85 38:91:b7:1c:76:50:-67 aa:61:b4:88:79:cf:-70 1c:61:b4:88:79:cb:-46 38:91:b7:1c:0b:de:-53 6c:cd:d6:ca:90:e2:-68 50:91:e3:f8:87:2b:-66 38:91:b7:1c:76:53:-66 38:91:b7:1c:08:4f:-74 38:91:b7:1c:0b:dc:-54 38:91:b7:1c:76:51:-65 38:91:b7:1c:76:5d:-74 5e:62:8b:28:97:ae:-38 38:91:b7:1a:22:ef:-73 ec:f4:0c:2f:57:de:-66 38:91:b7:1c:08:4e:-73 38:91:b7:1c:08:4d:-74 38:91:b7:1c:01:bd:-60 38:91:b7:1a:22:ee:-73 38:91:b7:1c:76:5f:-73 62:61:b4:88:79:ce:-46 38:91:b7:1c:0b:dd:-54 38:91:b7:19:2e:4f:-55 18:a6:f7:21:47:c6:-91 38:91:b7:19:2e:4e:-54 38:91:b7:1a:22:ed:-73 5e:62:8b:28:98:fb:-66 52:91:e3:28:87:29:-66 00:df:1d:de:de:ff:-86 00:df:1d:de:de:fc:-85 ec:f4:0c:2f:57:dc:-66 38:91:b7:1c:66:0e:-68 38:91:b7:1c:0b:df:-53 38:91:b7:1c:01:bf:-59 38:91:b7:1c:01:bc:-60 38:91:b7:1c:76:5e:-74 9c:a2:f4:58:88:db:-64 5c:62:8b:68:97:ae:-84 38:91:b7:1c:08:4c:-74 38:91:b7:1c:66:0d:-68 38:91:b7:1a:22:ec:-73]] GPS:{Latitude:0 Longitude:0 Altitude:0}} 
2025-07-16 03:23:19 [31m[ERROR][0m [PID-15] analysis.go AnalyzeSensorData:222 problem analyzing: no predictions 
2025-07-16 03:23:19 [33m[WARN][0m [PID-15] calibration.go func1:202 problem with machine learnaing: problem analyzing: no predictions: {Timestamp:1750226385562 Family:raaise-18-06 Device:user 1 Location:a15 Sensors:map[bluetooth:map[] wifi:map[38:91:b7:1c:76:52:-61 38:91:b7:1c:0b:dc:-52 38:91:b7:1a:22:e2:-76 ec:f4:0c:2f:57:df:-74 38:91:b7:1c:76:53:-60 38:91:b7:19:2e:4f:-54 1c:61:b4:88:79:ca:-60 5e:62:8b:28:95:db:-51 9a:61:b4:88:79:cc:-60 38:91:b7:1c:0b:dd:-52 38:91:b7:1c:08:4d:-72 38:91:b7:1c:76:51:-61 5e:62:8b:28:98:fb:-72 54:af:97:56:4d:dd:-61 5e:62:8b:28:95:da:-43 54:af:97:56:4d:dc:-60 38:91:b7:1a:22:e3:-76 5c:62:8b:68:95:da:-43 50:91:e3:f8:87:29:-70 38:91:b7:1c:0b:df:-52 5e:62:8b:28:97:ae:-41 38:91:b7:19:2e:4c:-54 38:91:b7:1c:76:50:-60 50:91:e3:f8:87:2b:-78 ec:f4:0c:2f:57:dd:-74 38:91:b7:1c:08:4c:-73 6c:cd:d6:ca:90:e1:-66 9c:a2:f4:58:88:db:-68 ec:f4:0c:2f:57:dc:-74 38:91:b7:1a:22:e1:-76 38:91:b7:19:2e:4e:-54 1c:61:b4:88:79:cc:-68 38:91:b7:19:2e:4d:-55 38:91:b7:1a:22:e0:-76 38:91:b7:1c:0b:de:-52 38:91:b7:1c:08:4e:-73 6c:cd:d6:ca:90:e2:-73 5e:62:8b:28:97:af:-47 86:69:93:27:ad:35:-69 ec:f4:0c:2f:57:de:-74 aa:61:b4:88:79:cf:-66 38:91:b7:1c:08:4f:-72]] GPS:{Latitude:0 Longitude:0 Altitude:0}} 
2025-07-16 03:23:19 [31m[ERROR][0m [PID-15] analysis.go AnalyzeSensorData:222 problem analyzing: no predictions 
2025-07-16 03:23:19 [33m[WARN][0m [PID-15] calibration.go func1:202 problem with machine learnaing: problem analyzing: no predictions: {Timestamp:1750226326011 Family:raaise-18-06 Device:user 2 Location:a15 Sensors:map[bluetooth:map[] wifi:map[38:91:b7:1c:08:4c:-69 ec:f4:0c:2f:57:dc:-69 ec:f4:0c:2f:57:de:-69 38:91:b7:1c:0b:dc:-47 1c:61:b4:88:79:ca:-52 38:91:b7:1c:08:4e:-70 00:df:1d:de:de:fe:-90 38:91:b7:1c:66:0d:-70 38:91:b7:1c:76:5c:-70 1c:61:b4:88:79:cb:-51 38:91:b7:1c:76:50:-57 38:91:b7:1c:76:5e:-70 38:91:b7:1c:01:bd:-64 54:af:97:56:4d:dd:-54 38:91:b7:1c:01:be:-64 00:df:1d:de:de:fd:-90 54:af:97:56:4d:dc:-53 6c:cd:d6:ca:90:e2:-70 38:91:b7:1c:08:4f:-70 38:91:b7:1c:0b:dd:-47 38:91:b7:1c:01:bc:-63 5c:62:8b:68:95:db:-46 18:a6:f7:21:47:c6:-84 38:91:b7:1c:66:0e:-70 38:91:b7:1c:0b:de:-47 38:91:b7:1c:01:bf:-63 6c:cd:d6:ca:90:e1:-60 5e:62:8b:28:97:af:-45 38:91:b7:1c:08:4d:-70 ec:f4:0c:2f:57:df:-69 38:91:b7:1a:22:ed:-76 00:df:1d:de:de:ff:-90 00:df:1d:de:de:fc:-91 50:91:e3:f8:87:2b:-68 5e:62:8b:28:95:db:-45 38:91:b7:1a:22:ee:-77 38:91:b7:1c:76:51:-57 86:69:93:27:ad:35:-65 38:91:b7:1c:66:0c:-70 62:61:b4:88:79:ce:-51 ec:f4:0c:2f:57:dd:-68 5e:62:8b:28:97:ae:-42 38:91:b7:1a:22:ef:-77 38:91:b7:1c:66:0f:-70 5e:62:8b:28:95:da:-42 5c:62:8b:68:95:da:-46 38:91:b7:1c:76:5d:-70 9c:a2:f4:58:88:db:-66 38:91:b7:1c:0b:df:-47 38:91:b7:1c:76:5f:-71 38:91:b7:1a:22:ec:-77]] GPS:{Latitude:0 Longitude:0 Altitude:0}} 
2025-07-16 03:23:19 [37m[DEBUG][0m [PID-15] analysis.go func1:112 [raaise-18-06] python classified 491.96691ms 
2025-07-16 03:23:19 [37m[DEBUG][0m [PID-15] analysis.go func2:126 [raaise-18-06] nb1 classified 1.213898936s 
2025-07-16 03:23:19 [37m[DEBUG][0m [PID-15] analysis.go AnalyzeSensorData:222 [raaise-18-06] analyzed in 1.217510844s 
2025-07-16 03:23:19 [37m[DEBUG][0m [PID-15] analysis.go func2:126 [raaise-18-06] nb1 classified 1.804375655s 
2025-07-16 03:23:19 [37m[DEBUG][0m [PID-15] analysis.go func2:126 [raaise-18-06] nb1 classified 1.359062531s 
2025-07-16 03:23:19 [31m[ERROR][0m [PID-15] analysis.go AnalyzeSensorData:222 problem analyzing: no predictions 
2025-07-16 03:23:19 [33m[WARN][0m [PID-15] calibration.go func1:202 problem with machine learnaing: problem analyzing: no predictions: {Timestamp:1750212414386 Family:raaise-18-06 Device:user 1 Location:a15 Sensors:map[bluetooth:map[] wifi:map[54:af:97:56:4d:dd:-57 50:91:e3:f8:87:29:-61 5e:62:8b:28:95:db:-46 38:91:b7:1c:76:52:-61 50:91:e3:f8:87:2b:-70 00:df:1d:de:de:fe:-86 54:af:97:56:4d:dc:-54 38:91:b7:19:2e:4d:-50 5e:62:8b:28:95:da:-43 00:df:1d:de:de:fc:-86 52:91:e3:78:87:29:-70 6c:cd:d6:ca:90:e2:-69 38:91:b7:1c:08:4c:-77 38:91:b7:1c:0b:dc:-52 9c:a2:f4:58:88:db:-59 ec:f4:0c:2f:57:df:-69 38:91:b7:1c:08:4f:-76 5c:62:8b:68:97:af:-45 86:69:93:27:ad:35:-65 00:df:1d:de:de:fd:-86 5e:62:8b:28:99:e3:-63 ec:f4:0c:2f:57:de:-69 38:91:b7:1c:76:53:-62 38:91:b7:1c:0b:df:-52 38:91:b7:1c:76:51:-62 38:91:b7:19:2e:4e:-50 38:91:b7:1c:08:4e:-76 00:df:1d:de:de:ff:-86 5e:62:8b:28:98:fb:-67 38:91:b7:19:2e:4f:-50 38:91:b7:1c:0b:de:-52 38:91:b7:1c:0b:dd:-52 38:91:b7:19:2e:4c:-50 38:91:b7:1c:76:50:-62 5c:62:8b:68:99:e3:-63 1c:61:b4:88:79:ca:-56 38:91:b7:1c:08:4d:-76 ec:f4:0c:2f:57:dd:-68 52:91:e3:28:87:29:-61 5e:62:8b:28:97:af:-46 ec:f4:0c:2f:57:dc:-69 6c:cd:d6:ca:90:e1:-56 5e:62:8b:28:97:ae:-48]] GPS:{Latitude:0 Longitude:0 Altitude:0}} 
2025-07-16 03:23:20 [37m[DEBUG][0m [PID-15] analysis.go func1:112 [raaise-18-06] python classified 752.956217ms 
2025-07-16 03:23:20 [31m[ERROR][0m [PID-15] analysis.go AnalyzeSensorData:222 problem analyzing: no predictions 
2025-07-16 03:23:20 [33m[WARN][0m [PID-15] calibration.go func1:202 problem with machine learnaing: problem analyzing: no predictions: {Timestamp:1750227015564 Family:raaise-18-06 Device:user 1 Location:a15 Sensors:map[bluetooth:map[] wifi:map[50:91:e3:f8:87:29:-70 52:91:e3:28:87:29:-70 9a:61:b4:88:79:cc:-60 38:91:b7:19:2e:4e:-55 38:91:b7:1c:0b:df:-52 5e:62:8b:28:97:ae:-42 5e:62:8b:28:97:af:-47 38:91:b7:1c:0b:dc:-52 ec:f4:0c:2f:57:dc:-74 ec:f4:0c:2f:57:de:-74 38:91:b7:19:2e:4d:-56 5e:62:8b:28:95:da:-43 38:91:b7:1c:0b:dd:-52 38:91:b7:1c:08:4e:-73 6c:cd:d6:ca:90:e2:-72 52:91:e3:78:87:29:-78 1c:61:b4:88:79:ca:-60 ec:f4:0c:2f:57:df:-74 38:91:b7:1c:08:4c:-73 5e:62:8b:28:95:db:-50 54:af:97:56:4d:dd:-63 38:91:b7:1c:76:50:-60 38:91:b7:1c:08:4d:-73 38:91:b7:1c:76:53:-61 18:a6:f7:21:47:c6:-91 ec:f4:0c:2f:57:dd:-74 38:91:b7:19:2e:4c:-56 38:91:b7:19:2e:4f:-55 38:91:b7:1c:08:4f:-73 38:91:b7:1c:76:51:-60 38:91:b7:1c:76:52:-59 38:91:b7:1c:0b:de:-52 50:91:e3:f8:87:2b:-78]] GPS:{Latitude:0 Longitude:0 Altitude:0}} 
2025-07-16 03:23:20 [37m[DEBUG][0m [PID-15] analysis.go func1:112 [raaise-18-06] python classified 602.883113ms 
2025-07-16 03:23:20 [37m[DEBUG][0m [PID-15] analysis.go func1:112 [raaise-18-06] python classified 593.700552ms 
2025-07-16 03:23:20 [31m[ERROR][0m [PID-15] analysis.go AnalyzeSensorData:222 problem analyzing: no predictions 
2025-07-16 03:23:20 [33m[WARN][0m [PID-15] calibration.go func1:202 problem with machine learnaing: problem analyzing: no predictions: {Timestamp:1750212269389 Family:raaise-18-06 Device:user 1 Location:a15 Sensors:map[bluetooth:map[] wifi:map[5e:62:8b:28:99:e2:-64 5e:62:8b:28:99:e3:-63 ec:f4:0c:2f:57:df:-68 38:91:b7:1c:76:50:-61 38:91:b7:1c:76:52:-61 38:91:b7:1c:08:4e:-75 5c:62:8b:68:97:ae:-46 5e:62:8b:28:97:af:-46 9c:a2:f4:58:88:db:-64 38:91:b7:1c:08:4c:-76 5e:62:8b:28:98:fb:-67 00:df:1d:de:de:fe:-87 00:df:1d:de:de:fc:-87 38:91:b7:19:2e:4c:-49 38:91:b7:19:2e:4d:-49 ec:f4:0c:2f:57:dd:-69 ec:f4:0c:2f:57:dc:-69 52:91:e3:78:87:29:-72 52:91:e3:28:87:29:-64 38:91:b7:1c:08:4d:-76 5c:62:8b:68:97:af:-45 38:91:b7:1c:0b:dd:-50 54:af:97:56:4d:dd:-59 6c:cd:d6:ca:90:e1:-55 5c:62:8b:68:99:e3:-63 00:df:1d:de:de:f2:-80 ec:f4:0c:2f:57:de:-69 86:69:93:27:ad:35:-63 38:91:b7:1c:0b:de:-50 50:91:e3:f8:87:29:-63 38:91:b7:19:2e:4e:-49 1c:61:b4:88:79:ca:-58 38:91:b7:1c:76:53:-59 5e:62:8b:28:95:db:-45 18:a6:f7:21:47:c6:-92 00:df:1d:de:de:fd:-87 50:91:e3:f8:87:2b:-72 6c:cd:d6:ca:90:e2:-67 38:91:b7:1c:76:51:-61 54:af:97:56:4d:dc:-54 38:91:b7:19:2e:4f:-49 38:91:b7:1c:0b:df:-50 38:91:b7:1a:22:e1:-68 00:df:1d:de:de:ff:-87 38:91:b7:1c:08:4f:-76 5e:62:8b:28:97:ae:-46 38:91:b7:1c:0b:dc:-51]] GPS:{Latitude:0 Longitude:0 Altitude:0}} 
2025-07-16 03:23:20 [37m[DEBUG][0m [PID-15] analysis.go func2:126 [raaise-18-06] nb1 classified 1.248716654s 
2025-07-16 03:23:20 [37m[DEBUG][0m [PID-15] analysis.go func2:126 [raaise-18-06] nb1 classified 1.682307816s 
2025-07-16 03:23:20 [37m[DEBUG][0m [PID-15] analysis.go AnalyzeSensorData:222 [raaise-18-06] analyzed in 1.683243245s 
2025-07-16 03:23:20 [37m[DEBUG][0m [PID-15] analysis.go func1:112 [raaise-18-06] python classified 697.727182ms 
2025-07-16 03:23:20 [37m[DEBUG][0m [PID-15] analysis.go func2:126 [raaise-18-06] nb1 classified 1.169291044s 
2025-07-16 03:23:20 [37m[DEBUG][0m [PID-15] analysis.go func1:112 [raaise-18-06] python classified 511.032893ms 
2025-07-16 03:23:20 [37m[DEBUG][0m [PID-15] analysis.go func1:112 [raaise-18-06] python classified 692.274544ms 
2025-07-16 03:23:20 [37m[DEBUG][0m [PID-15] analysis.go func2:126 [raaise-18-06] nb1 classified 1.409723598s 
2025-07-16 03:23:20 [37m[DEBUG][0m [PID-15] analysis.go func2:126 [raaise-18-06] nb1 classified 1.869248238s 
2025-07-16 03:23:20 [37m[DEBUG][0m [PID-15] analysis.go func1:112 [raaise-18-06] python classified 462.599324ms 
2025-07-16 03:23:20 [37m[DEBUG][0m [PID-15] analysis.go func1:112 [raaise-18-06] python classified 601.722664ms 
2025-07-16 03:23:20 [37m[DEBUG][0m [PID-15] analysis.go func2:126 [raaise-18-06] nb1 classified 1.78214335s 
2025-07-16 03:23:20 [37m[DEBUG][0m [PID-15] analysis.go func2:126 [raaise-18-06] nb1 classified 1.798650268s 
2025-07-16 03:23:21 [37m[DEBUG][0m [PID-15] analysis.go func2:126 [raaise-18-06] nb1 classified 1.879546324s 
2025-07-16 03:23:21 [37m[DEBUG][0m [PID-15] analysis.go AnalyzeSensorData:222 [raaise-18-06] analyzed in 1.880497768s 
2025-07-16 03:23:21 [37m[DEBUG][0m [PID-15] analysis.go func2:126 [raaise-18-06] nb1 classified 1.532342084s 
2025-07-16 03:23:21 [37m[DEBUG][0m [PID-15] analysis.go func2:126 [raaise-18-06] nb1 classified 1.833046661s 
2025-07-16 03:23:21 [37m[DEBUG][0m [PID-15] analysis.go AnalyzeSensorData:222 [raaise-18-06] analyzed in 1.834700267s 
2025-07-16 03:23:21 [37m[DEBUG][0m [PID-15] analysis.go func2:126 [raaise-18-06] nb1 classified 1.828485974s 
2025-07-16 03:23:21 [37m[DEBUG][0m [PID-15] analysis.go AnalyzeSensorData:222 [raaise-18-06] analyzed in 1.924341593s 
2025-07-16 03:23:21 [37m[DEBUG][0m [PID-15] analysis.go func1:112 [raaise-18-06] python classified 398.110761ms 
2025-07-16 03:23:21 [37m[DEBUG][0m [PID-15] analysis.go func2:126 [raaise-18-06] nb1 classified 1.385099703s 
2025-07-16 03:23:21 [37m[DEBUG][0m [PID-15] analysis.go AnalyzeSensorData:222 [raaise-18-06] analyzed in 1.388361497s 
2025-07-16 03:23:21 [37m[DEBUG][0m [PID-15] analysis.go func2:126 [raaise-18-06] nb1 classified 1.808660652s 
2025-07-16 03:23:21 [37m[DEBUG][0m [PID-15] analysis.go AnalyzeSensorData:222 [raaise-18-06] analyzed in 1.897561109s 
2025-07-16 03:23:21 [37m[DEBUG][0m [PID-15] analysis.go func1:112 [raaise-18-06] python classified 310.024883ms 
2025-07-16 03:23:21 [31m[ERROR][0m [PID-15] analysis.go AnalyzeSensorData:222 problem analyzing: no predictions 
2025-07-16 03:23:21 [33m[WARN][0m [PID-15] calibration.go func1:202 problem with machine learnaing: problem analyzing: no predictions: {Timestamp:1750213122825 Family:raaise-18-06 Device:user 2 Location:a15 Sensors:map[bluetooth:map[] wifi:map[38:91:b7:1c:76:52:-63 5c:62:8b:68:95:da:-41 38:91:b7:19:2e:4f:-59 38:91:b7:1c:76:50:-63 5e:62:8b:28:93:af:-58 54:af:97:56:4d:dd:-60 50:91:e3:f8:87:2b:-71 38:91:b7:1c:0b:dc:-52 1c:61:b4:88:79:cc:-64 38:91:b7:1c:76:5c:-72 1c:61:b4:88:79:ca:-54 38:91:b7:1a:22:ee:-75 38:91:b7:1c:08:4d:-74 1c:61:b4:88:79:cb:-47 aa:61:b4:88:79:cf:-64 ec:f4:0c:2f:57:dc:-69 38:91:b7:1c:76:53:-63 6c:cd:d6:ca:90:e2:-68 9c:a2:f4:58:88:db:-61 38:91:b7:1c:01:bd:-61 18:a6:f7:21:47:c6:-84 38:91:b7:1a:22:ed:-75 38:91:b7:1c:01:bc:-61 5e:62:8b:28:95:da:-42 38:91:b7:1a:22:e0:-71 38:91:b7:1a:9d:22:-89 38:91:b7:1a:22:e2:-71 38:91:b7:19:2e:4c:-59 38:91:b7:1c:08:4f:-74 ec:f4:0c:2f:57:df:-68 ec:f4:0c:2f:57:dd:-68 38:91:b7:1c:08:4e:-73 38:91:b7:1c:01:bf:-61 5e:62:8b:28:97:af:-45 38:91:b7:1c:66:0d:-70 38:91:b7:1c:76:5e:-73 38:91:b7:19:2e:4d:-59 38:91:b7:1c:0b:dd:-52 38:91:b7:1c:76:5d:-73 00:df:1d:de:de:fd:-88 5e:62:8b:28:93:ae:-56 62:61:b4:88:79:ce:-47 00:df:1d:de:de:fe:-87 38:91:b7:1a:22:e1:-71 ec:f4:0c:2f:57:de:-69 38:91:b7:1a:22:ec:-75 38:91:b7:1c:76:5f:-72 38:91:b7:1c:66:0c:-68 5e:62:8b:28:95:db:-44 5c:62:8b:68:93:af:-58 38:91:b7:1c:0b:de:-52 38:91:b7:19:2e:4e:-59 38:91:b7:1a:9d:21:-89 86:69:93:27:ad:35:-68 54:af:97:56:4d:dc:-52 5c:62:8b:68:95:db:-46 38:91:b7:1c:76:51:-64 38:91:b7:1a:22:e3:-71 38:91:b7:1c:08:4c:-74 38:91:b7:1a:9d:20:-89 38:91:b7:1c:0b:df:-52 00:df:1d:de:de:ff:-87 00:df:1d:de:de:fc:-88 6c:cd:d6:ca:90:e1:-65 38:91:b7:1c:01:be:-61 38:91:b7:1c:66:0f:-70 38:91:b7:1a:9d:23:-89 38:91:b7:1c:66:0e:-68 38:91:b7:1a:22:ef:-75]] GPS:{Latitude:0 Longitude:0 Altitude:0}} 
2025-07-16 03:23:21 [37m[DEBUG][0m [PID-15] analysis.go func2:126 [raaise-18-06] nb1 classified 2.536629763s 
2025-07-16 03:23:21 [37m[DEBUG][0m [PID-15] analysis.go AnalyzeSensorData:222 [raaise-18-06] analyzed in 2.53742316s 
2025-07-16 03:23:21 [37m[DEBUG][0m [PID-15] analysis.go func2:126 [raaise-18-06] nb1 classified 1.420819378s 
2025-07-16 03:23:21 [37m[DEBUG][0m [PID-15] analysis.go AnalyzeSensorData:222 [raaise-18-06] analyzed in 1.421798925s 
2025-07-16 03:23:21 [37m[DEBUG][0m [PID-15] analysis.go func2:126 [raaise-18-06] nb1 classified 1.745897927s 
2025-07-16 03:23:21 [37m[DEBUG][0m [PID-15] analysis.go AnalyzeSensorData:222 [raaise-18-06] analyzed in 1.746836123s 
2025-07-16 03:23:21 [37m[DEBUG][0m [PID-15] analysis.go func1:112 [raaise-18-06] python classified 362.548072ms 
2025-07-16 03:23:22 [37m[DEBUG][0m [PID-15] analysis.go func2:126 [raaise-18-06] nb1 classified 2.018487843s 
2025-07-16 03:23:22 [37m[DEBUG][0m [PID-15] analysis.go AnalyzeSensorData:222 [raaise-18-06] analyzed in 2.019347837s 
2025-07-16 03:23:22 [31m[ERROR][0m [PID-15] analysis.go AnalyzeSensorData:222 problem analyzing: no predictions 
2025-07-16 03:23:22 [33m[WARN][0m [PID-15] calibration.go func1:202 problem with machine learnaing: problem analyzing: no predictions: {Timestamp:1750212352820 Family:raaise-18-06 Device:user 2 Location:a15 Sensors:map[bluetooth:map[] wifi:map[86:69:93:27:ad:35:-69 38:91:b7:1a:22:ed:-79 6c:cd:d6:ca:90:e2:-70 5e:62:8b:28:99:e3:-61 aa:61:b4:88:79:cf:-62 50:91:e3:f8:87:2b:-69 52:91:e3:78:87:29:-69 38:91:b7:19:2e:4d:-54 38:91:b7:1c:76:53:-67 5c:62:8b:68:98:fb:-66 00:df:1d:de:de:fe:-88 5c:62:8b:68:97:af:-45 38:91:b7:1a:22:ef:-78 38:91:b7:1a:22:ec:-79 5e:62:8b:28:97:ae:-43 5e:62:8b:28:98:fb:-66 00:df:1d:de:de:fd:-89 5e:62:8b:28:97:af:-46 ec:f4:0c:2f:57:df:-70 38:91:b7:1a:22:e2:-74 38:91:b7:1a:22:ee:-78 38:91:b7:19:2e:4c:-54 ec:f4:0c:2f:57:dd:-70 54:af:97:56:4d:dc:-54 38:91:b7:1c:76:51:-68 38:91:b7:1c:76:5d:-70 38:91:b7:1c:08:4e:-73 aa:61:b4:88:79:ce:-61 00:df:1d:de:de:ff:-89 38:91:b7:1c:08:4d:-73 38:91:b7:1a:22:e0:-74 38:91:b7:1c:76:52:-66 38:91:b7:1c:08:4c:-73 00:df:1d:de:de:fc:-89 5e:62:8b:28:95:db:-44 5c:62:8b:68:99:e3:-61 38:91:b7:19:2e:4e:-54 38:91:b7:1c:76:5c:-71 50:91:e3:f8:87:29:-62 1c:61:b4:88:79:ca:-53 ec:f4:0c:2f:57:dc:-68 38:91:b7:1a:22:e3:-74 1c:61:b4:88:79:cc:-60 38:91:b7:19:2e:4f:-54 38:91:b7:1c:76:50:-66 38:91:b7:1a:22:e1:-74 38:91:b7:1c:76:5e:-71 38:91:b7:1c:76:5f:-71 38:91:b7:1c:08:4f:-74 54:af:97:56:4d:dd:-57 6c:cd:d6:ca:90:e1:-70 ec:f4:0c:2f:57:de:-70]] GPS:{Latitude:0 Longitude:0 Altitude:0}} 
2025-07-16 03:23:22 [31m[ERROR][0m [PID-15] analysis.go AnalyzeSensorData:222 problem analyzing: no predictions 
2025-07-16 03:23:22 [33m[WARN][0m [PID-15] calibration.go func1:202 problem with machine learnaing: problem analyzing: no predictions: {Timestamp:1750212959395 Family:raaise-18-06 Device:user 1 Location:a15 Sensors:map[bluetooth:map[] wifi:map[38:91:b7:1c:76:50:-59 50:91:e3:f8:87:2b:-71 38:91:b7:19:2e:4c:-54 38:91:b7:1c:76:51:-59 6c:cd:d6:ca:90:e2:-73 38:91:b7:1a:22:e1:-66 38:91:b7:1c:0b:dd:-52 6c:cd:d6:ca:90:e1:-69 1c:61:b4:88:79:ca:-58 5e:62:8b:28:97:af:-45 5c:62:8b:68:95:da:-45 38:91:b7:1c:76:53:-59 5c:62:8b:68:93:af:-59 9c:a2:f4:58:88:db:-61 38:91:b7:1c:08:4e:-69 38:91:b7:19:2e:4f:-54 ec:f4:0c:2f:57:df:-70 5e:62:8b:28:97:ae:-41 00:df:1d:de:de:ff:-87 ec:f4:0c:2f:57:dd:-69 00:df:1d:de:de:fc:-88 38:91:b7:1c:76:52:-60 38:91:b7:1c:08:4f:-69 ec:f4:0c:2f:57:de:-70 5e:62:8b:28:99:e3:-68 5e:62:8b:28:95:da:-45 38:91:b7:1c:08:4d:-69 ec:f4:0c:2f:57:dc:-69 38:91:b7:1c:0b:dc:-52 5e:62:8b:28:95:db:-47 5c:62:8b:68:97:ae:-41 18:a6:f7:21:47:c6:-91 5e:62:8b:28:93:af:-59 54:af:97:56:4d:dc:-55 38:91:b7:1c:0b:df:-52 00:df:1d:de:de:fd:-88 38:91:b7:19:2e:4e:-54 38:91:b7:1c:0b:de:-51 38:91:b7:1a:22:e3:-73 9a:61:b4:88:79:cc:-58 50:91:e3:f8:87:29:-64 00:df:1d:de:de:fe:-88 86:69:93:27:ad:35:-63 5c:62:8b:68:95:db:-48 54:af:97:56:4d:dd:-65 38:91:b7:1c:08:4c:-69 38:91:b7:1a:22:e2:-72 38:91:b7:19:2e:4d:-54]] GPS:{Latitude:0 Longitude:0 Altitude:0}} 
2025-07-16 03:23:22 [37m[DEBUG][0m [PID-15] analysis.go func1:112 [raaise-18-06] python classified 402.573846ms 
2025-07-16 03:23:22 [31m[ERROR][0m [PID-15] analysis.go AnalyzeSensorData:222 problem analyzing: no predictions 
2025-07-16 03:23:22 [33m[WARN][0m [PID-15] calibration.go func1:202 problem with machine learnaing: problem analyzing: no predictions: {Timestamp:1750212377816 Family:raaise-18-06 Device:user 2 Location:a15 Sensors:map[bluetooth:map[] wifi:map[5c:62:8b:68:97:af:-45 9a:61:b4:88:79:cc:-54 aa:61:b4:88:79:cf:-63 1c:61:b4:88:79:cc:-61 ec:f4:0c:2f:57:dc:-70 38:91:b7:1a:9d:21:-91 1c:61:b4:88:79:ca:-54 38:91:b7:1a:22:e3:-74 38:91:b7:1c:76:5f:-71 38:91:b7:1c:08:4c:-73 38:91:b7:1c:76:5c:-71 38:91:b7:1c:76:50:-62 38:91:b7:1a:22:ed:-79 9c:a2:f4:58:88:db:-62 38:91:b7:1c:08:4e:-74 38:91:b7:19:2e:4c:-54 38:91:b7:1c:76:52:-65 00:df:1d:de:de:fc:-89 00:df:1d:de:de:fd:-89 50:91:e3:f8:87:29:-62 54:af:97:56:4d:dc:-54 38:91:b7:1a:22:ec:-78 5e:62:8b:28:95:db:-44 5e:62:8b:28:93:af:-60 aa:61:b4:88:79:ce:-61 38:91:b7:1a:22:ee:-78 ec:f4:0c:2f:57:de:-70 6c:cd:d6:ca:90:e2:-70 38:91:b7:1c:76:5e:-71 5e:62:8b:28:99:e3:-61 38:91:b7:1a:22:e0:-74 5e:62:8b:28:97:af:-46 ec:f4:0c:2f:57:df:-70 52:91:e3:78:87:29:-69 5e:62:8b:28:97:ae:-43 38:91:b7:1a:22:ef:-79 38:91:b7:1a:22:e1:-74 ec:f4:0c:2f:57:dd:-69 38:91:b7:1a:9d:23:-92 38:91:b7:1c:08:4f:-74 54:af:97:56:4d:dd:-56 86:69:93:27:ad:35:-65 38:91:b7:1c:76:51:-67 38:91:b7:19:2e:4e:-54 38:91:b7:1a:22:e2:-73 38:91:b7:19:2e:4d:-54 38:91:b7:1a:9d:22:-91 18:a6:f7:21:47:c6:-97 5e:62:8b:28:98:fb:-65 5c:62:8b:68:98:fb:-66 00:df:1d:de:de:ff:-89 38:91:b7:1c:76:5d:-70 6c:cd:d6:ca:90:e1:-68 00:df:1d:de:de:fe:-89 38:91:b7:1c:76:53:-64 50:91:e3:f8:87:2b:-69 38:91:b7:1c:08:4d:-74 38:91:b7:19:2e:4f:-54 5c:62:8b:68:99:e3:-61]] GPS:{Latitude:0 Longitude:0 Altitude:0}} 
2025-07-16 03:23:22 [31m[ERROR][0m [PID-15] analysis.go AnalyzeSensorData:222 problem analyzing: no predictions 
2025-07-16 03:23:22 [33m[WARN][0m [PID-15] calibration.go func1:202 problem with machine learnaing: problem analyzing: no predictions: {Timestamp:1750212644387 Family:raaise-18-06 Device:user 1 Location:a15 Sensors:map[bluetooth:map[] wifi:map[ec:f4:0c:2f:57:de:-69 5e:62:8b:28:97:ae:-39 38:91:b7:1c:76:52:-62 86:69:93:27:ad:35:-62 38:91:b7:1a:9d:23:-87 9c:a2:f4:58:88:db:-69 38:91:b7:19:2e:4d:-53 5c:62:8b:68:99:e3:-67 38:91:b7:1a:9d:22:-86 00:df:1d:de:de:f2:-75 54:af:97:56:4d:dd:-61 38:91:b7:1a:22:e2:-71 50:91:e3:f8:87:29:-59 ec:f4:0c:2f:57:dc:-69 9a:61:b4:88:79:cc:-58 ec:f4:0c:2f:57:df:-69 50:91:e3:f8:87:2b:-68 38:91:b7:1c:76:51:-63 52:91:e3:28:87:29:-60 38:91:b7:1c:0b:de:-55 38:91:b7:19:2e:4c:-53 38:91:b7:1c:08:4d:-70 00:df:1d:de:de:fe:-84 52:91:e3:78:87:29:-71 38:91:b7:1c:76:50:-63 5e:62:8b:28:99:e3:-67 38:91:b7:1a:9d:20:-87 38:91:b7:1c:08:4c:-70 1c:61:b4:88:79:ca:-58 38:91:b7:19:2e:4e:-53 18:a6:f7:21:47:c6:-85 6c:cd:d6:ca:90:e2:-67 38:91:b7:1c:76:53:-63 38:91:b7:1c:0b:df:-55 38:91:b7:1c:0b:dd:-55 38:91:b7:1a:22:e3:-71 5c:62:8b:68:97:af:-40 00:df:1d:de:de:f1:-75 00:df:1d:de:de:fd:-84 5e:62:8b:28:95:da:-45 5e:62:8b:28:93:af:-61 6c:cd:d6:ca:90:e1:-64 5c:62:8b:68:97:ae:-42 38:91:b7:1a:22:e1:-71 5e:62:8b:28:98:fb:-65 38:91:b7:19:2e:4f:-53 5c:62:8b:68:93:af:-61 00:df:1d:de:de:f3:-76 5c:62:8b:68:98:fb:-65 00:df:1d:de:de:fc:-84 00:df:1d:de:de:ff:-84 5e:62:8b:28:97:af:-40 ec:f4:0c:2f:57:dd:-69 38:91:b7:1c:08:4f:-70 5e:62:8b:28:95:db:-47 5c:62:8b:68:95:db:-47 38:91:b7:1a:22:e0:-71 38:91:b7:1c:0b:dc:-55 aa:61:b4:88:79:ce:-63 54:af:97:56:4d:dc:-58 38:91:b7:1c:08:4e:-70]] GPS:{Latitude:0 Longitude:0 Altitude:0}} 
2025-07-16 03:23:22 [37m[DEBUG][0m [PID-15] analysis.go func1:112 [raaise-18-06] python classified 509.950327ms 
2025-07-16 03:23:22 [37m[DEBUG][0m [PID-15] analysis.go func2:126 [raaise-18-06] nb1 classified 1.13715216s 
2025-07-16 03:23:22 [37m[DEBUG][0m [PID-15] analysis.go AnalyzeSensorData:222 [raaise-18-06] analyzed in 1.252348775s 
2025-07-16 03:23:22 [37m[DEBUG][0m [PID-15] analysis.go func1:112 [raaise-18-06] python classified 569.769254ms 
2025-07-16 03:23:22 [37m[DEBUG][0m [PID-15] analysis.go func1:112 [raaise-18-06] python classified 592.473155ms 
2025-07-16 03:23:22 [37m[DEBUG][0m [PID-15] analysis.go func2:126 [raaise-18-06] nb1 classified 1.790823268s 
2025-07-16 03:23:22 [37m[DEBUG][0m [PID-15] analysis.go AnalyzeSensorData:222 [raaise-18-06] analyzed in 1.791751387s 
2025-07-16 03:23:22 [37m[DEBUG][0m [PID-15] analysis.go func1:112 [raaise-18-06] python classified 551.677262ms 
2025-07-16 03:23:22 [37m[DEBUG][0m [PID-15] analysis.go func2:126 [raaise-18-06] nb1 classified 1.364805878s 
2025-07-16 03:23:22 [37m[DEBUG][0m [PID-15] analysis.go AnalyzeSensorData:222 [raaise-18-06] analyzed in 1.365628635s 
2025-07-16 03:23:23 [37m[DEBUG][0m [PID-15] analysis.go func1:112 [raaise-18-06] python classified 668.065703ms 
2025-07-16 03:23:23 [37m[DEBUG][0m [PID-15] analysis.go func2:126 [raaise-18-06] nb1 classified 1.478848523s 
2025-07-16 03:23:23 [37m[DEBUG][0m [PID-15] analysis.go func1:112 [raaise-18-06] python classified 665.182758ms 
2025-07-16 03:23:23 [31m[ERROR][0m [PID-15] analysis.go AnalyzeSensorData:222 problem analyzing: no predictions 
2025-07-16 03:23:23 [33m[WARN][0m [PID-15] calibration.go func1:202 problem with machine learnaing: problem analyzing: no predictions: {Timestamp:1750213104390 Family:raaise-18-06 Device:user 1 Location:a15 Sensors:map[wifi:map[50:91:e3:f8:87:29:-68 5c:62:8b:68:97:af:-44 6c:cd:d6:ca:90:e2:-68 38:91:b7:19:2e:4e:-53 38:91:b7:1a:22:e0:-73 ec:f4:0c:2f:57:dc:-69 86:69:93:27:ad:35:-69 00:df:1d:de:de:fe:-85 38:91:b7:19:2e:4f:-53 38:91:b7:1c:08:4c:-76 38:91:b7:1c:0b:de:-50 5c:62:8b:68:95:db:-44 00:df:1d:de:de:ff:-85 5c:62:8b:68:99:e3:-62 54:af:97:56:4d:dc:-54 38:91:b7:19:2e:4d:-53 5e:62:8b:28:95:db:-44 ec:f4:0c:2f:57:dd:-69 38:91:b7:19:2e:4c:-53 38:91:b7:1a:22:e1:-74 5e:62:8b:28:99:e3:-62 ec:f4:0c:2f:57:de:-69 38:91:b7:1c:08:4d:-76 52:91:e3:78:87:29:-68 38:91:b7:1a:22:e3:-73 54:af:97:56:4d:dd:-58 5e:62:8b:28:98:fa:-64 38:91:b7:1c:0b:dc:-50 38:91:b7:1c:0b:dd:-50 5e:62:8b:28:97:af:-45 38:91:b7:1c:76:50:-58 38:91:b7:1c:76:52:-58 38:91:b7:1c:76:51:-58 38:91:b7:1a:22:e2:-73 9c:a2:f4:58:88:db:-65 38:91:b7:1c:08:4f:-76 38:91:b7:1c:76:53:-58 1c:61:b4:88:79:ca:-57 50:91:e3:f8:87:2b:-67 38:91:b7:1c:0b:df:-50 38:91:b7:1c:08:4e:-76 ec:f4:0c:2f:57:df:-68 5e:62:8b:28:98:fb:-70 00:df:1d:de:de:fd:-85 00:df:1d:de:de:fc:-85] bluetooth:map[]] GPS:{Latitude:0 Longitude:0 Altitude:0}} 
2025-07-16 03:23:23 [37m[DEBUG][0m [PID-15] analysis.go func2:126 [raaise-18-06] nb1 classified 1.563017694s 
2025-07-16 03:23:23 [37m[DEBUG][0m [PID-15] analysis.go AnalyzeSensorData:222 [raaise-18-06] analyzed in 1.563962058s 
2025-07-16 03:23:23 [37m[DEBUG][0m [PID-15] analysis.go func2:126 [raaise-18-06] nb1 classified 1.620389198s 
2025-07-16 03:23:23 [37m[DEBUG][0m [PID-15] analysis.go func2:126 [raaise-18-06] nb1 classified 1.39921676s 
2025-07-16 03:23:23 [37m[DEBUG][0m [PID-15] analysis.go AnalyzeSensorData:222 [raaise-18-06] analyzed in 1.400226358s 
2025-07-16 03:23:23 [37m[DEBUG][0m [PID-15] analysis.go func2:126 [raaise-18-06] nb1 classified 1.841434933s 
2025-07-16 03:23:23 [37m[DEBUG][0m [PID-15] analysis.go func2:126 [raaise-18-06] nb1 classified 1.792092553s 
2025-07-16 03:23:23 [37m[DEBUG][0m [PID-15] analysis.go func2:126 [raaise-18-06] nb1 classified 1.660649545s 
2025-07-16 03:23:23 [37m[DEBUG][0m [PID-15] analysis.go AnalyzeSensorData:222 [raaise-18-06] analyzed in 1.956602866s 
2025-07-16 03:23:23 [37m[DEBUG][0m [PID-15] analysis.go func2:126 [raaise-18-06] nb1 classified 1.651283254s 
2025-07-16 03:23:23 [37m[DEBUG][0m [PID-15] analysis.go AnalyzeSensorData:222 [raaise-18-06] analyzed in 1.652272158s 
2025-07-16 03:23:23 [37m[DEBUG][0m [PID-15] analysis.go func1:112 [raaise-18-06] python classified 664.643317ms 
2025-07-16 03:23:23 [31m[ERROR][0m [PID-15] analysis.go AnalyzeSensorData:222 problem analyzing: no predictions 
2025-07-16 03:23:23 [33m[WARN][0m [PID-15] calibration.go func1:202 problem with machine learnaing: problem analyzing: no predictions: {Timestamp:1750217301227 Family:raaise-18-06 Device:user 2 Location:a16 Sensors:map[bluetooth:map[] wifi:map[38:91:b7:1c:01:be:-63 9c:a2:f4:58:88:db:-69 38:91:b7:1c:08:4d:-69 38:91:b7:1a:22:ee:-75 54:af:97:56:4d:dc:-56 38:91:b7:1c:76:5c:-70 5c:62:8b:68:98:fb:-71 38:91:b7:19:2e:4e:-61 5c:62:8b:68:95:db:-34 38:91:b7:1c:08:4c:-68 38:91:b7:19:2e:4c:-60 5e:62:8b:28:99:e3:-68 ec:f4:0c:2f:57:df:-75 5e:62:8b:28:97:ae:-45 ec:f4:0c:2f:57:dc:-75 38:91:b7:1a:22:ec:-75 38:91:b7:1c:66:0e:-61 54:af:97:56:4d:dd:-63 5e:62:8b:28:93:af:-56 38:91:b7:1a:22:ed:-75 00:df:1d:de:de:fe:-84 5c:62:8b:68:95:da:-41 38:91:b7:1c:76:5d:-70 38:91:b7:1c:0b:dd:-47 38:91:b7:1c:76:50:-61 5e:62:8b:28:97:af:-47 ec:f4:0c:2f:57:dd:-75 38:91:b7:1c:66:0d:-61 ec:f4:0c:2f:57:de:-75 1c:61:b4:88:79:cc:-61 38:91:b7:1c:0b:df:-47 38:91:b7:1c:76:52:-61 52:91:e3:78:87:29:-74 6c:cd:d6:ca:90:e2:-71 38:91:b7:1c:08:4f:-69 38:91:b7:1c:66:0f:-61 00:df:1d:de:de:fd:-83 62:61:b4:88:79:ce:-49 38:91:b7:1c:01:bf:-63 86:69:93:27:ad:35:-65 38:91:b7:1c:76:53:-61 38:91:b7:19:2e:4d:-61 5e:62:8b:28:98:fb:-71 38:91:b7:1c:01:bd:-63 1c:61:b4:88:79:cb:-50 50:91:e3:f8:87:2b:-75 00:df:1d:de:de:fc:-84 38:91:b7:1c:08:4e:-69 9a:61:b4:88:79:cc:-58 5c:62:8b:68:97:af:-52 5e:62:8b:28:95:db:-36 38:91:b7:1c:76:5e:-70 5c:62:8b:68:93:af:-56 5c:62:8b:68:99:e3:-69 aa:61:b4:88:79:cf:-61 38:91:b7:1c:76:51:-60 5e:62:8b:28:95:da:-41 6c:cd:d6:ca:90:e1:-63 38:91:b7:1c:76:5f:-70 38:91:b7:1c:0b:dc:-46 38:91:b7:1c:01:bc:-63 1c:61:b4:88:79:ca:-58 38:91:b7:1a:22:ef:-75 18:a6:f7:21:47:c6:-84 00:df:1d:de:de:ff:-85 38:91:b7:1c:0b:de:-46 38:91:b7:1c:66:0c:-61 38:91:b7:19:2e:4f:-61]] GPS:{Latitude:0 Longitude:0 Altitude:0}} 
2025-07-16 03:23:23 [37m[DEBUG][0m [PID-15] analysis.go func1:112 [raaise-18-06] python classified 518.633312ms 
2025-07-16 03:23:23 [37m[DEBUG][0m [PID-15] analysis.go func2:126 [raaise-18-06] nb1 classified 2.27665662s 
2025-07-16 03:23:23 [37m[DEBUG][0m [PID-15] analysis.go func2:126 [raaise-18-06] nb1 classified 1.365253829s 
2025-07-16 03:23:23 [37m[DEBUG][0m [PID-15] analysis.go AnalyzeSensorData:222 [raaise-18-06] analyzed in 1.366204154s 
2025-07-16 03:23:23 [37m[DEBUG][0m [PID-15] analysis.go func1:112 [raaise-18-06] python classified 390.586875ms 
2025-07-16 03:23:23 [37m[DEBUG][0m [PID-15] analysis.go func2:126 [raaise-18-06] nb1 classified 1.724978506s 
2025-07-16 03:23:23 [37m[DEBUG][0m [PID-15] analysis.go AnalyzeSensorData:222 [raaise-18-06] analyzed in 1.730387865s 
2025-07-16 03:23:24 [37m[DEBUG][0m [PID-15] analysis.go func1:112 [raaise-18-06] python classified 304.464581ms 
2025-07-16 03:23:24 [37m[DEBUG][0m [PID-15] analysis.go func2:126 [raaise-18-06] nb1 classified 1.90480478s 
2025-07-16 03:23:24 [37m[DEBUG][0m [PID-15] analysis.go AnalyzeSensorData:222 [raaise-18-06] analyzed in 1.905745989s 
2025-07-16 03:23:24 [37m[DEBUG][0m [PID-15] analysis.go func2:126 [raaise-18-06] nb1 classified 1.463764212s 
2025-07-16 03:23:24 [31m[ERROR][0m [PID-15] analysis.go AnalyzeSensorData:222 problem analyzing: no predictions 
2025-07-16 03:23:24 [33m[WARN][0m [PID-15] calibration.go func1:202 problem with machine learnaing: problem analyzing: no predictions: {Timestamp:1750227689095 Family:raaise-18-06 Device:user 2 Location:a16 Sensors:map[wifi:map[5e:62:8b:28:93:af:-57 38:91:b7:1c:08:4e:-71 38:91:b7:1c:76:5c:-62 9c:a2:f4:58:88:db:-63 38:91:b7:1c:76:51:-52 6c:cd:d6:ca:90:e1:-72 38:91:b7:1a:22:ef:-82 ec:f4:0c:2f:57:dd:-72 38:91:b7:19:2e:4f:-57 38:91:b7:1c:66:0c:-61 50:91:e3:f8:87:2b:-77 54:af:97:56:4d:dc:-55 00:df:1d:de:de:f3:-75 5c:62:8b:68:93:ae:-53 5e:62:8b:28:95:da:-29 ec:f4:0c:2f:57:df:-72 38:91:b7:1c:66:0d:-61 5e:62:8b:28:98:fb:-71 ec:f4:0c:2f:57:de:-72 38:91:b7:1c:08:4c:-71 38:91:b7:1c:76:52:-52 38:91:b7:1a:22:ec:-82 5e:62:8b:28:99:e3:-69 38:91:b7:1a:22:e2:-75 5e:62:8b:28:97:af:-48 1c:61:b4:88:79:cb:-50 38:91:b7:1a:22:ed:-82 5e:62:8b:28:95:db:-42 00:df:1d:de:de:fc:-83 38:91:b7:1c:76:50:-52 38:91:b7:1c:08:4f:-71 38:91:b7:1c:0b:de:-47 38:91:b7:1c:01:bc:-64 38:91:b7:1c:66:0f:-61 38:91:b7:1c:76:5d:-62 38:91:b7:1c:76:53:-52 38:91:b7:1c:01:be:-64 38:91:b7:1c:08:4d:-71 1c:61:b4:88:79:cc:-64 1c:61:b4:88:79:ca:-58 5e:62:8b:28:97:ae:-48 38:91:b7:1c:0b:dd:-47 38:91:b7:1c:0b:dc:-47 86:69:93:27:ad:35:-67 ec:f4:0c:2f:57:dc:-72 54:af:97:56:4d:dd:-60 5c:62:8b:68:99:e3:-69 aa:61:b4:88:79:cf:-61 38:91:b7:19:2e:4e:-57 38:91:b7:1c:01:bd:-64 5c:62:8b:68:93:af:-56 38:91:b7:1a:22:ee:-82 62:61:b4:88:79:ce:-50 38:91:b7:1c:76:5e:-62 38:91:b7:1c:76:5f:-62 38:91:b7:1c:0b:df:-47 38:91:b7:1a:22:e3:-75 38:91:b7:19:2e:4d:-57 00:df:1d:de:de:ff:-84 5c:62:8b:68:97:af:-48 00:df:1d:de:de:fd:-83 38:91:b7:1c:66:0e:-61 6c:cd:d6:ca:90:e2:-67 00:df:1d:de:de:fe:-84 38:91:b7:1a:22:e0:-74 38:91:b7:19:2e:4c:-57 5c:62:8b:68:97:ae:-48 38:91:b7:1a:22:e1:-75 5c:62:8b:68:98:fb:-71 38:91:b7:1c:01:bf:-64] bluetooth:map[]] GPS:{Latitude:0 Longitude:0 Altitude:0}} 
2025-07-16 03:23:24 [37m[DEBUG][0m [PID-15] analysis.go func1:112 [raaise-18-06] python classified 528.348656ms 
2025-07-16 03:23:24 [37m[DEBUG][0m [PID-15] analysis.go func1:112 [raaise-18-06] python classified 488.57745ms 
2025-07-16 03:23:24 [37m[DEBUG][0m [PID-15] analysis.go func1:112 [raaise-18-06] python classified 575.200516ms 
2025-07-16 03:23:24 [37m[DEBUG][0m [PID-15] analysis.go func1:112 [raaise-18-06] python classified 337.718097ms 
2025-07-16 03:23:24 [37m[DEBUG][0m [PID-15] analysis.go func1:112 [raaise-18-06] python classified 424.994427ms 
2025-07-16 03:23:24 [37m[DEBUG][0m [PID-15] analysis.go func2:126 [raaise-18-06] nb1 classified 1.270530277s 
2025-07-16 03:23:24 [37m[DEBUG][0m [PID-15] analysis.go AnalyzeSensorData:222 [raaise-18-06] analyzed in 1.27140153s 
2025-07-16 03:23:24 [37m[DEBUG][0m [PID-15] analysis.go func2:126 [raaise-18-06] nb1 classified 1.056863153s 
2025-07-16 03:23:24 [37m[DEBUG][0m [PID-15] analysis.go func2:126 [raaise-18-06] nb1 classified 1.005889002s 
2025-07-16 03:23:24 [37m[DEBUG][0m [PID-15] analysis.go AnalyzeSensorData:222 [raaise-18-06] analyzed in 1.006818759s 
2025-07-16 03:23:24 [37m[DEBUG][0m [PID-15] analysis.go AnalyzeSensorData:222 [raaise-18-06] analyzed in 1.118517161s 
2025-07-16 03:23:24 [37m[DEBUG][0m [PID-15] analysis.go func2:126 [raaise-18-06] nb1 classified 1.954157557s 
2025-07-16 03:23:24 [37m[DEBUG][0m [PID-15] analysis.go AnalyzeSensorData:222 [raaise-18-06] analyzed in 1.955099709s 
2025-07-16 03:23:24 [37m[DEBUG][0m [PID-15] analysis.go func2:126 [raaise-18-06] nb1 classified 1.616470409s 
2025-07-16 03:23:25 [37m[DEBUG][0m [PID-15] analysis.go func2:126 [raaise-18-06] nb1 classified 1.653170187s 
2025-07-16 03:23:25 [37m[DEBUG][0m [PID-15] analysis.go AnalyzeSensorData:222 [raaise-18-06] analyzed in 1.742026982s 
2025-07-16 03:23:25 [37m[DEBUG][0m [PID-15] analysis.go func1:112 [raaise-18-06] python classified 359.836999ms 
2025-07-16 03:23:25 [37m[DEBUG][0m [PID-15] analysis.go func2:126 [raaise-18-06] nb1 classified 1.365861026s 
2025-07-16 03:23:25 [37m[DEBUG][0m [PID-15] analysis.go AnalyzeSensorData:222 [raaise-18-06] analyzed in 1.366757216s 
2025-07-16 03:23:25 [31m[ERROR][0m [PID-15] analysis.go AnalyzeSensorData:222 problem analyzing: no predictions 
2025-07-16 03:23:25 [33m[WARN][0m [PID-15] calibration.go func1:202 problem with machine learnaing: problem analyzing: no predictions: {Timestamp:1750217346226 Family:raaise-18-06 Device:user 2 Location:a16 Sensors:map[bluetooth:map[] wifi:map[38:91:b7:1c:08:4f:-67 00:df:1d:de:de:fe:-85 00:df:1d:de:de:fc:-85 38:91:b7:1a:22:ed:-78 ec:f4:0c:2f:57:dd:-71 38:91:b7:1c:08:4d:-67 ec:f4:0c:2f:57:de:-72 38:91:b7:1c:76:5c:-69 38:91:b7:1c:66:0d:-64 1c:61:b4:88:79:ca:-59 ec:f4:0c:2f:57:dc:-72 54:af:97:56:4d:dc:-61 38:91:b7:1a:22:ef:-78 86:69:93:27:ad:35:-68 38:91:b7:1c:66:0c:-64 38:91:b7:1c:0b:dc:-48 38:91:b7:1c:01:be:-60 62:61:b4:88:79:ce:-54 38:91:b7:1c:01:bc:-60 38:91:b7:1c:08:4c:-67 1c:61:b4:88:79:cb:-54 38:91:b7:1c:66:0e:-64 5e:62:8b:28:95:db:-42 5e:62:8b:28:97:ae:-51 38:91:b7:1c:76:53:-57 38:91:b7:1a:22:ec:-78 9a:61:b4:88:79:cc:-59 38:91:b7:1c:76:52:-56 6c:cd:d6:ca:90:e2:-72 38:91:b7:1c:0b:df:-48 54:af:97:56:4d:dd:-61 50:91:e3:f8:87:2b:-71 38:91:b7:1c:01:bd:-60 38:91:b7:1c:76:5f:-69 38:91:b7:1c:0b:dd:-48 9c:a2:f4:58:88:db:-69 38:91:b7:1c:76:50:-57 38:91:b7:19:2e:4c:-64 38:91:b7:19:2e:4d:-64 38:91:b7:1c:76:51:-57 38:91:b7:1c:0b:de:-48 38:91:b7:1c:66:0f:-64 5e:62:8b:28:95:da:-42 6c:cd:d6:ca:90:e1:-67 ec:f4:0c:2f:57:df:-72 38:91:b7:19:2e:4e:-64 38:91:b7:1a:22:ee:-78 18:a6:f7:21:47:c6:-92 00:df:1d:de:de:fd:-85 38:91:b7:19:2e:4f:-64 52:91:e3:78:87:29:-71 38:91:b7:1c:76:5d:-69 38:91:b7:1c:01:bf:-60 00:df:1d:de:de:ff:-85 38:91:b7:1c:08:4e:-67 38:91:b7:1c:76:5e:-68 5c:62:8b:68:98:fb:-70]] GPS:{Latitude:0 Longitude:0 Altitude:0}} 
2025-07-16 03:23:25 [31m[ERROR][0m [PID-15] analysis.go AnalyzeSensorData:222 problem analyzing: no predictions 
2025-07-16 03:23:25 [33m[WARN][0m [PID-15] calibration.go func1:202 problem with machine learnaing: problem analyzing: no predictions: {Timestamp:1750216712504 Family:raaise-18-06 Device:user 1 Location:a16 Sensors:map[bluetooth:map[] wifi:map[52:91:e3:28:87:29:-63 5e:62:8b:28:97:ae:-42 38:91:b7:1a:22:e2:-76 5e:62:8b:28:97:af:-50 5e:62:8b:28:93:ae:-47 50:91:e3:f8:87:2b:-75 38:91:b7:19:2e:4e:-57 50:91:e3:f8:87:29:-61 38:91:b7:1a:22:e1:-76 38:91:b7:1a:22:e3:-76 5e:62:8b:28:98:fb:-68 38:91:b7:1c:0b:de:-46 38:91:b7:1c:0b:dc:-48 38:91:b7:1c:08:4e:-65 52:91:e3:78:87:29:-75 00:df:1d:de:de:f3:-72 38:91:b7:1c:76:52:-59 38:91:b7:19:2e:4c:-57 00:df:1d:de:de:fc:-86 ec:f4:0c:2f:57:de:-71 00:df:1d:de:de:f1:-72 38:91:b7:1c:76:53:-59 38:91:b7:19:2e:4f:-57 38:91:b7:1c:76:50:-58 54:af:97:56:4d:dc:-58 38:91:b7:1c:08:4f:-65 6c:cd:d6:ca:90:e1:-69 54:af:97:56:4d:dd:-59 38:91:b7:1c:76:51:-58 38:91:b7:19:2e:4d:-57 38:91:b7:1a:22:e0:-75 38:91:b7:1c:0b:df:-46 ec:f4:0c:2f:57:dc:-71 00:df:1d:de:de:ff:-87 38:91:b7:1c:08:4c:-65 ec:f4:0c:2f:57:df:-71 00:df:1d:de:de:f2:-72 5c:62:8b:68:97:af:-50 1c:61:b4:88:79:ca:-59 9a:61:b4:88:79:cc:-59 5e:62:8b:28:95:db:-42 38:91:b7:1c:08:4d:-65 5e:62:8b:28:99:e3:-67 9c:a2:f4:58:88:db:-69 5c:62:8b:68:95:db:-42 ec:f4:0c:2f:57:dd:-71 00:df:1d:de:de:f0:-72 00:df:1d:de:de:fe:-86 00:df:1d:de:de:fd:-87 5c:62:8b:68:99:e3:-68 5e:62:8b:28:93:af:-56 5c:62:8b:68:95:da:-80 38:91:b7:1c:0b:dd:-47 5c:62:8b:68:98:fb:-69]] GPS:{Latitude:0 Longitude:0 Altitude:0}} 
2025-07-16 03:23:25 [37m[DEBUG][0m [PID-15] analysis.go func1:112 [raaise-18-06] python classified 428.045976ms 
2025-07-16 03:23:25 [37m[DEBUG][0m [PID-15] analysis.go func2:126 [raaise-18-06] nb1 classified 1.44976558s 
2025-07-16 03:23:25 [37m[DEBUG][0m [PID-15] analysis.go AnalyzeSensorData:222 [raaise-18-06] analyzed in 1.45087647s 
2025-07-16 03:23:25 [31m[ERROR][0m [PID-15] analysis.go AnalyzeSensorData:222 problem analyzing: no predictions 
2025-07-16 03:23:25 [33m[WARN][0m [PID-15] calibration.go func1:202 problem with machine learnaing: problem analyzing: no predictions: {Timestamp:1750227489097 Family:raaise-18-06 Device:user 2 Location:a16 Sensors:map[bluetooth:map[] wifi:map[38:91:b7:1c:76:53:-55 38:91:b7:1c:0b:df:-47 5e:62:8b:28:93:ae:-53 38:91:b7:1c:66:0f:-61 38:91:b7:1c:66:0e:-61 ec:f4:0c:2f:57:de:-71 38:91:b7:1c:0b:de:-47 5e:62:8b:28:97:af:-47 ec:f4:0c:2f:57:df:-71 62:61:b4:88:79:ce:-50 38:91:b7:19:2e:4f:-58 38:91:b7:1c:76:5c:-62 ec:f4:0c:2f:57:dd:-71 5c:62:8b:68:98:fb:-70 9c:a2:f4:58:88:db:-63 38:91:b7:1c:01:bf:-63 38:91:b7:1c:0b:dd:-47 00:df:1d:de:de:ff:-84 38:91:b7:1a:22:ed:-82 00:df:1d:de:de:fd:-84 38:91:b7:1c:76:5e:-63 00:df:1d:de:de:fe:-84 5c:62:8b:68:99:e3:-70 54:af:97:56:4d:dc:-57 38:91:b7:1a:22:ec:-82 52:91:e3:78:87:29:-76 38:91:b7:1c:01:bd:-63 38:91:b7:1c:76:51:-55 38:91:b7:1c:66:0c:-62 18:a6:f7:21:47:c6:-95 38:91:b7:1c:08:4f:-70 38:91:b7:1c:76:5d:-62 54:af:97:56:4d:dd:-61 6c:cd:d6:ca:90:e1:-70 1c:61:b4:88:79:cc:-63 38:91:b7:19:2e:4e:-58 38:91:b7:1a:22:ee:-82 1c:61:b4:88:79:cb:-50 38:91:b7:1c:01:bc:-63 38:91:b7:1c:08:4e:-71 5e:62:8b:28:95:db:-42 ec:f4:0c:2f:57:dc:-71 50:91:e3:f8:87:2b:-76 aa:61:b4:88:79:cf:-60 38:91:b7:1c:08:4c:-70 38:91:b7:1c:01:be:-63 1c:61:b4:88:79:ca:-58 38:91:b7:1c:0b:dc:-47 9a:61:b4:88:79:cc:-58 38:91:b7:19:2e:4c:-58 5e:62:8b:28:93:af:-54 38:91:b7:1c:66:0d:-61 38:91:b7:1c:76:5f:-62 38:91:b7:1a:22:ef:-83 00:df:1d:de:de:fc:-84 38:91:b7:1c:08:4d:-70 38:91:b7:1c:76:52:-55 5e:62:8b:28:95:da:-28 38:91:b7:19:2e:4d:-58 86:69:93:27:ad:35:-67 38:91:b7:1c:76:50:-55]] GPS:{Latitude:0 Longitude:0 Altitude:0}} 
2025-07-16 03:23:25 [37m[DEBUG][0m [PID-15] analysis.go func2:126 [raaise-18-06] nb1 classified 1.353971318s 
2025-07-16 03:23:25 [37m[DEBUG][0m [PID-15] analysis.go AnalyzeSensorData:222 [raaise-18-06] analyzed in 1.354966812s 
2025-07-16 03:23:25 [37m[DEBUG][0m [PID-15] analysis.go func1:112 [raaise-18-06] python classified 407.87195ms 
2025-07-16 03:23:25 [37m[DEBUG][0m [PID-15] analysis.go func2:126 [raaise-18-06] nb1 classified 1.992380463s 
2025-07-16 03:23:25 [37m[DEBUG][0m [PID-15] analysis.go func1:112 [raaise-18-06] python classified 487.072189ms 
2025-07-16 03:23:25 [37m[DEBUG][0m [PID-15] analysis.go func1:112 [raaise-18-06] python classified 374.255829ms 
2025-07-16 03:23:25 [37m[DEBUG][0m [PID-15] analysis.go func1:112 [raaise-18-06] python classified 527.994436ms 
2025-07-16 03:23:26 [37m[DEBUG][0m [PID-15] analysis.go func1:112 [raaise-18-06] python classified 494.117561ms 
2025-07-16 03:23:26 [31m[ERROR][0m [PID-15] analysis.go AnalyzeSensorData:222 problem analyzing: no predictions 
2025-07-16 03:23:26 [33m[WARN][0m [PID-15] calibration.go func1:202 problem with machine learnaing: problem analyzing: no predictions: {Timestamp:1750227350823 Family:raaise-18-06 Device:user 3 Location:a16 Sensors:map[bluetooth:map[] wifi:map[9c:a2:f4:58:88:db:-68 38:91:b7:19:2e:4f:-60 ec:f4:0c:2f:57:de:-74 38:91:b7:19:2e:4c:-60 5e:62:8b:28:97:ae:-48 52:91:e3:28:87:29:-72 ec:f4:0c:2f:57:df:-74 6c:cd:d6:ca:90:e2:-79 38:91:b7:1a:22:e1:-76 38:91:b7:1c:76:53:-62 18:a6:f7:21:47:c6:-86 54:af:97:56:4d:dd:-66 38:91:b7:1a:22:e0:-76 5e:62:8b:28:99:e3:-71 38:91:b7:1c:76:51:-61 ec:f4:0c:2f:57:dd:-74 54:af:97:56:4d:dc:-58 5e:62:8b:28:95:db:-42 ec:f4:0c:2f:57:dc:-74 5e:62:8b:28:98:fb:-73 5c:62:8b:68:98:fb:-73 6c:cd:d6:ca:90:e1:-69 5c:62:8b:68:97:af:-52 5c:62:8b:68:93:af:-58 38:91:b7:1c:76:50:-62 38:91:b7:19:2e:4e:-60 1c:61:b4:88:79:ca:-61 50:91:e3:f8:87:2b:-75 38:91:b7:1c:08:4e:-75 38:91:b7:1c:76:52:-62 38:91:b7:1c:08:4c:-74 5e:62:8b:28:97:af:-52 38:91:b7:19:2e:4d:-60 38:91:b7:1c:08:4d:-75 5e:62:8b:28:93:af:-57 38:91:b7:1c:08:4f:-75]] GPS:{Latitude:0 Longitude:0 Altitude:0}} 
2025-07-16 03:23:26 [37m[DEBUG][0m [PID-15] analysis.go func2:126 [raaise-18-06] nb1 classified 1.28585725s 
2025-07-16 03:23:26 [37m[DEBUG][0m [PID-15] analysis.go AnalyzeSensorData:222 [raaise-18-06] analyzed in 1.286926038s 
2025-07-16 03:23:26 [37m[DEBUG][0m [PID-15] analysis.go func2:126 [raaise-18-06] nb1 classified 1.466233537s 
2025-07-16 03:23:26 [37m[DEBUG][0m [PID-15] analysis.go func2:126 [raaise-18-06] nb1 classified 1.380162192s 
2025-07-16 03:23:26 [37m[DEBUG][0m [PID-15] analysis.go func2:126 [raaise-18-06] nb1 classified 1.32992793s 
2025-07-16 03:23:26 [37m[DEBUG][0m [PID-15] analysis.go func2:126 [raaise-18-06] nb1 classified 1.548535685s 
2025-07-16 03:23:26 [37m[DEBUG][0m [PID-15] analysis.go AnalyzeSensorData:222 [raaise-18-06] analyzed in 1.617472083s 
2025-07-16 03:23:26 [37m[DEBUG][0m [PID-15] analysis.go func2:126 [raaise-18-06] nb1 classified 879.897814ms 
2025-07-16 03:23:26 [37m[DEBUG][0m [PID-15] analysis.go func2:126 [raaise-18-06] nb1 classified 2.218179616s 
2025-07-16 03:23:26 [37m[DEBUG][0m [PID-15] analysis.go AnalyzeSensorData:222 [raaise-18-06] analyzed in 2.219137158s 
2025-07-16 03:23:26 [37m[DEBUG][0m [PID-15] analysis.go func1:112 [raaise-18-06] python classified 428.796131ms 
2025-07-16 03:23:26 [37m[DEBUG][0m [PID-15] analysis.go func1:112 [raaise-18-06] python classified 494.681363ms 
2025-07-16 03:23:26 [37m[DEBUG][0m [PID-15] analysis.go func1:112 [raaise-18-06] python classified 354.836163ms 
2025-07-16 03:23:26 [37m[DEBUG][0m [PID-15] analysis.go func1:112 [raaise-18-06] python classified 386.840726ms 
2025-07-16 03:23:27 [37m[DEBUG][0m [PID-15] analysis.go func2:126 [raaise-18-06] nb1 classified 1.850179218s 
2025-07-16 03:23:27 [37m[DEBUG][0m [PID-15] analysis.go AnalyzeSensorData:222 [raaise-18-06] analyzed in 1.852515166s 
2025-07-16 03:23:27 [37m[DEBUG][0m [PID-15] analysis.go func2:126 [raaise-18-06] nb1 classified 1.799506567s 
2025-07-16 03:23:27 [37m[DEBUG][0m [PID-15] analysis.go AnalyzeSensorData:222 [raaise-18-06] analyzed in 1.800540077s 
2025-07-16 03:23:27 [37m[DEBUG][0m [PID-15] analysis.go func2:126 [raaise-18-06] nb1 classified 2.008089093s 
2025-07-16 03:23:27 [37m[DEBUG][0m [PID-15] analysis.go AnalyzeSensorData:222 [raaise-18-06] analyzed in 2.008888975s 
2025-07-16 03:23:27 [37m[DEBUG][0m [PID-15] analysis.go func2:126 [raaise-18-06] nb1 classified 2.008207398s 
2025-07-16 03:23:27 [37m[DEBUG][0m [PID-15] analysis.go func2:126 [raaise-18-06] nb1 classified 2.167189669s 
2025-07-16 03:23:27 [37m[DEBUG][0m [PID-15] analysis.go AnalyzeSensorData:222 [raaise-18-06] analyzed in 2.090023864s 
2025-07-16 03:23:27 [37m[DEBUG][0m [PID-15] analysis.go func2:126 [raaise-18-06] nb1 classified 1.467189619s 
2025-07-16 03:23:27 [37m[DEBUG][0m [PID-15] analysis.go AnalyzeSensorData:222 [raaise-18-06] analyzed in 1.468058003s 
2025-07-16 03:23:27 [31m[ERROR][0m [PID-15] analysis.go AnalyzeSensorData:222 problem analyzing: no predictions 
2025-07-16 03:23:27 [33m[WARN][0m [PID-15] calibration.go func1:202 problem with machine learnaing: problem analyzing: no predictions: {Timestamp:1750227599406 Family:raaise-18-06 Device:user 1 Location:a16 Sensors:map[bluetooth:map[] wifi:map[38:91:b7:1c:08:4f:-72 38:91:b7:1a:22:e1:-75 38:91:b7:1a:22:e0:-75 86:69:93:27:ad:35:-67 38:91:b7:1a:9d:22:-87 5e:62:8b:28:98:fb:-73 38:91:b7:1c:0b:dd:-50 00:df:1d:de:de:ff:-87 38:91:b7:1c:76:51:-62 38:91:b7:1c:08:4e:-72 50:91:e3:f8:87:2b:-78 38:91:b7:1c:08:4c:-72 ec:f4:0c:2f:57:dd:-75 38:91:b7:1c:0b:de:-51 5e:62:8b:28:93:af:-57 38:91:b7:19:2e:4e:-60 38:91:b7:1c:0b:df:-50 00:df:1d:de:de:f0:-78 38:91:b7:1c:76:52:-63 5e:62:8b:28:97:af:-51 5e:62:8b:28:95:da:-48 5e:62:8b:28:95:db:-47 38:91:b7:1a:22:e2:-74 5e:62:8b:28:99:e3:-68 5c:62:8b:68:93:af:-57 ec:f4:0c:2f:57:de:-75 38:91:b7:1a:22:e3:-75 00:df:1d:de:de:fd:-87 6c:cd:d6:ca:90:e1:-68 50:91:e3:f8:87:29:-68 5c:62:8b:68:97:af:-51 54:af:97:56:4d:dd:-61 00:df:1d:de:de:fe:-86 38:91:b7:1c:08:4d:-72 54:af:97:56:4d:dc:-61 38:91:b7:19:2e:4f:-60 38:91:b7:1a:9d:23:-87 00:df:1d:de:de:fc:-87 38:91:b7:19:2e:4c:-60 6c:cd:d6:ca:90:e2:-75 5e:62:8b:28:97:ae:-48 38:91:b7:1c:0b:dc:-50 38:91:b7:19:2e:4d:-60 ec:f4:0c:2f:57:dc:-75 38:91:b7:1c:76:53:-63 38:91:b7:1c:76:50:-65 ec:f4:0c:2f:57:df:-74]] GPS:{Latitude:0 Longitude:0 Altitude:0}} 
2025-07-16 03:23:27 [37m[DEBUG][0m [PID-15] analysis.go func1:112 [raaise-18-06] python classified 297.163787ms 
2025-07-16 03:23:27 [37m[DEBUG][0m [PID-15] analysis.go func2:126 [raaise-18-06] nb1 classified 1.502621975s 
2025-07-16 03:23:27 [37m[DEBUG][0m [PID-15] analysis.go func2:126 [raaise-18-06] nb1 classified 1.286499507s 
2025-07-16 03:23:27 [37m[DEBUG][0m [PID-15] analysis.go AnalyzeSensorData:222 [raaise-18-06] analyzed in 1.287530186s 
2025-07-16 03:23:27 [37m[DEBUG][0m [PID-15] analysis.go AnalyzeSensorData:222 [raaise-18-06] analyzed in 2.466678289s 
2025-07-16 03:23:27 [37m[DEBUG][0m [PID-15] analysis.go func1:112 [raaise-18-06] python classified 422.002627ms 
2025-07-16 03:23:27 [31m[ERROR][0m [PID-15] analysis.go AnalyzeSensorData:222 problem analyzing: no predictions 
2025-07-16 03:23:27 [33m[WARN][0m [PID-15] calibration.go func1:202 problem with machine learnaing: problem analyzing: no predictions: {Timestamp:1750221386716 Family:raaise-18-06 Device:user 1 Location:a02 Sensors:map[bluetooth:map[] wifi:map[00:df:1d:de:de:fc:-68 ec:f4:0c:2f:57:de:-91 00:df:1d:de:de:ff:-68 5e:62:8b:28:99:e3:-65 5c:62:8b:68:93:af:-46 38:91:b7:1c:08:4c:-60 50:91:e3:f8:87:29:-72 50:91:e3:f8:87:2b:-75 5e:62:8b:28:95:db:-54 38:91:b7:19:2e:4d:-77 00:df:1d:de:de:f0:-62 ec:f4:0c:2f:57:dc:-91 38:91:b7:1c:0b:de:-68 00:df:1d:de:de:fe:-68 ec:f4:0c:2f:57:dd:-91 6c:cd:d6:ca:90:e2:-72 38:91:b7:1c:08:4d:-60 38:91:b7:1c:08:4f:-60 5e:62:8b:28:97:af:-65 00:df:1d:de:de:f1:-61 38:91:b7:19:2e:4f:-77 38:91:b7:1c:0b:dd:-70 38:91:b7:1c:08:4e:-60 ec:f4:0c:2f:57:df:-91 1c:61:b4:88:79:ca:-76 38:91:b7:1a:22:e1:-76 38:91:b7:1a:22:e2:-76 00:df:1d:de:de:f2:-62 5c:62:8b:68:95:db:-54 00:df:1d:de:de:f3:-62 38:91:b7:1c:0b:dc:-70 38:91:b7:1a:22:e3:-76 38:91:b7:19:2e:4e:-78 00:df:1d:de:de:fd:-68 38:91:b7:19:2e:4c:-77 9a:61:b4:88:79:cc:-76 54:af:97:56:4d:dc:-76 5e:62:8b:28:93:ae:-47 38:91:b7:1c:0b:df:-70 52:91:e3:28:87:29:-69 5e:62:8b:28:93:af:-48]] GPS:{Latitude:0 Longitude:0 Altitude:0}} 
2025-07-16 03:23:27 [37m[DEBUG][0m [PID-15] analysis.go AnalyzeSensorData:222 [raaise-18-06] analyzed in 1.692629008s 
2025-07-16 03:23:27 [31m[ERROR][0m [PID-15] analysis.go AnalyzeSensorData:222 problem analyzing: no predictions 
2025-07-16 03:23:27 [33m[WARN][0m [PID-15] calibration.go func1:202 problem with machine learnaing: problem analyzing: no predictions: {Timestamp:1750221771716 Family:raaise-18-06 Device:user 1 Location:a02 Sensors:map[bluetooth:map[] wifi:map[00:df:1d:de:de:f2:-58 5c:62:8b:68:99:e3:-65 38:91:b7:19:2e:4c:-82 86:69:93:27:ad:35:-81 5e:62:8b:28:93:ae:-47 ec:f4:0c:2f:57:df:-87 52:91:e3:28:87:29:-65 38:91:b7:1c:76:53:-60 5c:62:8b:68:97:af:-64 5e:62:8b:28:95:da:-53 38:91:b7:1a:22:e3:-76 5e:62:8b:28:99:e3:-65 38:91:b7:19:2e:4e:-82 5e:62:8b:28:98:fb:-68 50:91:e3:f8:87:2b:-75 38:91:b7:1a:22:e0:-75 54:af:97:56:4d:dc:-76 5c:62:8b:68:97:ae:-64 1c:61:b4:88:79:ca:-77 5c:62:8b:68:93:af:-46 ec:f4:0c:2f:57:de:-87 1c:61:b4:88:79:cc:-73 38:91:b7:1c:0b:dd:-67 38:91:b7:1c:0b:df:-66 38:91:b7:1c:0b:dc:-67 ec:f4:0c:2f:57:dc:-86 aa:61:b4:88:79:ce:-76 00:df:1d:de:de:f0:-58 5c:62:8b:68:93:ae:-45 5c:62:8b:68:95:db:-53 38:91:b7:1c:76:52:-60 9c:a2:f4:58:88:db:-81 6c:cd:d6:ca:90:e1:-68 38:91:b7:19:2e:4f:-82 38:91:b7:1c:76:50:-59 00:df:1d:de:de:fc:-70 38:91:b7:1c:08:4e:-67 38:91:b7:19:2e:4d:-82 6c:cd:d6:ca:90:e2:-71 5e:62:8b:28:97:af:-65 38:91:b7:1a:22:e1:-75 5c:62:8b:68:98:fa:-72 9a:61:b4:88:79:cc:-76 00:df:1d:de:de:f3:-58 5e:62:8b:28:93:af:-46 00:df:1d:de:de:fe:-68 38:91:b7:1c:08:4d:-67 5c:62:8b:68:95:da:-48 54:af:97:56:4d:dd:-77 38:91:b7:1a:22:e2:-76 38:91:b7:1c:08:4f:-66 52:91:e3:78:87:29:-75 38:91:b7:1c:0b:de:-66 38:91:b7:1c:76:51:-60 5e:62:8b:28:95:db:-53 00:df:1d:de:de:fd:-70 00:df:1d:de:de:f1:-58 5c:62:8b:68:98:fb:-69 50:91:e3:f8:87:29:-65 38:91:b7:1c:08:4c:-66 00:df:1d:de:de:ff:-70 aa:61:b4:88:79:cf:-74 18:a6:f7:21:47:c6:-97 ec:f4:0c:2f:57:dd:-87]] GPS:{Latitude:0 Longitude:0 Altitude:0}} 
2025-07-16 03:23:27 [37m[DEBUG][0m [PID-15] analysis.go func1:112 [raaise-18-06] python classified 339.740039ms 
2025-07-16 03:23:28 [37m[DEBUG][0m [PID-15] analysis.go func2:126 [raaise-18-06] nb1 classified 808.689895ms 
2025-07-16 03:23:28 [37m[DEBUG][0m [PID-15] analysis.go AnalyzeSensorData:222 [raaise-18-06] analyzed in 809.799553ms 
2025-07-16 03:23:28 [31m[ERROR][0m [PID-15] analysis.go AnalyzeSensorData:222 problem analyzing: no predictions 
2025-07-16 03:23:28 [33m[WARN][0m [PID-15] calibration.go func1:202 problem with machine learnaing: problem analyzing: no predictions: {Timestamp:1750221913644 Family:raaise-18-06 Device:user 2 Location:a02 Sensors:map[bluetooth:map[] wifi:map[5e:62:8b:28:95:da:-53 38:91:b7:1c:66:0d:-51 38:91:b7:1c:08:4d:-66 38:91:b7:19:2e:4f:-75 38:91:b7:1c:76:5f:-70 50:91:e3:f8:87:29:-68 38:91:b7:1c:76:5c:-70 00:df:1d:de:de:f1:-63 50:91:e3:f8:87:2b:-75 5e:62:8b:28:93:af:-50 1c:61:b4:88:79:ca:-74 38:91:b7:1c:66:0c:-51 38:91:b7:1c:01:bc:-68 ec:f4:0c:2f:57:df:-87 5c:62:8b:68:98:fb:-78 38:91:b7:19:2e:4e:-75 38:91:b7:1c:0b:de:-69 38:91:b7:1c:0b:dc:-69 1c:61:b4:88:79:cc:-78 38:91:b7:1a:22:e3:-73 38:91:b7:1c:66:0f:-50 38:91:b7:1c:01:bf:-68 38:91:b7:1a:22:ed:-81 52:91:e3:78:87:29:-74 38:91:b7:1c:76:50:-60 00:df:1d:de:de:f3:-62 38:91:b7:1a:22:e1:-74 38:91:b7:1a:22:ef:-80 00:df:1d:de:de:fe:-73 00:df:1d:de:de:fc:-73 38:91:b7:1c:76:52:-60 38:91:b7:1c:08:4e:-66 38:91:b7:1a:22:e0:-74 5e:62:8b:28:93:ae:-46 ec:f4:0c:2f:57:dd:-87 38:91:b7:1c:0b:dd:-69 5e:62:8b:28:95:db:-53 5c:62:8b:68:93:ae:-47 38:91:b7:1c:76:51:-60 00:df:1d:de:de:f2:-61 ec:f4:0c:2f:57:dc:-87 54:af:97:56:4d:dd:-78 38:91:b7:1c:08:4f:-66 1c:61:b4:88:79:cb:-71 38:91:b7:1c:66:0e:-51 5c:62:8b:68:99:e3:-65 38:91:b7:1a:22:ee:-81 6c:cd:d6:ca:90:e2:-72 38:91:b7:1c:76:5e:-70 38:91:b7:19:2e:4d:-75 38:91:b7:1c:01:bd:-68 38:91:b7:1c:76:53:-60 38:91:b7:1a:22:e2:-73 62:61:b4:88:79:ce:-72 38:91:b7:1a:22:ec:-81 38:91:b7:1c:08:4c:-66 6c:cd:d6:ca:90:e1:-68 38:91:b7:1c:76:5d:-70 38:91:b7:1c:0b:df:-68 00:df:1d:de:de:ff:-72 00:df:1d:de:de:fd:-73 38:91:b7:19:2e:4c:-75 38:91:b7:1c:01:be:-68 ec:f4:0c:2f:57:de:-87 00:df:1d:de:de:f0:-63 aa:61:b4:88:79:cf:-78]] GPS:{Latitude:0 Longitude:0 Altitude:0}} 
2025-07-16 03:23:28 [31m[ERROR][0m [PID-15] analysis.go AnalyzeSensorData:222 problem analyzing: no predictions 
2025-07-16 03:23:28 [33m[WARN][0m [PID-15] calibration.go func1:202 problem with machine learnaing: problem analyzing: no predictions: {Timestamp:1750221686717 Family:raaise-18-06 Device:user 1 Location:a02 Sensors:map[bluetooth:map[] wifi:map[5e:62:8b:28:93:ae:-39 38:91:b7:1c:08:4e:-67 5e:62:8b:28:93:af:-50 50:91:e3:f8:87:2b:-71 00:df:1d:de:de:fc:-66 5c:62:8b:68:93:af:-50 54:af:97:56:4d:dc:-73 38:91:b7:1c:0b:dc:-65 5c:62:8b:68:95:db:-50 38:91:b7:1c:0b:dd:-66 38:91:b7:1c:08:4c:-67 5e:62:8b:28:95:db:-50 38:91:b7:1c:08:4d:-67 1c:61:b4:88:79:ca:-73 38:91:b7:1c:76:52:-60 00:df:1d:de:de:f1:-59 38:91:b7:19:2e:4e:-76 38:91:b7:19:2e:4d:-76 38:91:b7:19:2e:4f:-76 00:df:1d:de:de:ff:-66 ec:f4:0c:2f:57:dd:-84 00:df:1d:de:de:fe:-66 38:91:b7:1c:76:53:-58 5e:62:8b:28:95:da:-54 ec:f4:0c:2f:57:de:-84 6c:cd:d6:ca:90:e2:-69 aa:61:b4:88:79:cf:-81 38:91:b7:19:2e:4c:-76 ec:f4:0c:2f:57:df:-85 38:91:b7:1c:76:50:-62 38:91:b7:1c:0b:df:-66 38:91:b7:1c:0b:de:-65 ec:f4:0c:2f:57:dc:-84 38:91:b7:1c:08:4f:-67 54:af:97:56:4d:dd:-77 1c:61:b4:88:79:cc:-82 00:df:1d:de:de:fd:-66 6c:cd:d6:ca:90:e1:-65 38:91:b7:1c:76:51:-60 00:df:1d:de:de:f0:-61 50:91:e3:f8:87:29:-64]] GPS:{Latitude:0 Longitude:0 Altitude:0}} 
2025-07-16 03:23:28 [31m[ERROR][0m [PID-15] analysis.go AnalyzeSensorData:222 problem analyzing: no predictions 
2025-07-16 03:23:28 [33m[WARN][0m [PID-15] calibration.go func1:202 problem with machine learnaing: problem analyzing: no predictions: {Timestamp:1750221468646 Family:raaise-18-06 Device:user 2 Location:a02 Sensors:map[bluetooth:map[] wifi:map[ec:f4:0c:2f:57:dc:-92 00:df:1d:de:de:fd:-74 00:df:1d:de:de:f1:-60 54:af:97:56:4d:dc:-77 38:91:b7:1a:22:ed:-82 38:91:b7:1c:08:4f:-66 ec:f4:0c:2f:57:df:-92 5c:62:8b:68:95:db:-51 38:91:b7:1c:66:0f:-53 38:91:b7:1c:76:51:-57 38:91:b7:1c:66:0c:-52 38:91:b7:1c:08:4c:-66 5e:62:8b:28:95:db:-51 5e:62:8b:28:93:af:-48 1c:61:b4:88:79:cb:-70 38:91:b7:1c:0b:dc:-67 38:91:b7:1c:0b:dd:-68 38:91:b7:19:2e:4e:-78 38:91:b7:1c:01:bd:-65 38:91:b7:1c:01:be:-65 38:91:b7:1a:22:ee:-82 6c:cd:d6:ca:90:e1:-66 5e:62:8b:28:93:ae:-43 1c:61:b4:88:79:ca:-76 38:91:b7:1c:66:0e:-53 38:91:b7:1c:76:50:-59 38:91:b7:19:2e:4c:-78 38:91:b7:1c:0b:de:-67 6c:cd:d6:ca:90:e2:-73 00:df:1d:de:de:f2:-59 38:91:b7:1c:76:5e:-75 62:61:b4:88:79:ce:-70 38:91:b7:1a:22:ec:-82 00:df:1d:de:de:ff:-73 00:df:1d:de:de:f0:-61 00:df:1d:de:de:fc:-74 38:91:b7:1c:76:53:-59 5e:62:8b:28:95:da:-46 38:91:b7:1c:76:5d:-75 ec:f4:0c:2f:57:de:-92 38:91:b7:1c:0b:df:-67 5e:62:8b:28:97:af:-62 38:91:b7:1c:76:5f:-75 38:91:b7:1c:76:5c:-74 00:df:1d:de:de:f3:-58 38:91:b7:1c:08:4d:-66 00:df:1d:de:de:fe:-74 38:91:b7:1c:01:bc:-65 38:91:b7:19:2e:4d:-79 ec:f4:0c:2f:57:dd:-91 38:91:b7:1c:66:0d:-53 38:91:b7:1a:22:e0:-77 38:91:b7:19:2e:4f:-79 38:91:b7:1a:22:ef:-82 38:91:b7:1c:01:bf:-65 38:91:b7:1c:08:4e:-66 50:91:e3:f8:87:2b:-76 38:91:b7:1c:76:52:-58]] GPS:{Latitude:0 Longitude:0 Altitude:0}} 
2025-07-16 03:23:28 [37m[DEBUG][0m [PID-15] analysis.go func1:112 [raaise-18-06] python classified 517.035988ms 
2025-07-16 03:23:28 [37m[DEBUG][0m [PID-15] analysis.go func1:112 [raaise-18-06] python classified 533.492901ms 
2025-07-16 03:23:28 [37m[DEBUG][0m [PID-15] analysis.go func2:126 [raaise-18-06] nb1 classified 1.220668772s 
2025-07-16 03:23:28 [37m[DEBUG][0m [PID-15] analysis.go func2:126 [raaise-18-06] nb1 classified 1.94503251s 
2025-07-16 03:23:28 [37m[DEBUG][0m [PID-15] analysis.go AnalyzeSensorData:222 [raaise-18-06] analyzed in 1.945913589s 
2025-07-16 03:23:28 [31m[ERROR][0m [PID-15] analysis.go AnalyzeSensorData:222 problem analyzing: no predictions 
2025-07-16 03:23:28 [33m[WARN][0m [PID-15] calibration.go func1:202 problem with machine learnaing: problem analyzing: no predictions: {Timestamp:1750221653650 Family:raaise-18-06 Device:user 2 Location:a02 Sensors:map[bluetooth:map[] wifi:map[ec:f4:0c:2f:57:df:-88 38:91:b7:1c:76:50:-62 38:91:b7:1c:08:4f:-71 38:91:b7:19:2e:4f:-76 38:91:b7:1c:66:0d:-53 00:df:1d:de:de:ff:-73 38:91:b7:1c:76:5d:-73 38:91:b7:1c:01:be:-64 18:a6:f7:21:47:c6:-97 62:61:b4:88:79:ce:-69 38:91:b7:1c:66:0e:-53 9c:a2:f4:58:88:db:-76 6c:cd:d6:ca:90:e2:-68 00:df:1d:de:de:f3:-66 54:af:97:56:4d:dd:-73 6c:cd:d6:ca:90:e1:-74 00:df:1d:de:de:fc:-73 38:91:b7:19:2e:4c:-76 38:91:b7:1c:08:4e:-71 5e:62:8b:28:95:da:-47 38:91:b7:1c:76:51:-61 50:91:e3:f8:87:2b:-73 38:91:b7:1a:22:ee:-81 5e:62:8b:28:93:ae:-46 00:df:1d:de:de:fe:-73 5c:62:8b:68:98:fb:-69 38:91:b7:1c:76:5c:-73 38:91:b7:1c:01:bf:-64 5e:62:8b:28:93:af:-53 38:91:b7:1c:01:bc:-64 5c:62:8b:68:93:ae:-46 54:af:97:56:4d:dc:-74 00:df:1d:de:de:f2:-66 38:91:b7:1c:76:53:-62 5e:62:8b:28:99:e3:-65 00:df:1d:de:de:f1:-64 38:91:b7:1c:0b:df:-69 50:91:e3:f8:87:29:-63 1c:61:b4:88:79:ca:-74 9a:61:b4:88:79:cc:-76 38:91:b7:1a:22:ed:-81 1c:61:b4:88:79:cb:-69 38:91:b7:1c:76:52:-61 5e:62:8b:28:98:fb:-68 ec:f4:0c:2f:57:dc:-88 5e:62:8b:28:95:db:-49 38:91:b7:1c:76:5e:-73 38:91:b7:1c:76:5f:-73 52:91:e3:78:87:29:-73 38:91:b7:1a:22:ec:-81 38:91:b7:19:2e:4e:-76 38:91:b7:1a:22:ef:-80 38:91:b7:1c:66:0c:-53 aa:61:b4:88:79:cf:-75 5e:62:8b:28:97:af:-67 5c:62:8b:68:97:af:-68 1c:61:b4:88:79:cc:-75 ec:f4:0c:2f:57:dd:-88 38:91:b7:1c:0b:dd:-69 ec:f4:0c:2f:57:de:-89 38:91:b7:1c:08:4c:-71 38:91:b7:19:2e:4d:-76 38:91:b7:1c:0b:dc:-69 38:91:b7:1c:0b:de:-69 38:91:b7:1c:01:bd:-64 00:df:1d:de:de:fd:-73 5c:62:8b:68:99:e3:-65 38:91:b7:1c:08:4d:-71 38:91:b7:1c:66:0f:-53]] GPS:{Latitude:0 Longitude:0 Altitude:0}} 
2025-07-16 03:23:28 [37m[DEBUG][0m [PID-15] analysis.go func1:112 [raaise-18-06] python classified 622.0195ms 
2025-07-16 03:23:28 [37m[DEBUG][0m [PID-15] analysis.go func2:126 [raaise-18-06] nb1 classified 1.416368784s 
2025-07-16 03:23:28 [37m[DEBUG][0m [PID-15] analysis.go AnalyzeSensorData:222 [raaise-18-06] analyzed in 1.417425697s 
2025-07-16 03:23:29 [31m[ERROR][0m [PID-15] analysis.go AnalyzeSensorData:222 problem analyzing: no predictions 
2025-07-16 03:23:29 [33m[WARN][0m [PID-15] calibration.go func1:202 problem with machine learnaing: problem analyzing: no predictions: {Timestamp:1750229005596 Family:raaise-18-06 Device:user 2 Location:a02 Sensors:map[bluetooth:map[] wifi:map[38:91:b7:1a:22:ec:-84 00:df:1d:de:de:fe:-72 38:91:b7:1c:66:0e:-55 38:91:b7:1c:0b:df:-63 38:91:b7:1c:76:5e:-74 5c:62:8b:68:93:af:-45 5c:62:8b:68:97:ae:-63 38:91:b7:1c:66:0f:-55 38:91:b7:19:2e:4e:-77 1c:61:b4:88:79:cc:-76 38:91:b7:1a:22:e1:-73 38:91:b7:1c:76:5c:-74 38:91:b7:1c:66:0c:-55 00:df:1d:de:de:f0:-63 00:df:1d:de:de:fc:-73 38:91:b7:1c:76:53:-56 54:af:97:56:4d:dd:-75 38:91:b7:1c:01:bc:-65 5e:62:8b:28:97:af:-62 00:df:1d:de:de:f2:-61 5c:62:8b:68:98:fa:-72 5e:62:8b:28:93:af:-46 5c:62:8b:68:99:e3:-68 5e:62:8b:28:93:ae:-57 9c:a2:f4:58:88:db:-75 aa:61:b4:88:79:ce:-76 38:91:b7:1c:76:52:-58 38:91:b7:1c:01:bd:-65 38:91:b7:1c:76:50:-58 38:91:b7:1c:08:4c:-68 6c:cd:d6:ca:90:e2:-74 ec:f4:0c:2f:57:de:-88 00:df:1d:de:de:f1:-61 38:91:b7:1c:76:51:-57 ec:f4:0c:2f:57:dd:-88 38:91:b7:19:2e:4f:-77 00:df:1d:de:de:ff:-72 ec:f4:0c:2f:57:df:-88 38:91:b7:1a:22:ef:-84 aa:61:b4:88:79:cf:-76 5e:62:8b:28:95:db:-49 1c:61:b4:88:79:ca:-71 1c:61:b4:88:79:cb:-70 00:df:1d:de:de:f3:-62 38:91:b7:1a:22:e3:-73 ec:f4:0c:2f:57:dc:-88 38:91:b7:1c:01:bf:-65 38:91:b7:1a:22:ee:-84 38:91:b7:1c:08:4e:-68 5e:62:8b:28:98:fb:-76 5e:62:8b:28:99:e3:-68 38:91:b7:1c:08:4d:-68 38:91:b7:1c:01:be:-65 5e:62:8b:28:97:ae:-64 38:91:b7:1c:76:5d:-74 6c:cd:d6:ca:90:e1:-69 38:91:b7:1c:66:0d:-55 38:91:b7:1a:22:e0:-73 54:af:97:56:4d:dc:-74 38:91:b7:1c:08:4f:-68 38:91:b7:1c:0b:dc:-63 86:69:93:27:ad:35:-79 00:df:1d:de:de:fd:-73 62:61:b4:88:79:ce:-69 50:91:e3:f8:87:2b:-78 38:91:b7:1c:76:5f:-74 38:91:b7:1c:0b:dd:-63 38:91:b7:19:2e:4d:-77 38:91:b7:1a:22:ed:-84 5c:62:8b:68:98:fb:-77 9a:61:b4:88:79:cc:-71 38:91:b7:19:2e:4c:-77 38:91:b7:1c:0b:de:-64 38:91:b7:1a:22:e2:-74 5c:62:8b:68:97:af:-61 52:91:e3:78:87:29:-77]] GPS:{Latitude:0 Longitude:0 Altitude:0}} 
2025-07-16 03:23:29 [31m[ERROR][0m [PID-15] analysis.go AnalyzeSensorData:222 problem analyzing: no predictions 
2025-07-16 03:23:29 [33m[WARN][0m [PID-15] calibration.go func1:202 problem with machine learnaing: problem analyzing: no predictions: {Timestamp:1750228790586 Family:raaise-18-06 Device:user 2 Location:a02 Sensors:map[bluetooth:map[] wifi:map[38:91:b7:1c:08:4d:-68 6c:cd:d6:ca:90:e1:-67 5e:62:8b:28:97:af:-63 38:91:b7:1c:76:50:-58 38:91:b7:1a:9d:23:-90 38:91:b7:1c:08:4f:-69 5e:62:8b:28:93:af:-44 5c:62:8b:68:95:db:-48 38:91:b7:1c:0b:dd:-63 ec:f4:0c:2f:57:de:-87 00:df:1d:de:de:f1:-62 9c:a2:f4:58:88:db:-75 38:91:b7:1c:08:4e:-69 00:df:1d:de:de:fe:-73 38:91:b7:1c:08:4c:-68 38:91:b7:1c:76:53:-58 38:91:b7:1c:01:bc:-65 00:df:1d:de:de:fc:-73 38:91:b7:1a:22:e1:-74 5e:62:8b:28:95:db:-48 38:91:b7:1c:01:bf:-65 00:df:1d:de:de:f3:-62 38:91:b7:19:2e:4d:-76 38:91:b7:19:2e:4f:-76 6c:cd:d6:ca:90:e2:-74 38:91:b7:19:2e:4c:-76 00:df:1d:de:de:fd:-73 00:df:1d:de:de:f0:-62 5e:62:8b:28:97:ae:-61 38:91:b7:1a:22:ed:-84 38:91:b7:1a:22:ec:-84 38:91:b7:1c:0b:de:-63 38:91:b7:1c:76:51:-58 38:91:b7:1c:0b:df:-63 38:91:b7:1c:76:5c:-74 ec:f4:0c:2f:57:dc:-87 38:91:b7:1c:01:bd:-65 38:91:b7:1a:22:e2:-76 38:91:b7:1a:9d:22:-90 38:91:b7:1c:76:52:-58 00:df:1d:de:de:f2:-62 38:91:b7:1a:22:e0:-74 38:91:b7:1c:76:5e:-74 38:91:b7:1a:22:ee:-85 00:df:1d:de:de:ff:-73 38:91:b7:1a:22:ef:-85 50:91:e3:f8:87:2b:-78 38:91:b7:1a:22:e3:-76 54:af:97:56:4d:dc:-75 5c:62:8b:68:99:e2:-70 38:91:b7:19:2e:4e:-76 ec:f4:0c:2f:57:df:-87 ec:f4:0c:2f:57:dd:-87 5e:62:8b:28:95:da:-39 38:91:b7:1c:01:be:-65 38:91:b7:1a:9d:21:-89 38:91:b7:1c:76:5d:-75 38:91:b7:1c:0b:dc:-63 38:91:b7:1c:76:5f:-75]] GPS:{Latitude:0 Longitude:0 Altitude:0}} 
2025-07-16 03:23:29 [37m[DEBUG][0m [PID-15] analysis.go func1:112 [raaise-18-06] python classified 597.517315ms 
2025-07-16 03:23:29 [37m[DEBUG][0m [PID-15] analysis.go func2:126 [raaise-18-06] nb1 classified 1.848252224s 
2025-07-16 03:23:29 [37m[DEBUG][0m [PID-15] analysis.go AnalyzeSensorData:222 [raaise-18-06] analyzed in 1.849179044s 
2025-07-16 03:23:29 [37m[DEBUG][0m [PID-15] analysis.go func2:126 [raaise-18-06] nb1 classified 1.566596942s 
2025-07-16 03:23:29 [37m[DEBUG][0m [PID-15] analysis.go func1:112 [raaise-18-06] python classified 605.547127ms 
2025-07-16 03:23:29 [37m[DEBUG][0m [PID-15] analysis.go func2:126 [raaise-18-06] nb1 classified 1.884452384s 
2025-07-16 03:23:29 [37m[DEBUG][0m [PID-15] analysis.go func1:112 [raaise-18-06] python classified 562.408637ms 
2025-07-16 03:23:29 [31m[ERROR][0m [PID-15] analysis.go AnalyzeSensorData:222 problem analyzing: no predictions 
2025-07-16 03:23:29 [33m[WARN][0m [PID-15] calibration.go func1:202 problem with machine learnaing: problem analyzing: no predictions: {Timestamp:1750221303649 Family:raaise-18-06 Device:user 2 Location:a02 Sensors:map[bluetooth:map[] wifi:map[38:91:b7:1a:22:ee:-80 62:61:b4:88:79:ce:-68 5c:62:8b:68:95:da:-52 38:91:b7:1c:76:5c:-71 5c:62:8b:68:98:fb:-71 50:91:e3:f8:87:2b:-75 38:91:b7:1c:66:0c:-51 38:91:b7:1c:76:51:-65 38:91:b7:1c:01:bf:-64 38:91:b7:1c:0b:dc:-71 38:91:b7:1c:08:4f:-59 00:df:1d:de:de:f1:-65 52:91:e3:78:87:29:-74 38:91:b7:1c:76:50:-64 1a:61:b4:ac:59:58:-96 38:91:b7:1c:66:0d:-50 00:df:1d:de:de:fe:-67 38:91:b7:1c:01:bd:-64 00:df:1d:de:de:f3:-65 38:91:b7:1a:22:ed:-81 38:91:b7:1a:22:ef:-81 5c:62:8b:68:95:db:-51 38:91:b7:1c:0b:de:-71 38:91:b7:19:2e:4c:-80 52:91:e3:28:87:29:-66 38:91:b7:19:2e:4e:-80 5e:62:8b:28:97:af:-66 00:df:1d:de:de:ff:-67 38:91:b7:1c:0b:dd:-71 54:af:97:56:4d:dc:-77 ec:f4:0c:2f:57:dc:-85 5e:62:8b:28:98:fb:-70 38:91:b7:1c:76:5e:-71 5e:62:8b:28:95:da:-53 38:91:b7:1c:01:be:-64 6c:cd:d6:ca:90:e1:-64 00:df:1d:de:de:fc:-70 5c:62:8b:68:97:ae:-64 38:91:b7:1c:08:4d:-60 38:91:b7:1c:76:52:-66 38:91:b7:1a:22:ec:-80 38:91:b7:19:2e:4d:-74 50:91:e3:f8:87:29:-66 00:df:1d:de:de:f2:-65 9c:a2:f4:58:88:db:-79 38:91:b7:1c:08:4c:-60 1c:61:b4:88:79:cb:-70 5c:62:8b:68:97:af:-66 ec:f4:0c:2f:57:df:-85 00:df:1d:de:de:f0:-65 54:af:97:56:4d:dd:-73 38:91:b7:1c:0b:df:-71 38:91:b7:1c:76:5d:-71 6c:cd:d6:ca:90:e2:-73 5c:62:8b:68:93:af:-45 38:91:b7:1c:01:bc:-64 38:91:b7:1c:76:5f:-71 5e:62:8b:28:93:af:-44 5e:62:8b:28:99:e3:-65 00:df:1d:de:de:fd:-70 1c:61:b4:88:79:ca:-77 9a:61:b4:88:79:cc:-77 38:91:b7:1c:66:0e:-51 5c:62:8b:68:99:e3:-67 ec:f4:0c:2f:57:de:-85 38:91:b7:1c:66:0f:-51 38:91:b7:19:2e:4f:-74 5e:62:8b:28:93:ae:-42 38:91:b7:1c:08:4e:-59 38:91:b7:1c:76:53:-65 5e:62:8b:28:95:db:-55 ec:f4:0c:2f:57:dd:-85]] GPS:{Latitude:0 Longitude:0 Altitude:0}} 
2025-07-16 03:23:29 [37m[DEBUG][0m [PID-15] analysis.go func1:112 [raaise-18-06] python classified 730.218247ms 
2025-07-16 03:23:29 [37m[DEBUG][0m [PID-15] analysis.go func2:126 [raaise-18-06] nb1 classified 1.943522228s 
2025-07-16 03:23:29 [37m[DEBUG][0m [PID-15] analysis.go AnalyzeSensorData:222 [raaise-18-06] analyzed in 1.944426625s 
2025-07-16 03:23:29 [31m[ERROR][0m [PID-15] analysis.go AnalyzeSensorData:222 problem analyzing: no predictions 
2025-07-16 03:23:29 [33m[WARN][0m [PID-15] calibration.go func1:202 problem with machine learnaing: problem analyzing: no predictions: {Timestamp:1750221622652 Family:raaise-18-06 Device:intruder Location:a02 Sensors:map[bluetooth:map[] wifi:map[52:91:e3:78:87:29:-73 38:91:b7:1c:0b:de:-65 38:91:b7:1c:0b:df:-65 38:91:b7:1c:0b:dc:-65 38:91:b7:1c:08:4f:-67 5c:62:8b:68:93:af:-49 5e:62:8b:28:97:af:-62 52:91:e3:28:87:29:-64 6c:cd:d6:ca:90:e2:-72 54:af:97:56:4d:dc:-75 62:61:b4:88:79:ce:-70 1c:61:b4:88:79:cb:-70 00:df:1d:de:de:ff:-64 ec:f4:0c:2f:57:dc:-84 ec:f4:0c:2f:57:df:-85 38:91:b7:1c:76:50:-61 6c:cd:d6:ca:90:e1:-65 38:91:b7:1c:76:51:-61 1c:61:b4:88:79:ca:-71 38:91:b7:1c:08:4d:-66 5c:62:8b:68:95:db:-46 38:91:b7:1c:76:52:-61 38:91:b7:1c:08:4e:-66 38:91:b7:1c:66:0d:-42 38:91:b7:19:2e:4c:-75 38:91:b7:1c:66:0e:-42 ec:f4:0c:2f:57:dd:-85 38:91:b7:1c:0b:dd:-66 38:91:b7:1c:08:4c:-66 38:91:b7:19:2e:4e:-75 00:df:1d:de:de:f0:-63 5e:62:8b:28:95:db:-46 5e:62:8b:28:93:af:-49 00:df:1d:de:de:fe:-64 9c:a2:f4:58:88:db:-81 38:91:b7:19:2e:4f:-75 54:af:97:56:4d:dd:-77 38:91:b7:1c:66:0f:-42 38:91:b7:1c:66:0c:-42 38:91:b7:19:2e:4d:-75 9a:61:b4:88:79:cc:-71 38:91:b7:1c:76:53:-61 50:91:e3:f8:87:29:-69 00:df:1d:de:de:fc:-64 00:df:1d:de:de:fd:-64 ec:f4:0c:2f:57:de:-85 50:91:e3:f8:87:2b:-73 5e:62:8b:28:95:da:-53 00:df:1d:de:de:f1:-63]] GPS:{Latitude:0 Longitude:0 Altitude:0}} 
2025-07-16 03:23:29 [37m[DEBUG][0m [PID-15] analysis.go func2:126 [raaise-18-06] nb1 classified 2.133216693s 
2025-07-16 03:23:30 [37m[DEBUG][0m [PID-15] analysis.go func2:126 [raaise-18-06] nb1 classified 2.547686424s 
2025-07-16 03:23:30 [37m[DEBUG][0m [PID-15] analysis.go func2:126 [raaise-18-06] nb1 classified 2.43865119s 
2025-07-16 03:23:30 [37m[DEBUG][0m [PID-15] analysis.go func2:126 [raaise-18-06] nb1 classified 1.958415036s 
2025-07-16 03:23:30 [37m[DEBUG][0m [PID-15] analysis.go func1:112 [raaise-18-06] python classified 595.260044ms 
2025-07-16 03:23:30 [31m[ERROR][0m [PID-15] analysis.go AnalyzeSensorData:222 problem analyzing: no predictions 
2025-07-16 03:23:30 [33m[WARN][0m [PID-15] calibration.go func1:202 problem with machine learnaing: problem analyzing: no predictions: {Timestamp:1750229053010 Family:raaise-18-06 Device:user 1 Location:a02 Sensors:map[bluetooth:map[] wifi:map[38:91:b7:1c:76:52:-62 5e:62:8b:28:93:af:-48 00:df:1d:de:de:fc:-70 38:91:b7:1c:08:4d:-69 00:df:1d:de:de:f0:-64 5e:62:8b:28:95:da:-59 38:91:b7:1c:0b:dc:-71 38:91:b7:1c:0b:dd:-71 ec:f4:0c:2f:57:dd:-91 38:91:b7:1c:0b:de:-71 38:91:b7:19:2e:4d:-80 5e:62:8b:28:97:af:-65 5e:62:8b:28:93:ae:-53 38:91:b7:1c:76:51:-61 54:af:97:56:4d:dd:-87 50:91:e3:f8:87:2b:-76 38:91:b7:19:2e:4e:-80 6c:cd:d6:ca:90:e2:-79 5e:62:8b:28:95:db:-53 6c:cd:d6:ca:90:e1:-72 1c:61:b4:88:79:ca:-76 54:af:97:56:4d:dc:-74 38:91:b7:1c:08:4e:-69 38:91:b7:1c:76:50:-62 5c:62:8b:68:95:da:-56 38:91:b7:1c:0b:df:-71 38:91:b7:19:2e:4c:-80 00:df:1d:de:de:f1:-64 00:df:1d:de:de:fd:-71 00:df:1d:de:de:fe:-70 ec:f4:0c:2f:57:df:-92 00:df:1d:de:de:ff:-70 38:91:b7:19:2e:4f:-80 ec:f4:0c:2f:57:de:-92 38:91:b7:1c:08:4f:-69 00:df:1d:de:de:f2:-65 38:91:b7:1c:08:4c:-69 5c:62:8b:68:95:db:-53 00:df:1d:de:de:f3:-62 38:91:b7:1c:76:53:-62 ec:f4:0c:2f:57:dc:-91]] GPS:{Latitude:0 Longitude:0 Altitude:0}} 
2025-07-16 03:23:30 [37m[DEBUG][0m [PID-15] analysis.go func1:112 [raaise-18-06] python classified 607.877743ms 
2025-07-16 03:23:30 [37m[DEBUG][0m [PID-15] analysis.go func2:126 [raaise-18-06] nb1 classified 2.278651639s 
2025-07-16 03:23:30 [37m[DEBUG][0m [PID-15] analysis.go AnalyzeSensorData:222 [raaise-18-06] analyzed in 2.279572827s 
2025-07-16 03:23:30 [31m[ERROR][0m [PID-15] analysis.go AnalyzeSensorData:222 problem analyzing: no predictions 
2025-07-16 03:23:30 [33m[WARN][0m [PID-15] calibration.go func1:202 problem with machine learnaing: problem analyzing: no predictions: {Timestamp:1751935267634 Family:raaise-18-06 Device:user 3 Location:a03 Sensors:map[bluetooth:map[] wifi:map[5e:62:8b:28:95:db:-63 00:df:1d:de:de:f3:-71 5e:62:8b:28:93:ae:-34 38:91:b7:1c:01:bc:-63 38:91:b7:1a:22:e0:-67 5c:62:8b:68:99:e3:-68 38:91:b7:1a:22:e1:-68 ec:f4:0c:2f:57:dc:-85 38:91:b7:1c:66:0e:-63 ec:f4:0c:2f:57:de:-85 5e:62:8b:28:99:e3:-68 38:91:b7:1c:76:5c:-80 5e:62:8b:28:97:af:-61 38:91:b7:1c:76:51:-73 38:91:b7:1c:08:4c:-53 38:91:b7:1c:66:0d:-63 00:df:1d:de:de:f0:-70 50:91:e3:f8:87:29:-66 38:91:b7:1c:66:0c:-63 62:61:b4:88:79:ce:-70 38:91:b7:1c:08:4d:-53 38:91:b7:1a:22:e2:-67 1c:61:b4:88:79:cb:-68 54:af:97:56:4d:dd:-76 38:91:b7:1c:08:4f:-53 5c:62:8b:68:95:db:-63 5c:62:8b:68:98:fb:-69 50:91:e3:f8:87:2b:-72 1c:61:b4:88:79:ca:-73 5e:62:8b:28:99:e2:-60 38:91:b7:1c:76:5d:-81 38:91:b7:1c:01:be:-63 38:91:b7:1c:01:bf:-64 52:91:e3:78:87:29:-71 38:91:b7:1c:76:5e:-81 38:91:b7:1c:66:0f:-63 38:91:b7:1c:76:5f:-81 38:91:b7:1a:22:e3:-67 ec:f4:0c:2f:57:df:-85 ec:f4:0c:2f:57:dd:-85 5e:62:8b:28:93:af:-45 5e:62:8b:28:98:fb:-68 00:df:1d:de:de:f1:-73 38:91:b7:1c:01:bd:-63 6c:cd:d6:ca:90:e1:-62 38:91:b7:1c:08:4e:-53 54:af:97:56:4d:dc:-71 5c:62:8b:68:93:af:-44]] GPS:{Latitude:0 Longitude:0 Altitude:0}} 
2025-07-16 03:23:30 [37m[DEBUG][0m [PID-15] analysis.go func2:126 [raaise-18-06] nb1 classified 2.757981913s 
2025-07-16 03:23:30 [37m[DEBUG][0m [PID-15] analysis.go func2:126 [raaise-18-06] nb1 classified 1.932391829s 
2025-07-16 03:23:30 [37m[DEBUG][0m [PID-15] analysis.go AnalyzeSensorData:222 [raaise-18-06] analyzed in 1.933294874s 
2025-07-16 03:23:31 [37m[DEBUG][0m [PID-15] analysis.go func2:126 [raaise-18-06] nb1 classified 2.681176046s 
2025-07-16 03:23:31 [37m[DEBUG][0m [PID-15] analysis.go func2:126 [raaise-18-06] nb1 classified 3.193011282s 
2025-07-16 03:23:31 [37m[DEBUG][0m [PID-15] analysis.go AnalyzeSensorData:222 [raaise-18-06] analyzed in 3.19386794s 
2025-07-16 03:23:31 [37m[DEBUG][0m [PID-15] analysis.go func2:126 [raaise-18-06] nb1 classified 2.228059058s 
2025-07-16 03:23:31 [37m[DEBUG][0m [PID-15] analysis.go func2:126 [raaise-18-06] nb1 classified 1.426862775s 
2025-07-16 03:23:31 [37m[DEBUG][0m [PID-15] analysis.go func2:126 [raaise-18-06] nb1 classified 2.705939723s 
2025-07-16 03:23:31 [31m[ERROR][0m [PID-15] analysis.go AnalyzeSensorData:222 problem analyzing: no predictions 
2025-07-16 03:23:31 [33m[WARN][0m [PID-15] calibration.go func1:202 problem with machine learnaing: problem analyzing: no predictions: {Timestamp:1750219058543 Family:raaise-18-06 Device:user 1 Location:a03 Sensors:map[bluetooth:map[] wifi:map[52:91:e3:28:87:29:-64 9a:61:b4:88:79:cc:-68 38:91:b7:19:2e:4f:-71 00:df:1d:de:de:ff:-73 5c:62:8b:68:97:af:-63 52:91:e3:78:87:29:-68 5c:62:8b:68:95:da:-57 38:91:b7:1c:76:53:-72 5e:62:8b:28:99:e3:-61 50:91:e3:f8:87:2b:-68 38:91:b7:19:2e:4d:-71 9c:a2:f4:58:88:db:-73 ec:f4:0c:2f:57:de:-80 ec:f4:0c:2f:57:df:-81 38:91:b7:1c:08:4e:-53 aa:61:b4:88:79:cf:-67 ec:f4:0c:2f:57:dc:-80 38:91:b7:1c:0b:de:-67 38:91:b7:1c:76:51:-73 54:af:97:56:4d:dc:-71 ec:f4:0c:2f:57:dd:-80 6c:cd:d6:ca:90:e1:-65 5e:62:8b:28:95:da:-56 1c:61:b4:88:79:cc:-68 38:91:b7:1c:76:50:-73 aa:61:b4:88:79:ce:-68 38:91:b7:19:2e:4e:-71 00:df:1d:de:de:fd:-73 38:91:b7:1c:76:52:-70 38:91:b7:1c:0b:df:-67 5e:62:8b:28:93:ae:-39 38:91:b7:19:2e:4c:-71 5e:62:8b:28:98:fb:-66 5e:62:8b:28:93:af:-44 50:91:e3:f8:87:29:-64 5c:62:8b:68:99:e3:-61 00:df:1d:de:de:fe:-74 5e:62:8b:28:97:af:-62 e6:ff:ae:35:a9:69:-75 38:91:b7:1c:08:4c:-53 5c:62:8b:68:98:fb:-67 38:91:b7:1c:0b:dd:-67 1c:61:b4:88:79:ca:-70 38:91:b7:1c:0b:dc:-67 00:df:1d:de:de:fc:-73 6c:cd:d6:ca:90:e2:-62 38:91:b7:1c:08:4d:-53 38:91:b7:1c:08:4f:-53]] GPS:{Latitude:0 Longitude:0 Altitude:0}} 
2025-07-16 03:23:31 [37m[DEBUG][0m [PID-15] analysis.go AnalyzeSensorData:222 [raaise-18-06] analyzed in 2.385219307s 
2025-07-16 03:23:31 [37m[DEBUG][0m [PID-15] analysis.go func2:126 [raaise-18-06] nb1 classified 1.495836925s 
2025-07-16 03:23:31 [37m[DEBUG][0m [PID-15] analysis.go func2:126 [raaise-18-06] nb1 classified 2.317671083s 
2025-07-16 03:23:31 [37m[DEBUG][0m [PID-15] analysis.go AnalyzeSensorData:222 [raaise-18-06] analyzed in 2.876991882s 
2025-07-16 03:23:31 [37m[DEBUG][0m [PID-15] analysis.go AnalyzeSensorData:222 [raaise-18-06] analyzed in 1.693804363s 
2025-07-16 03:23:31 [37m[DEBUG][0m [PID-15] analysis.go AnalyzeSensorData:222 [raaise-18-06] analyzed in 2.429889277s 
2025-07-16 03:23:31 [31m[ERROR][0m [PID-15] analysis.go AnalyzeSensorData:222 problem analyzing: no predictions 
2025-07-16 03:23:31 [33m[WARN][0m [PID-15] calibration.go func1:202 problem with machine learnaing: problem analyzing: no predictions: {Timestamp:1751933400853 Family:raaise-18-06 Device:user 1 Location:a03 Sensors:map[bluetooth:map[] wifi:map[9c:a2:f4:58:88:db:-77 5c:62:8b:68:93:ae:-37 5e:62:8b:28:93:ae:-38 38:91:b7:1c:76:52:-69 1c:61:b4:88:79:ca:-75 00:df:1d:de:de:fd:-73 38:91:b7:1c:08:4d:-57 5e:62:8b:28:97:af:-58 50:91:e3:f8:87:2b:-76 5e:62:8b:28:98:fb:-69 ec:f4:0c:2f:57:dc:-82 5e:62:8b:28:93:af:-40 5c:62:8b:68:97:af:-58 38:91:b7:1c:0b:dd:-69 38:91:b7:1c:08:4f:-56 00:df:1d:de:de:fe:-73 38:91:b7:19:2e:4d:-75 ec:f4:0c:2f:57:dd:-82 38:91:b7:1c:0b:de:-69 38:91:b7:1c:66:0c:-66 00:df:1d:de:de:ff:-73 38:91:b7:19:2e:4f:-75 5e:62:8b:28:95:db:-58 38:91:b7:1c:08:4c:-56 00:df:1d:de:de:fc:-73 38:91:b7:1c:66:0d:-66 1c:61:b4:88:79:cb:-69 5e:62:8b:28:99:e3:-60 52:91:e3:28:87:29:-60 38:91:b7:1c:66:0e:-66 38:91:b7:1c:66:0f:-66 ec:f4:0c:2f:57:df:-82 38:91:b7:19:2e:4c:-75 38:91:b7:1c:0b:dc:-68 62:61:b4:88:79:ce:-70 38:91:b7:1c:76:50:-67 5e:62:8b:28:98:fa:-53 38:91:b7:19:2e:4e:-75 38:91:b7:1c:08:4e:-56 38:91:b7:1c:76:53:-69 38:91:b7:1c:76:51:-69 38:91:b7:1c:0b:df:-70 ec:f4:0c:2f:57:de:-83 6c:cd:d6:ca:90:e1:-58 54:af:97:56:4d:dc:-73 52:91:e3:78:87:29:-76]] GPS:{Latitude:0 Longitude:0 Altitude:0}} 
2025-07-16 03:23:31 [37m[DEBUG][0m [PID-15] analysis.go func1:112 [raaise-18-06] python classified 522.588754ms 
2025-07-16 03:23:31 [31m[ERROR][0m [PID-15] analysis.go AnalyzeSensorData:222 problem analyzing: no predictions 
2025-07-16 03:23:31 [33m[WARN][0m [PID-15] calibration.go func1:202 problem with machine learnaing: problem analyzing: no predictions: {Timestamp:1750218998545 Family:raaise-18-06 Device:user 1 Location:a03 Sensors:map[bluetooth:map[] wifi:map[9c:a2:f4:58:88:db:-77 5e:62:8b:28:98:fb:-68 52:91:e3:78:87:29:-67 00:df:1d:de:de:fd:-75 50:91:e3:f8:87:2b:-67 5c:62:8b:68:98:fb:-70 38:91:b7:19:2e:4d:-75 38:91:b7:1c:76:50:-68 5c:62:8b:68:99:e2:-62 00:df:1d:de:de:fe:-75 6c:cd:d6:ca:90:e1:-67 5e:62:8b:28:93:ae:-32 38:91:b7:19:2e:4e:-75 1c:61:b4:88:79:ca:-71 aa:61:b4:88:79:cf:-75 ec:f4:0c:2f:57:dd:-82 00:df:1d:de:de:f3:-61 00:df:1d:de:de:fc:-75 1c:61:b4:88:79:cc:-75 38:91:b7:1c:08:4c:-50 38:91:b7:1c:76:53:-69 5e:62:8b:28:93:af:-34 38:91:b7:1c:08:4f:-50 38:91:b7:1c:08:4d:-50 38:91:b7:19:2e:4c:-75 00:df:1d:de:de:f1:-61 ec:f4:0c:2f:57:de:-82 38:91:b7:1c:76:52:-69 86:69:93:27:ad:35:-72 5c:62:8b:68:97:ae:-61 5e:62:8b:28:95:da:-50 38:91:b7:19:2e:4f:-75 54:af:97:56:4d:dc:-71 6c:cd:d6:ca:90:e2:-61 9a:61:b4:88:79:cc:-71 38:91:b7:1c:0b:dc:-69 38:91:b7:1c:0b:dd:-69 ec:f4:0c:2f:57:df:-82 5e:62:8b:28:97:af:-59 38:91:b7:1c:0b:df:-69 5e:62:8b:28:99:e3:-65 00:df:1d:de:de:f0:-60 00:df:1d:de:de:f2:-61 00:df:1d:de:de:ff:-75 38:91:b7:1c:08:4e:-50 5e:62:8b:28:95:db:-57 50:91:e3:f8:87:29:-60 52:91:e3:28:87:29:-60 38:91:b7:1c:76:51:-69 5c:62:8b:68:99:e3:-65 ec:f4:0c:2f:57:dc:-82 38:91:b7:1c:0b:de:-69]] GPS:{Latitude:0 Longitude:0 Altitude:0}} 
2025-07-16 03:23:31 [37m[DEBUG][0m [PID-15] analysis.go func2:126 [raaise-18-06] nb1 classified 2.443375518s 
2025-07-16 03:23:31 [37m[DEBUG][0m [PID-15] analysis.go func1:112 [raaise-18-06] python classified 501.742992ms 
2025-07-16 03:23:31 [37m[DEBUG][0m [PID-15] analysis.go func2:126 [raaise-18-06] nb1 classified 1.891698321s 
2025-07-16 03:23:31 [37m[DEBUG][0m [PID-15] analysis.go AnalyzeSensorData:222 [raaise-18-06] analyzed in 1.892674057s 
2025-07-16 03:23:31 [31m[ERROR][0m [PID-15] analysis.go AnalyzeSensorData:222 problem analyzing: no predictions 
2025-07-16 03:23:31 [33m[WARN][0m [PID-15] calibration.go func1:202 problem with machine learnaing: problem analyzing: no predictions: {Timestamp:1751933435859 Family:raaise-18-06 Device:user 1 Location:a03 Sensors:map[bluetooth:map[] wifi:map[6c:cd:d6:ca:90:e2:-69 38:91:b7:1a:22:ec:-79 5e:62:8b:28:99:e2:-57 5c:62:8b:68:93:af:-42 5c:62:8b:68:98:fb:-70 ec:f4:0c:2f:57:df:-83 aa:61:b4:88:79:ce:-77 aa:61:b4:88:79:cf:-76 5c:62:8b:68:99:e3:-60 38:91:b7:1c:0b:df:-70 62:61:b4:88:79:ce:-69 5c:62:8b:68:95:db:-59 00:df:1d:de:de:fd:-73 38:91:b7:1c:66:0c:-67 38:91:b7:1c:66:0e:-67 ec:f4:0c:2f:57:dd:-83 38:91:b7:1c:0b:dc:-69 9c:a2:f4:58:88:db:-74 00:df:1d:de:de:fc:-73 ec:f4:0c:2f:57:de:-82 38:91:b7:1c:66:0f:-67 50:91:e3:f8:87:2b:-76 38:91:b7:1c:0b:dd:-69 38:91:b7:1c:66:0d:-67 38:91:b7:19:2e:4c:-74 00:df:1d:de:de:fe:-73 38:91:b7:1c:0b:de:-69 38:91:b7:1a:22:ee:-79 38:91:b7:1c:08:4d:-56 ec:f4:0c:2f:57:dc:-83 1c:61:b4:88:79:cc:-77 38:91:b7:1c:08:4c:-56 54:af:97:56:4d:dc:-72 38:91:b7:1a:22:ed:-79 38:91:b7:1a:22:ef:-79 38:91:b7:1c:08:4f:-56 38:91:b7:1c:08:4e:-56 1c:61:b4:88:79:ca:-74 38:91:b7:19:2e:4f:-74 5e:62:8b:28:93:ae:-36 52:91:e3:78:87:29:-76 5e:62:8b:28:95:db:-60 38:91:b7:19:2e:4e:-74 00:df:1d:de:de:ff:-73 5e:62:8b:28:93:af:-42 1c:61:b4:88:79:cb:-69 38:91:b7:19:2e:4d:-74]] GPS:{Latitude:0 Longitude:0 Altitude:0}} 
2025-07-16 03:23:31 [37m[DEBUG][0m [PID-15] analysis.go func1:112 [raaise-18-06] python classified 453.622ms 
2025-07-16 03:23:32 [31m[ERROR][0m [PID-15] analysis.go AnalyzeSensorData:222 problem analyzing: no predictions 
2025-07-16 03:23:32 [33m[WARN][0m [PID-15] calibration.go func1:202 problem with machine learnaing: problem analyzing: no predictions: {Timestamp:1751934455857 Family:raaise-18-06 Device:user 1 Location:a03 Sensors:map[bluetooth:map[] wifi:map[38:91:b7:1c:66:0c:-67 aa:61:b4:88:79:cf:-70 5c:62:8b:68:98:fb:-69 5e:62:8b:28:98:fb:-69 1c:61:b4:88:79:cb:-70 ec:f4:0c:2f:57:de:-83 38:91:b7:1c:0b:dc:-68 38:91:b7:1c:08:4c:-56 50:91:e3:f8:87:29:-62 5e:62:8b:28:99:e2:-56 50:91:e3:f8:87:2b:-76 5e:62:8b:28:93:ae:-37 ec:f4:0c:2f:57:df:-83 00:df:1d:de:de:fe:-73 5c:62:8b:68:99:e3:-60 52:91:e3:78:87:29:-76 5e:62:8b:28:93:af:-41 5c:62:8b:68:93:af:-41 38:91:b7:19:2e:4f:-73 00:df:1d:de:de:ff:-73 38:91:b7:1c:08:4f:-56 38:91:b7:1a:22:ed:-78 62:61:b4:88:79:ce:-68 38:91:b7:19:2e:4d:-73 38:91:b7:1c:0b:df:-70 6c:cd:d6:ca:90:e2:-69 38:91:b7:1c:0b:dd:-68 38:91:b7:19:2e:4c:-73 38:91:b7:1a:22:ef:-79 00:df:1d:de:de:fc:-73 5c:62:8b:68:95:db:-60 38:91:b7:1c:66:0e:-67 38:91:b7:1c:66:0d:-66 1c:61:b4:88:79:ca:-74 ec:f4:0c:2f:57:dc:-84 1c:61:b4:88:79:cc:-70 38:91:b7:1a:22:ee:-78 38:91:b7:19:2e:4e:-73 38:91:b7:1c:0b:de:-68 38:91:b7:1c:66:0f:-67 38:91:b7:1c:08:4d:-56 5e:62:8b:28:95:db:-61 54:af:97:56:4d:dc:-72 38:91:b7:1a:22:ec:-79 ec:f4:0c:2f:57:dd:-83 38:91:b7:1c:08:4e:-56 00:df:1d:de:de:fd:-73]] GPS:{Latitude:0 Longitude:0 Altitude:0}} 
2025-07-16 03:23:32 [31m[ERROR][0m [PID-15] analysis.go AnalyzeSensorData:222 problem analyzing: no predictions 
2025-07-16 03:23:32 [33m[WARN][0m [PID-15] calibration.go func1:202 problem with machine learnaing: problem analyzing: no predictions: {Timestamp:1750219068537 Family:raaise-18-06 Device:user 1 Location:a03 Sensors:map[bluetooth:map[] wifi:map[00:df:1d:de:de:fd:-74 5e:62:8b:28:93:ae:-39 00:df:1d:de:de:f0:-62 38:91:b7:1c:08:4d:-54 52:91:e3:78:87:29:-66 38:91:b7:1c:08:4c:-54 38:91:b7:19:2e:4c:-73 ec:f4:0c:2f:57:dc:-81 38:91:b7:19:2e:4f:-72 38:91:b7:1c:0b:dc:-66 00:df:1d:de:de:f2:-63 5e:62:8b:28:95:da:-56 ec:f4:0c:2f:57:df:-82 00:df:1d:de:de:fc:-74 5e:62:8b:28:93:af:-44 38:91:b7:1c:0b:de:-67 38:91:b7:1c:0b:dd:-67 ec:f4:0c:2f:57:dd:-82 38:91:b7:1c:76:53:-72 ec:f4:0c:2f:57:de:-82 50:91:e3:f8:87:2b:-67 54:af:97:56:4d:dc:-70 1c:61:b4:88:79:cc:-65 38:91:b7:1c:08:4f:-54 5e:62:8b:28:97:af:-62 38:91:b7:1c:76:50:-72 00:df:1d:de:de:ff:-74 5c:62:8b:68:98:fb:-67 38:91:b7:19:2e:4d:-73 38:91:b7:19:2e:4e:-73 1c:61:b4:88:79:ca:-70 00:df:1d:de:de:fe:-74 38:91:b7:1c:08:4e:-54 38:91:b7:1c:76:52:-70 6c:cd:d6:ca:90:e2:-63 aa:61:b4:88:79:ce:-70 00:df:1d:de:de:f3:-63 5e:62:8b:28:99:e3:-61 54:af:97:56:4d:dd:-77 38:91:b7:1c:0b:df:-67 38:91:b7:1c:76:51:-72 aa:61:b4:88:79:cf:-68 5e:62:8b:28:95:db:-52]] GPS:{Latitude:0 Longitude:0 Altitude:0}} 
2025-07-16 03:23:32 [31m[ERROR][0m [PID-15] analysis.go AnalyzeSensorData:222 problem analyzing: no predictions 
2025-07-16 03:23:32 [33m[WARN][0m [PID-15] calibration.go func1:202 problem with machine learnaing: problem analyzing: no predictions: {Timestamp:1751934300857 Family:raaise-18-06 Device:user 1 Location:a03 Sensors:map[bluetooth:map[] wifi:map[38:91:b7:1a:22:ed:-79 38:91:b7:1c:08:4d:-56 38:91:b7:1c:66:0f:-66 00:df:1d:de:de:fc:-74 38:91:b7:1a:22:ee:-79 5c:62:8b:68:98:fa:-54 38:91:b7:1c:76:51:-70 38:91:b7:1c:66:0c:-66 5e:62:8b:28:98:fa:-52 38:91:b7:19:2e:4f:-74 38:91:b7:1a:22:ef:-79 1c:61:b4:88:79:cb:-69 6c:cd:d6:ca:90:e2:-69 ec:f4:0c:2f:57:dd:-83 54:af:97:56:4d:dc:-72 ec:f4:0c:2f:57:de:-83 5e:62:8b:28:93:af:-40 38:91:b7:1a:a7:43:-91 00:df:1d:de:de:ff:-74 50:91:e3:f8:87:2b:-76 38:91:b7:1c:08:4e:-56 9c:a2:f4:58:88:db:-67 ec:f4:0c:2f:57:df:-84 38:91:b7:1c:0b:df:-69 38:91:b7:19:2e:4d:-74 52:91:e3:28:87:29:-59 9a:61:b4:88:79:cc:-74 1c:61:b4:88:79:ca:-74 00:df:1d:de:de:fd:-73 38:91:b7:1c:76:50:-69 ec:f4:0c:2f:57:dc:-84 00:df:1d:de:de:fe:-73 5e:62:8b:28:95:db:-60 5e:62:8b:28:93:ae:-37 38:91:b7:19:2e:4c:-74 6c:cd:d6:ca:90:e1:-56 38:91:b7:1c:66:0d:-66 38:91:b7:1c:66:0e:-66 38:91:b7:1c:0b:dd:-69 38:91:b7:1c:0b:de:-69 38:91:b7:1c:08:4f:-56 38:91:b7:1c:76:52:-69 38:91:b7:1c:0b:dc:-69 50:91:e3:f8:87:29:-61 38:91:b7:19:2e:4e:-74 38:91:b7:1c:76:53:-68 38:91:b7:1a:22:ec:-79 62:61:b4:88:79:ce:-69 38:91:b7:1c:08:4c:-56]] GPS:{Latitude:0 Longitude:0 Altitude:0}} 
2025-07-16 03:23:32 [37m[DEBUG][0m [PID-15] analysis.go func2:126 [raaise-18-06] nb1 classified 3.076664123s 
2025-07-16 03:23:32 [37m[DEBUG][0m [PID-15] analysis.go func1:112 [raaise-18-06] python classified 696.698398ms 
2025-07-16 03:23:32 [31m[ERROR][0m [PID-15] analysis.go AnalyzeSensorData:222 problem analyzing: no predictions 
2025-07-16 03:23:32 [33m[WARN][0m [PID-15] calibration.go func1:202 problem with machine learnaing: problem analyzing: no predictions: {Timestamp:1751934270852 Family:raaise-18-06 Device:user 1 Location:a03 Sensors:map[bluetooth:map[] wifi:map[50:91:e3:f8:87:29:-62 5c:62:8b:68:97:af:-58 38:91:b7:19:2e:4c:-74 38:91:b7:1c:0b:df:-69 5e:62:8b:28:97:af:-57 38:91:b7:1a:22:ef:-79 38:91:b7:1a:22:ee:-79 5e:62:8b:28:93:ae:-36 1c:61:b4:88:79:ca:-74 38:91:b7:1c:08:4d:-56 38:91:b7:19:2e:4f:-74 5e:62:8b:28:95:db:-60 5e:62:8b:28:99:e3:-60 38:91:b7:1c:0b:dc:-70 6c:cd:d6:ca:90:e1:-56 38:91:b7:1c:0b:de:-70 38:91:b7:1a:22:ed:-79 ec:f4:0c:2f:57:de:-84 38:91:b7:19:2e:4d:-74 38:91:b7:1c:66:0c:-67 1c:61:b4:88:79:cb:-70 54:af:97:56:4d:dc:-73 50:91:e3:f8:87:2b:-76 52:91:e3:28:87:29:-59 6c:cd:d6:ca:90:e2:-69 38:91:b7:1c:66:0e:-67 38:91:b7:1c:66:0d:-67 38:91:b7:1c:08:4c:-56 38:91:b7:1c:66:0f:-66 9a:61:b4:88:79:cc:-75 38:91:b7:1c:08:4f:-56 ec:f4:0c:2f:57:dc:-82 62:61:b4:88:79:ce:-69 00:df:1d:de:de:ff:-73 38:91:b7:1c:08:4e:-56 38:91:b7:1a:22:ec:-79 5c:62:8b:68:95:da:-57 00:df:1d:de:de:fc:-74 38:91:b7:1c:0b:dd:-69 5e:62:8b:28:93:af:-40 00:df:1d:de:de:fe:-73 ec:f4:0c:2f:57:df:-83 5e:62:8b:28:97:ae:-55 38:91:b7:19:2e:4e:-74 ec:f4:0c:2f:57:dd:-82 00:df:1d:de:de:fd:-73]] GPS:{Latitude:0 Longitude:0 Altitude:0}} 
2025-07-16 03:23:32 [37m[DEBUG][0m [PID-15] analysis.go func1:112 [raaise-18-06] python classified 652.410053ms 
2025-07-16 03:23:32 [37m[DEBUG][0m [PID-15] analysis.go func2:126 [raaise-18-06] nb1 classified 2.050516019s 
2025-07-16 03:23:32 [37m[DEBUG][0m [PID-15] analysis.go func1:112 [raaise-18-06] python classified 606.574672ms 
2025-07-16 03:23:32 [31m[ERROR][0m [PID-15] analysis.go AnalyzeSensorData:222 problem analyzing: no predictions 
2025-07-16 03:23:32 [33m[WARN][0m [PID-15] calibration.go func1:202 problem with machine learnaing: problem analyzing: no predictions: {Timestamp:1751934755855 Family:raaise-18-06 Device:user 1 Location:a03 Sensors:map[bluetooth:map[] wifi:map[5c:62:8b:68:98:fb:-68 50:91:e3:f8:87:2b:-70 38:91:b7:1a:22:ec:-78 38:91:b7:1c:66:0c:-67 00:df:1d:de:de:fe:-76 5c:62:8b:68:95:db:-57 38:91:b7:1a:22:ed:-78 5c:62:8b:68:93:af:-43 ec:f4:0c:2f:57:de:-87 52:91:e3:78:87:29:-70 38:91:b7:1c:66:0e:-67 38:91:b7:1c:76:53:-68 38:91:b7:1c:0b:df:-69 6c:cd:d6:ca:90:e2:-72 9c:a2:f4:58:88:db:-74 62:61:b4:88:79:ce:-73 38:91:b7:1a:22:ef:-77 38:91:b7:19:2e:4f:-77 00:df:1d:de:de:fc:-76 38:91:b7:1c:08:4e:-54 aa:61:b4:88:79:cf:-76 38:91:b7:1c:08:4c:-54 00:df:1d:de:de:ff:-76 5e:62:8b:28:95:db:-57 ec:f4:0c:2f:57:df:-87 38:91:b7:19:2e:4e:-77 5e:62:8b:28:93:ae:-33 1c:61:b4:88:79:cc:-74 5e:62:8b:28:99:e3:-68 38:91:b7:1c:66:0d:-67 5e:62:8b:28:95:da:-51 38:91:b7:1c:08:4f:-54 38:91:b7:1c:0b:dc:-70 5e:62:8b:28:93:af:-44 38:91:b7:19:2e:4c:-77 1c:61:b4:88:79:cb:-72 38:91:b7:1c:0b:de:-69 38:91:b7:1c:08:4d:-54 ec:f4:0c:2f:57:dd:-87 38:91:b7:1a:22:ee:-78 38:91:b7:1c:0b:dd:-69 1c:61:b4:88:79:ca:-76 50:91:e3:f8:87:29:-63 00:df:1d:de:de:fd:-77 38:91:b7:1c:66:0f:-67 38:91:b7:19:2e:4d:-77 54:af:97:56:4d:dc:-74 ec:f4:0c:2f:57:dc:-87]] GPS:{Latitude:0 Longitude:0 Altitude:0}} 
2025-07-16 03:23:32 [37m[DEBUG][0m [PID-15] analysis.go func2:126 [raaise-18-06] nb1 classified 2.20319287s 
2025-07-16 03:23:32 [31m[ERROR][0m [PID-15] analysis.go AnalyzeSensorData:222 problem analyzing: no predictions 
2025-07-16 03:23:32 [33m[WARN][0m [PID-15] calibration.go func1:202 problem with machine learnaing: problem analyzing: no predictions: {Timestamp:1750218966771 Family:raaise-18-06 Device:user 2 Location:a03 Sensors:map[bluetooth:map[] wifi:map[6c:cd:d6:ca:90:e2:-62 00:df:1d:de:de:fe:-71 38:91:b7:1c:0b:dd:-66 38:91:b7:1c:66:0c:-61 38:91:b7:19:2e:4d:-72 5e:62:8b:28:97:af:-57 38:91:b7:1c:66:0d:-61 38:91:b7:19:2e:4c:-72 e6:ff:ae:35:a9:69:-73 38:91:b7:1c:08:4d:-53 38:91:b7:1c:01:bf:-56 38:91:b7:1c:76:50:-65 5c:62:8b:68:93:af:-40 5e:62:8b:28:93:af:-40 38:91:b7:1c:76:51:-64 5e:62:8b:28:93:ae:-35 38:91:b7:1a:22:ef:-73 38:91:b7:1c:76:5c:-80 6c:cd:d6:ca:90:e1:-62 38:91:b7:1c:66:0e:-60 38:91:b7:1c:76:5f:-79 ec:f4:0c:2f:57:de:-82 5c:62:8b:68:95:db:-55 5e:62:8b:28:95:da:-51 00:df:1d:de:de:ff:-71 38:91:b7:1c:66:0f:-61 38:91:b7:19:2e:4f:-71 38:91:b7:1a:22:ec:-73 38:91:b7:1c:0b:df:-66 9c:a2:f4:58:88:db:-70 38:91:b7:1c:01:bd:-56 5e:62:8b:28:99:e3:-62 5e:62:8b:28:95:db:-55 ec:f4:0c:2f:57:dc:-81 1c:61:b4:88:79:cb:-66 38:91:b7:1a:22:ee:-73 38:91:b7:1c:0b:dc:-66 38:91:b7:19:2e:4e:-71 54:af:97:56:4d:dd:-68 38:91:b7:1a:22:ed:-73 38:91:b7:1c:08:4f:-53 38:91:b7:1c:76:5e:-80 54:af:97:56:4d:dc:-69 ec:f4:0c:2f:57:df:-81 62:61:b4:88:79:ce:-66 38:91:b7:1c:08:4e:-53 5c:62:8b:68:97:af:-57 38:91:b7:1c:01:be:-56 00:df:1d:de:de:fc:-71 5c:62:8b:68:95:da:-51 38:91:b7:1c:76:5d:-79 50:91:e3:f8:87:29:-53 50:91:e3:f8:87:2b:-67 1c:61:b4:88:79:ca:-70 38:91:b7:1c:0b:de:-66 ec:f4:0c:2f:57:dd:-81 38:91:b7:1c:76:52:-65 00:df:1d:de:de:fd:-71 38:91:b7:1c:01:bc:-56 38:91:b7:1c:08:4c:-53 38:91:b7:1c:76:53:-65 52:91:e3:28:87:29:-57]] GPS:{Latitude:0 Longitude:0 Altitude:0}} 
2025-07-16 03:23:32 [37m[DEBUG][0m [PID-15] analysis.go func2:126 [raaise-18-06] nb1 classified 1.90928209s 
2025-07-16 03:23:32 [37m[DEBUG][0m [PID-15] analysis.go func2:126 [raaise-18-06] nb1 classified 1.966461277s 
2025-07-16 03:23:32 [37m[DEBUG][0m [PID-15] analysis.go func2:126 [raaise-18-06] nb1 classified 1.476550101s 
2025-07-16 03:23:32 [37m[DEBUG][0m [PID-15] analysis.go func2:126 [raaise-18-06] nb1 classified 1.554251747s 
2025-07-16 03:23:33 [37m[DEBUG][0m [PID-15] analysis.go AnalyzeSensorData:222 [raaise-18-06] analyzed in 2.139476568s 
2025-07-16 03:23:33 [31m[ERROR][0m [PID-15] analysis.go AnalyzeSensorData:222 problem analyzing: no predictions 
2025-07-16 03:23:33 [33m[WARN][0m [PID-15] calibration.go func1:202 problem with machine learnaing: problem analyzing: no predictions: {Timestamp:1751935395891 Family:raaise-18-06 Device:user 1 Location:a03 Sensors:map[bluetooth:map[] wifi:map[38:91:b7:1c:0b:dc:-69 38:91:b7:1c:0b:de:-70 38:91:b7:1c:08:4d:-53 00:df:1d:de:de:fe:-76 5e:62:8b:28:95:db:-57 5c:62:8b:68:95:db:-56 38:91:b7:1a:22:ec:-78 5c:62:8b:68:93:af:-43 00:df:1d:de:de:ff:-76 52:91:e3:78:87:29:-70 1c:61:b4:88:79:cc:-75 50:91:e3:f8:87:29:-66 54:af:97:56:4d:dc:-73 ec:f4:0c:2f:57:de:-86 5e:62:8b:28:97:ae:-50 38:91:b7:1c:0b:df:-70 38:91:b7:1c:66:0c:-66 1c:61:b4:88:79:ca:-77 38:91:b7:1c:66:0e:-66 38:91:b7:19:2e:4f:-77 5e:62:8b:28:93:af:-43 6c:cd:d6:ca:90:e1:-63 1c:61:b4:88:79:cb:-71 38:91:b7:19:2e:4c:-77 38:91:b7:1c:76:53:-67 38:91:b7:1c:76:50:-67 38:91:b7:1a:22:ed:-77 38:91:b7:1a:22:ee:-78 38:91:b7:1a:22:ef:-78 00:df:1d:de:de:fd:-77 5c:62:8b:68:99:e3:-68 38:91:b7:1c:66:0d:-66 aa:61:b4:88:79:cf:-75 62:61:b4:88:79:ce:-71 38:91:b7:1c:08:4e:-53 38:91:b7:1c:0b:dd:-69 9c:a2:f4:58:88:db:-75 5e:62:8b:28:93:ae:-33 50:91:e3:f8:87:2b:-70 38:91:b7:1c:08:4f:-53 00:df:1d:de:de:fc:-77 ec:f4:0c:2f:57:dc:-87 38:91:b7:1c:08:4c:-53 38:91:b7:19:2e:4e:-77 ec:f4:0c:2f:57:dd:-86 5c:62:8b:68:98:fb:-68 38:91:b7:1c:76:52:-67 6c:cd:d6:ca:90:e2:-73 ec:f4:0c:2f:57:df:-86 38:91:b7:1c:66:0f:-66 38:91:b7:1c:76:51:-67 38:91:b7:19:2e:4d:-77]] GPS:{Latitude:0 Longitude:0 Altitude:0}} 
2025-07-16 03:23:33 [37m[DEBUG][0m [PID-15] analysis.go func2:126 [raaise-18-06] nb1 classified 1.672945479s 
2025-07-16 03:23:33 [37m[DEBUG][0m [PID-15] analysis.go func2:126 [raaise-18-06] nb1 classified 1.80682227s 
2025-07-16 03:23:33 [37m[DEBUG][0m [PID-15] analysis.go func2:126 [raaise-18-06] nb1 classified 1.958224254s 
2025-07-16 03:23:33 [37m[DEBUG][0m [PID-15] analysis.go func2:126 [raaise-18-06] nb1 classified 2.165707893s 
2025-07-16 03:23:33 [37m[DEBUG][0m [PID-15] analysis.go AnalyzeSensorData:222 [raaise-18-06] analyzed in 1.807000791s 
2025-07-16 03:23:33 [37m[DEBUG][0m [PID-15] analysis.go func1:112 [raaise-18-06] python classified 575.334393ms 
2025-07-16 03:23:33 [37m[DEBUG][0m [PID-15] analysis.go func1:112 [raaise-18-06] python classified 575.140351ms 
2025-07-16 03:23:33 [37m[DEBUG][0m [PID-15] analysis.go func2:126 [raaise-18-06] nb1 classified 2.228081216s 
2025-07-16 03:23:33 [37m[DEBUG][0m [PID-15] analysis.go AnalyzeSensorData:222 [raaise-18-06] analyzed in 2.229101753s 
2025-07-16 03:23:33 [37m[DEBUG][0m [PID-15] analysis.go func2:126 [raaise-18-06] nb1 classified 1.936471891s 
2025-07-16 03:23:33 [37m[DEBUG][0m [PID-15] analysis.go func2:126 [raaise-18-06] nb1 classified 1.651259645s 
2025-07-16 03:23:33 [37m[DEBUG][0m [PID-15] analysis.go func2:126 [raaise-18-06] nb1 classified 1.90274672s 
2025-07-16 03:23:33 [31m[ERROR][0m [PID-15] analysis.go AnalyzeSensorData:222 problem analyzing: no predictions 
2025-07-16 03:23:33 [33m[WARN][0m [PID-15] calibration.go func1:202 problem with machine learnaing: problem analyzing: no predictions: {Timestamp:1751934935851 Family:raaise-18-06 Device:user 1 Location:a03 Sensors:map[bluetooth:map[] wifi:map[aa:61:b4:88:79:ce:-68 00:df:1d:de:de:fd:-76 38:91:b7:1a:22:ef:-78 38:91:b7:1c:08:4e:-54 38:91:b7:19:2e:4c:-77 00:df:1d:de:de:fc:-77 38:91:b7:1a:22:ec:-78 38:91:b7:1c:08:4f:-54 50:91:e3:f8:87:2b:-70 38:91:b7:1c:08:4d:-54 50:91:e3:f8:87:29:-66 38:91:b7:19:2e:4f:-76 62:61:b4:88:79:ce:-72 38:91:b7:1c:08:4c:-54 54:af:97:56:4d:dc:-74 38:91:b7:1c:76:53:-67 5e:62:8b:28:93:ae:-33 38:91:b7:1c:76:51:-67 5e:62:8b:28:98:fa:-62 38:91:b7:1c:76:52:-67 38:91:b7:19:2e:4d:-77 6c:cd:d6:ca:90:e2:-72 5e:62:8b:28:93:af:-43 5c:62:8b:68:97:af:-58 1c:61:b4:88:79:ca:-77 5e:62:8b:28:98:fb:-68 1c:61:b4:88:79:cb:-73 00:df:1d:de:de:ff:-77 9a:61:b4:88:79:cc:-77 00:df:1d:de:de:fe:-77 38:91:b7:1c:66:0d:-66 5e:62:8b:28:97:af:-58 38:91:b7:1c:0b:df:-69 38:91:b7:1a:22:ed:-77 52:91:e3:28:87:29:-59 9c:a2:f4:58:88:db:-74 38:91:b7:1c:66:0e:-66 38:91:b7:19:2e:4e:-77 38:91:b7:1c:66:0c:-66 aa:61:b4:88:79:cf:-75 38:91:b7:1c:66:0f:-66 38:91:b7:1c:0b:dc:-71 38:91:b7:1c:76:50:-66 38:91:b7:1a:22:ee:-78 1c:61:b4:88:79:cc:-75 38:91:b7:1c:0b:dd:-69 38:91:b7:1c:0b:de:-69 5e:62:8b:28:95:db:-57 5c:62:8b:68:93:ae:-33]] GPS:{Latitude:0 Longitude:0 Altitude:0}} 
2025-07-16 03:23:33 [37m[DEBUG][0m [PID-15] analysis.go func2:126 [raaise-18-06] nb1 classified 2.540846444s 
2025-07-16 03:23:33 [37m[DEBUG][0m [PID-15] analysis.go AnalyzeSensorData:222 [raaise-18-06] analyzed in 2.541624723s 
2025-07-16 03:23:33 [31m[ERROR][0m [PID-15] analysis.go AnalyzeSensorData:222 problem analyzing: no predictions 
2025-07-16 03:23:33 [33m[WARN][0m [PID-15] calibration.go func1:202 problem with machine learnaing: problem analyzing: no predictions: {Timestamp:1751934960856 Family:raaise-18-06 Device:user 1 Location:a03 Sensors:map[bluetooth:map[] wifi:map[6c:cd:d6:ca:90:e2:-72 38:91:b7:19:2e:4d:-77 38:91:b7:19:2e:4f:-77 38:91:b7:1c:0b:dc:-69 00:df:1d:de:de:fc:-76 38:91:b7:1c:0b:dd:-69 38:91:b7:1c:08:4f:-53 1c:61:b4:88:79:cb:-72 54:af:97:56:4d:dc:-74 38:91:b7:1c:08:4c:-54 5e:62:8b:28:93:af:-40 38:91:b7:1c:66:0f:-67 5e:62:8b:28:93:ae:-33 38:91:b7:1c:0b:df:-71 00:df:1d:de:de:fd:-76 38:91:b7:1c:66:0c:-67 aa:61:b4:88:79:cf:-76 00:df:1d:de:de:fe:-77 38:91:b7:1a:22:ed:-78 38:91:b7:1a:22:ee:-78 50:91:e3:f8:87:29:-65 38:91:b7:1c:0b:de:-69 38:91:b7:19:2e:4c:-77 00:df:1d:de:de:ff:-76 1c:61:b4:88:79:ca:-77 38:91:b7:1a:22:ef:-78 1c:61:b4:88:79:cc:-75 62:61:b4:88:79:ce:-72 38:91:b7:1c:66:0e:-67 38:91:b7:1a:22:ec:-78 5e:62:8b:28:95:db:-57 5e:62:8b:28:97:af:-57 5c:62:8b:68:93:af:-43 50:91:e3:f8:87:2b:-70 38:91:b7:1c:08:4d:-54 38:91:b7:1c:08:4e:-54 38:91:b7:1c:66:0d:-67 38:91:b7:19:2e:4e:-77 5e:62:8b:28:97:ae:-52]] GPS:{Latitude:0 Longitude:0 Altitude:0}} 
2025-07-16 03:23:33 [37m[DEBUG][0m [PID-15] analysis.go func2:126 [raaise-18-06] nb1 classified 1.700992626s 
2025-07-16 03:23:33 [37m[DEBUG][0m [PID-15] analysis.go AnalyzeSensorData:222 [raaise-18-06] analyzed in 1.755977056s 
2025-07-16 03:23:33 [37m[DEBUG][0m [PID-15] analysis.go AnalyzeSensorData:222 [raaise-18-06] analyzed in 2.153604884s 
2025-07-16 03:23:33 [37m[DEBUG][0m [PID-15] analysis.go func1:112 [raaise-18-06] python classified 573.788404ms 
2025-07-16 03:23:33 [37m[DEBUG][0m [PID-15] analysis.go func2:126 [raaise-18-06] nb1 classified 1.517520581s 
2025-07-16 03:23:33 [37m[DEBUG][0m [PID-15] analysis.go func2:126 [raaise-18-06] nb1 classified 1.951756386s 
2025-07-16 03:23:34 [31m[ERROR][0m [PID-15] analysis.go AnalyzeSensorData:222 problem analyzing: no predictions 
2025-07-16 03:23:34 [33m[WARN][0m [PID-15] calibration.go func1:202 problem with machine learnaing: problem analyzing: no predictions: {Timestamp:1750218901773 Family:raaise-18-06 Device:user 2 Location:a03 Sensors:map[bluetooth:map[] wifi:map[38:91:b7:1a:22:e3:-69 38:91:b7:1c:01:bd:-55 38:91:b7:1c:76:5e:-78 38:91:b7:1c:66:0f:-61 00:df:1d:de:de:fd:-71 38:91:b7:1c:08:4d:-56 38:91:b7:1c:01:bf:-55 38:91:b7:1c:76:5c:-78 38:91:b7:1c:76:5d:-78 ec:f4:0c:2f:57:de:-81 38:91:b7:1c:0b:dc:-66 50:91:e3:f8:87:29:-69 5c:62:8b:68:98:fb:-61 ec:f4:0c:2f:57:dd:-81 00:df:1d:de:de:ff:-70 1c:61:b4:88:79:cb:-63 1c:61:b4:88:79:ca:-70 38:91:b7:1c:08:4e:-56 38:91:b7:1c:66:0e:-61 38:91:b7:1a:22:ef:-71 38:91:b7:1a:22:e0:-70 5e:62:8b:28:93:ae:-46 38:91:b7:1a:22:ee:-71 38:91:b7:1c:0b:df:-66 ec:f4:0c:2f:57:dc:-81 38:91:b7:1a:22:ec:-70 38:91:b7:1c:08:4f:-56 38:91:b7:19:2e:4e:-74 00:df:1d:de:de:f0:-63 52:91:e3:78:87:29:-67 38:91:b7:1a:22:e2:-69 38:91:b7:1c:76:52:-69 5e:62:8b:28:95:da:-45 38:91:b7:1c:76:50:-69 5c:62:8b:68:99:e3:-55 54:af:97:56:4d:dd:-75 ec:f4:0c:2f:57:df:-81 38:91:b7:1a:22:ed:-70 38:91:b7:19:2e:4c:-75 38:91:b7:1a:22:e1:-69 50:91:e3:f8:87:2b:-67 00:df:1d:de:de:f2:-67 38:91:b7:1c:01:be:-55 5e:62:8b:28:93:af:-40 38:91:b7:1c:08:4c:-56 5c:62:8b:68:93:ae:-46 38:91:b7:1c:01:bc:-55 9c:a2:f4:58:88:db:-76 00:df:1d:de:de:fe:-71 5e:62:8b:28:98:fb:-62 38:91:b7:1c:0b:dd:-66 38:91:b7:1c:66:0c:-61 00:df:1d:de:de:fc:-71 38:91:b7:1c:76:51:-69 38:91:b7:1c:0b:de:-66 38:91:b7:19:2e:4f:-75 38:91:b7:1c:76:53:-67 6c:cd:d6:ca:90:e2:-66 38:91:b7:1c:76:5f:-78 00:df:1d:de:de:f3:-68 38:91:b7:1c:66:0d:-61 38:91:b7:19:2e:4d:-75 6c:cd:d6:ca:90:e1:-58 62:61:b4:88:79:ce:-63]] GPS:{Latitude:0 Longitude:0 Altitude:0}} 
2025-07-16 03:23:34 [37m[DEBUG][0m [PID-15] analysis.go func1:112 [raaise-18-06] python classified 403.637933ms 
2025-07-16 03:23:34 [37m[DEBUG][0m [PID-15] analysis.go func1:112 [raaise-18-06] python classified 366.280709ms 
2025-07-16 03:23:34 [37m[DEBUG][0m [PID-15] analysis.go func2:126 [raaise-18-06] nb1 classified 1.427007563s 
2025-07-16 03:23:34 [37m[DEBUG][0m [PID-15] analysis.go AnalyzeSensorData:222 [raaise-18-06] analyzed in 1.42788801s 
2025-07-16 03:23:34 [37m[DEBUG][0m [PID-15] analysis.go func2:126 [raaise-18-06] nb1 classified 1.144898757s 
2025-07-16 03:23:34 [31m[ERROR][0m [PID-15] analysis.go AnalyzeSensorData:222 problem analyzing: no predictions 
2025-07-16 03:23:34 [33m[WARN][0m [PID-15] calibration.go func1:202 problem with machine learnaing: problem analyzing: no predictions: {Timestamp:1750218428549 Family:raaise-18-06 Device:user 1 Location:a03 Sensors:map[bluetooth:map[] wifi:map[38:91:b7:19:2e:4d:-70 00:df:1d:de:de:fc:-72 ec:f4:0c:2f:57:de:-79 00:df:1d:de:de:ff:-73 38:91:b7:1c:76:51:-69 38:91:b7:19:2e:4e:-70 5e:62:8b:28:98:fb:-65 38:91:b7:1c:08:4d:-49 1c:61:b4:88:79:ca:-73 50:91:e3:f8:87:2b:-70 38:91:b7:1c:76:52:-70 38:91:b7:1c:0b:dd:-66 5e:62:8b:28:93:ae:-33 38:91:b7:1c:76:50:-70 1c:61:b4:88:79:cc:-74 5e:62:8b:28:95:da:-43 38:91:b7:1c:0b:df:-66 ec:f4:0c:2f:57:df:-79 ec:f4:0c:2f:57:dd:-79 38:91:b7:19:2e:4c:-70 00:df:1d:de:de:fd:-72 38:91:b7:1c:0b:de:-66 54:af:97:56:4d:dd:-70 38:91:b7:1c:08:4e:-49 50:91:e3:f8:87:29:-61 5e:62:8b:28:97:af:-57 6c:cd:d6:ca:90:e2:-69 aa:61:b4:88:79:cf:-74 5c:62:8b:68:95:da:-43 9c:a2:f4:58:88:db:-78 5c:62:8b:68:95:db:-53 5c:62:8b:68:93:af:-40 38:91:b7:1c:08:4f:-49 38:91:b7:1c:0b:dc:-66 ec:f4:0c:2f:57:dc:-78 5e:62:8b:28:95:db:-53 38:91:b7:1c:08:4c:-49 38:91:b7:1c:76:53:-70 38:91:b7:19:2e:4f:-70 00:df:1d:de:de:fe:-73 54:af:97:56:4d:dc:-70 e6:ff:ae:35:a9:69:-68 5e:62:8b:28:93:af:-40]] GPS:{Latitude:0 Longitude:0 Altitude:0}} 
2025-07-16 03:23:34 [31m[ERROR][0m [PID-15] analysis.go AnalyzeSensorData:222 problem analyzing: no predictions 
2025-07-16 03:23:34 [33m[WARN][0m [PID-15] calibration.go func1:202 problem with machine learnaing: problem analyzing: no predictions: {Timestamp:1750210020271 Family:raaise-18-06 Device:intruder Location:a06 Sensors:map[bluetooth:map[] wifi:map[5e:62:8b:28:99:e3:-53 ec:f4:0c:2f:57:dc:-76 62:61:b4:88:79:ce:-63 38:91:b7:1c:66:0e:-86 38:91:b7:1a:22:e3:-54 38:91:b7:1c:66:0c:-86 00:df:1d:de:de:fc:-89 50:91:e3:f8:87:2b:-37 00:df:1d:de:de:fd:-88 ec:f4:0c:2f:57:de:-76 1c:61:b4:88:79:cb:-63 1c:61:b4:88:79:ca:-67 38:91:b7:1c:0b:de:-89 38:91:b7:1c:08:4d:-83 5e:62:8b:28:93:af:-71 54:af:97:56:4d:dc:-65 38:91:b7:1a:22:ef:-63 38:91:b7:19:2e:4c:-71 5e:62:8b:28:99:e2:-48 50:91:e3:f8:87:29:-27 38:91:b7:1a:22:ee:-63 ec:f4:0c:2f:57:df:-76 38:91:b7:1c:08:4c:-82 38:91:b7:1a:22:e0:-54 38:91:b7:1a:22:e2:-54 52:91:e3:78:87:29:-36 38:91:b7:1c:0b:dc:-89 38:91:b7:1a:22:e1:-54 38:91:b7:19:2e:4d:-71 38:91:b7:1c:0b:dd:-89 38:91:b7:1c:0b:df:-90 38:91:b7:1a:22:ed:-63 38:91:b7:1c:66:0f:-86 6c:cd:d6:ca:90:e2:-31 00:df:1d:de:de:fe:-88 38:91:b7:19:2e:4f:-71 38:91:b7:1c:66:0d:-86 38:91:b7:19:2e:4e:-71 5e:62:8b:28:98:fb:-41 38:91:b7:1c:08:4e:-84 00:df:1d:de:de:ff:-88 ec:f4:0c:2f:57:dd:-76 38:91:b7:1a:22:ec:-63 5c:62:8b:68:98:fb:-42]] GPS:{Latitude:0 Longitude:0 Altitude:0}} 
2025-07-16 03:23:34 [37m[DEBUG][0m [PID-15] analysis.go func1:112 [raaise-18-06] python classified 439.84274ms 
2025-07-16 03:23:34 [37m[DEBUG][0m [PID-15] analysis.go func2:126 [raaise-18-06] nb1 classified 1.771256805s 
2025-07-16 03:23:34 [37m[DEBUG][0m [PID-15] analysis.go func1:112 [raaise-18-06] python classified 394.685121ms 
2025-07-16 03:23:34 [37m[DEBUG][0m [PID-15] analysis.go AnalyzeSensorData:222 [raaise-18-06] analyzed in 1.877660162s 
2025-07-16 03:23:34 [37m[DEBUG][0m [PID-15] analysis.go func2:126 [raaise-18-06] nb1 classified 1.195606416s 
2025-07-16 03:23:34 [37m[DEBUG][0m [PID-15] analysis.go func1:112 [raaise-18-06] python classified 520.728102ms 
2025-07-16 03:23:34 [31m[ERROR][0m [PID-15] analysis.go AnalyzeSensorData:222 problem analyzing: no predictions 
2025-07-16 03:23:34 [33m[WARN][0m [PID-15] calibration.go func1:202 problem with machine learnaing: problem analyzing: no predictions: {Timestamp:1750223988020 Family:raaise-18-06 Device:user 2 Location:a06 Sensors:map[bluetooth:map[] wifi:map[1c:61:b4:88:79:ca:-65 38:91:b7:1a:22:ef:-56 00:df:1d:de:de:fd:-93 5e:62:8b:28:93:af:-71 38:91:b7:19:2e:4d:-75 54:af:97:56:4d:dc:-68 54:af:97:56:4d:dd:-59 00:df:1d:de:de:ff:-92 38:91:b7:1a:22:e1:-53 38:91:b7:1c:01:bf:-68 38:91:b7:1c:66:0c:-81 38:91:b7:1c:76:53:-86 38:91:b7:1a:22:e3:-54 38:91:b7:1c:76:52:-86 38:91:b7:1c:08:4e:-87 00:df:1d:de:de:f3:-82 6c:cd:d6:ca:90:e2:-36 50:91:e3:f8:87:29:-28 38:91:b7:1c:66:0e:-81 5c:62:8b:68:98:fa:-47 38:91:b7:19:2e:4f:-74 5e:62:8b:28:97:af:-61 38:91:b7:1c:66:0d:-82 62:61:b4:88:79:ce:-56 9a:61:b4:88:79:cc:-65 5e:62:8b:28:98:fa:-43 ec:f4:0c:2f:57:dd:-74 38:91:b7:1c:0b:de:-85 00:df:1d:de:de:fc:-93 5e:62:8b:28:98:fb:-37 6c:cd:d6:ca:90:e1:-29 38:91:b7:1c:08:4f:-87 5e:62:8b:28:95:db:-76 5e:62:8b:28:97:ae:-53 5c:62:8b:68:97:af:-61 9c:a2:f4:58:88:db:-70 38:91:b7:1c:01:be:-68 ec:f4:0c:2f:57:df:-75 ec:f4:0c:2f:57:de:-74 38:91:b7:1c:0b:dc:-85 38:91:b7:1c:08:4d:-87 50:91:e3:f8:87:2b:-38 38:91:b7:1a:22:ec:-56 38:91:b7:1a:22:ed:-56 38:91:b7:1c:01:bd:-68 38:91:b7:19:2e:4e:-74 5c:62:8b:68:97:ae:-57 38:91:b7:19:2e:4c:-75 1c:61:b4:88:79:cb:-56 5c:62:8b:68:93:ae:-62 38:91:b7:1c:08:4c:-87 38:91:b7:1c:0b:dd:-85 38:91:b7:1c:66:0f:-82 38:91:b7:1c:0b:df:-85 38:91:b7:1a:22:ee:-56 38:91:b7:1c:01:bc:-68 00:df:1d:de:de:fe:-92 ec:f4:0c:2f:57:dc:-74 38:91:b7:1a:22:e0:-54 38:91:b7:1a:22:e2:-53 5c:62:8b:68:95:db:-76]] GPS:{Latitude:0 Longitude:0 Altitude:0}} 
2025-07-16 03:23:34 [37m[DEBUG][0m [PID-15] analysis.go func2:126 [raaise-18-06] nb1 classified 1.825128804s 
2025-07-16 03:23:34 [37m[DEBUG][0m [PID-15] analysis.go func1:112 [raaise-18-06] python classified 663.284532ms 
2025-07-16 03:23:35 [37m[DEBUG][0m [PID-15] analysis.go func2:126 [raaise-18-06] nb1 classified 1.28327813s 
2025-07-16 03:23:35 [37m[DEBUG][0m [PID-15] analysis.go AnalyzeSensorData:222 [raaise-18-06] analyzed in 1.284182829s 
2025-07-16 03:23:35 [37m[DEBUG][0m [PID-15] analysis.go func1:112 [raaise-18-06] python classified 505.207677ms 
2025-07-16 03:23:35 [37m[DEBUG][0m [PID-15] analysis.go func2:126 [raaise-18-06] nb1 classified 1.439494738s 
2025-07-16 03:23:35 [37m[DEBUG][0m [PID-15] analysis.go AnalyzeSensorData:222 [raaise-18-06] analyzed in 1.440491836s 
2025-07-16 03:23:35 [37m[DEBUG][0m [PID-15] analysis.go func2:126 [raaise-18-06] nb1 classified 1.283003027s 
2025-07-16 03:23:35 [37m[DEBUG][0m [PID-15] analysis.go func1:112 [raaise-18-06] python classified 414.267421ms 
2025-07-16 03:23:35 [37m[DEBUG][0m [PID-15] analysis.go func2:126 [raaise-18-06] nb1 classified 2.089105556s 
2025-07-16 03:23:35 [37m[DEBUG][0m [PID-15] analysis.go AnalyzeSensorData:222 [raaise-18-06] analyzed in 2.08998772s 
2025-07-16 03:23:35 [37m[DEBUG][0m [PID-15] analysis.go func2:126 [raaise-18-06] nb1 classified 1.771425278s 
2025-07-16 03:23:35 [37m[DEBUG][0m [PID-15] analysis.go func2:126 [raaise-18-06] nb1 classified 1.869677186s 
2025-07-16 03:23:35 [37m[DEBUG][0m [PID-15] analysis.go AnalyzeSensorData:222 [raaise-18-06] analyzed in 1.871093434s 
2025-07-16 03:23:35 [37m[DEBUG][0m [PID-15] analysis.go func1:112 [raaise-18-06] python classified 473.945193ms 
2025-07-16 03:23:35 [37m[DEBUG][0m [PID-15] analysis.go func2:126 [raaise-18-06] nb1 classified 1.578322326s 
2025-07-16 03:23:35 [37m[DEBUG][0m [PID-15] analysis.go func2:126 [raaise-18-06] nb1 classified 1.513782063s 
2025-07-16 03:23:35 [37m[DEBUG][0m [PID-15] analysis.go func1:112 [raaise-18-06] python classified 475.433536ms 
2025-07-16 03:23:35 [37m[DEBUG][0m [PID-15] analysis.go func2:126 [raaise-18-06] nb1 classified 1.386230289s 
2025-07-16 03:23:35 [37m[DEBUG][0m [PID-15] analysis.go AnalyzeSensorData:222 [raaise-18-06] analyzed in 1.623166164s 
2025-07-16 03:23:35 [37m[DEBUG][0m [PID-15] analysis.go AnalyzeSensorData:222 [raaise-18-06] analyzed in 1.559570915s 
2025-07-16 03:23:35 [37m[DEBUG][0m [PID-15] analysis.go func2:126 [raaise-18-06] nb1 classified 1.553820641s 
2025-07-16 03:23:35 [37m[DEBUG][0m [PID-15] analysis.go AnalyzeSensorData:222 [raaise-18-06] analyzed in 1.554687565s 
2025-07-16 03:23:35 [37m[DEBUG][0m [PID-15] analysis.go func1:112 [raaise-18-06] python classified 522.304858ms 
2025-07-16 03:23:36 [37m[DEBUG][0m [PID-15] analysis.go func1:112 [raaise-18-06] python classified 436.651545ms 
2025-07-16 03:23:36 [37m[DEBUG][0m [PID-15] analysis.go func2:126 [raaise-18-06] nb1 classified 1.299435756s 
2025-07-16 03:23:36 [37m[DEBUG][0m [PID-15] analysis.go AnalyzeSensorData:222 [raaise-18-06] analyzed in 1.300302754s 
2025-07-16 03:23:36 [31m[ERROR][0m [PID-15] analysis.go AnalyzeSensorData:222 problem analyzing: no predictions 
2025-07-16 03:23:36 [33m[WARN][0m [PID-15] calibration.go func1:202 problem with machine learnaing: problem analyzing: no predictions: {Timestamp:1750210052303 Family:raaise-18-06 Device:user 1 Location:a06 Sensors:map[bluetooth:map[] wifi:map[5e:62:8b:28:99:e2:-49 38:91:b7:1a:22:ee:-58 5e:62:8b:28:98:fb:-34 38:91:b7:1c:0b:dd:-79 9c:a2:f4:58:88:db:-61 5c:62:8b:68:98:fb:-32 38:91:b7:1a:22:ed:-59 38:91:b7:19:2e:4d:-70 50:91:e3:f8:87:29:-29 ec:f4:0c:2f:57:de:-70 50:91:e3:f8:87:2b:-31 38:91:b7:1c:08:4c:-76 aa:61:b4:88:79:ce:-70 38:91:b7:19:2e:4c:-69 1c:61:b4:88:79:ca:-63 38:91:b7:1c:08:4d:-77 38:91:b7:1c:0b:de:-79 38:91:b7:1a:22:ec:-59 38:91:b7:1c:08:4f:-77 ec:f4:0c:2f:57:dc:-69 ec:f4:0c:2f:57:dd:-69 00:df:1d:de:de:ff:-83 38:91:b7:19:2e:4e:-69 38:91:b7:1a:22:ef:-58 5e:62:8b:28:99:e3:-50 6c:cd:d6:ca:90:e1:-39 00:25:42:ea:8a:b4:-96 00:df:1d:de:de:fd:-83 54:af:97:56:4d:dd:-63 5e:62:8b:28:98:fa:-32 38:91:b7:1c:0b:df:-79 38:91:b7:1c:0b:dc:-79 38:91:b7:1c:08:4e:-77 86:69:93:27:ad:35:-70 00:df:1d:de:de:fe:-83 38:91:b7:19:2e:4f:-70 54:af:97:56:4d:dc:-63 1c:61:b4:88:79:cc:-69 6c:cd:d6:ca:90:e2:-32 00:df:1d:de:de:fc:-84 ec:f4:0c:2f:57:df:-69]] GPS:{Latitude:0 Longitude:0 Altitude:0}} 
2025-07-16 03:23:36 [37m[DEBUG][0m [PID-15] analysis.go func1:112 [raaise-18-06] python classified 354.450625ms 
2025-07-16 03:23:36 [37m[DEBUG][0m [PID-15] analysis.go func2:126 [raaise-18-06] nb1 classified 1.689358736s 
2025-07-16 03:23:36 [37m[DEBUG][0m [PID-15] analysis.go AnalyzeSensorData:222 [raaise-18-06] analyzed in 1.690414335s 
2025-07-16 03:23:36 [37m[DEBUG][0m [PID-15] analysis.go func2:126 [raaise-18-06] nb1 classified 1.121558505s 
2025-07-16 03:23:36 [37m[DEBUG][0m [PID-15] analysis.go func1:112 [raaise-18-06] python classified 477.456102ms 
2025-07-16 03:23:36 [37m[DEBUG][0m [PID-15] analysis.go AnalyzeSensorData:222 [raaise-18-06] analyzed in 1.212692721s 
2025-07-16 03:23:36 [37m[DEBUG][0m [PID-15] analysis.go func1:112 [raaise-18-06] python classified 374.537698ms 
2025-07-16 03:23:36 [37m[DEBUG][0m [PID-15] analysis.go func1:112 [raaise-18-06] python classified 374.945674ms 
2025-07-16 03:23:36 [37m[DEBUG][0m [PID-15] analysis.go func2:126 [raaise-18-06] nb1 classified 1.188411084s 
2025-07-16 03:23:36 [37m[DEBUG][0m [PID-15] analysis.go AnalyzeSensorData:222 [raaise-18-06] analyzed in 1.189327128s 
2025-07-16 03:23:36 [37m[DEBUG][0m [PID-15] analysis.go func2:126 [raaise-18-06] nb1 classified 858.133197ms 
2025-07-16 03:23:36 [37m[DEBUG][0m [PID-15] analysis.go func2:126 [raaise-18-06] nb1 classified 1.578844935s 
2025-07-16 03:23:36 [37m[DEBUG][0m [PID-15] analysis.go AnalyzeSensorData:222 [raaise-18-06] analyzed in 1.580638648s 
2025-07-16 03:23:36 [31m[ERROR][0m [PID-15] analysis.go AnalyzeSensorData:222 problem analyzing: no predictions 
2025-07-16 03:23:36 [33m[WARN][0m [PID-15] calibration.go func1:202 problem with machine learnaing: problem analyzing: no predictions: {Timestamp:1751935804363 Family:raaise-18-06 Device:user 1 Location:a14 Sensors:map[bluetooth:map[] wifi:map[5e:62:8b:28:95:da:-44 38:91:b7:19:2e:4d:-56 54:af:97:56:4d:dd:-59 50:91:e3:f8:87:29:-69 38:91:b7:1c:0b:dc:-58 ec:f4:0c:2f:57:de:-72 5c:62:8b:68:95:da:-44 5e:62:8b:28:97:ae:-40 38:91:b7:1c:08:4d:-77 38:91:b7:1a:22:ed:-82 9a:61:b4:88:79:cc:-58 38:91:b7:1c:0b:dd:-57 38:91:b7:19:2e:4f:-56 5e:62:8b:28:97:af:-49 6c:cd:d6:ca:90:e2:-75 38:91:b7:1a:22:ec:-82 38:91:b7:1c:08:4e:-77 38:91:b7:1c:66:0e:-74 38:91:b7:1c:66:0c:-74 ec:f4:0c:2f:57:dd:-72 5e:62:8b:28:99:e3:-67 38:91:b7:1c:0b:df:-57 38:91:b7:19:2e:4e:-56 38:91:b7:1c:66:0d:-74 ec:f4:0c:2f:57:dc:-72 5e:62:8b:28:93:af:-64 38:91:b7:1c:0b:de:-57 1c:61:b4:88:79:ca:-58 00:df:1d:de:de:fd:-88 38:91:b7:1c:76:50:-68 38:91:b7:1a:22:ef:-82 50:91:e3:f8:87:2b:-74 62:61:b4:88:79:ce:-57 52:91:e3:28:87:29:-69 38:91:b7:1c:08:4f:-77 1c:61:b4:88:79:cb:-57 38:91:b7:1c:08:4c:-77 00:df:1d:de:de:fc:-88 38:91:b7:1a:22:ee:-82 9c:a2:f4:58:88:db:-64 5e:62:8b:28:95:db:-50 00:df:1d:de:de:fe:-88 38:91:b7:1c:66:0f:-74 00:df:1d:de:de:ff:-88 38:91:b7:19:2e:4c:-56 ec:f4:0c:2f:57:df:-72 54:af:97:56:4d:dc:-58]] GPS:{Latitude:0 Longitude:0 Altitude:0}} 
2025-07-16 03:23:36 [31m[ERROR][0m [PID-15] analysis.go AnalyzeSensorData:222 problem analyzing: no predictions 
2025-07-16 03:23:36 [33m[WARN][0m [PID-15] calibration.go func1:202 problem with machine learnaing: problem analyzing: no predictions: {Timestamp:1751936005008 Family:raaise-18-06 Device:user 3 Location:a14 Sensors:map[bluetooth:map[] wifi:map[38:91:b7:1c:08:4c:-78 54:af:97:56:4d:dd:-59 38:91:b7:1c:08:4d:-78 aa:61:b4:88:79:cf:-59 00:df:1d:de:de:f1:-79 38:91:b7:1c:08:4e:-78 38:91:b7:1a:22:e3:-65 ec:f4:0c:2f:57:df:-76 38:91:b7:1a:22:e2:-65 5e:62:8b:28:99:e3:-67 5e:62:8b:28:95:db:-44 ec:f4:0c:2f:57:dc:-76 38:91:b7:1a:22:e1:-67 38:91:b7:1c:76:5d:-80 00:df:1d:de:de:f2:-78 00:df:1d:de:de:f0:-79 1c:61:b4:88:79:cc:-59 1c:61:b4:88:79:ca:-59 5e:62:8b:28:97:ae:-37 50:91:e3:f8:87:2b:-71 5e:62:8b:28:95:da:-40 38:91:b7:1c:76:5e:-80 ec:f4:0c:2f:57:de:-76 54:af:97:56:4d:dc:-57 ec:f4:0c:2f:57:dd:-76 38:91:b7:1a:22:e0:-67 52:91:e3:78:87:29:-71 5c:62:8b:68:95:da:-39 38:91:b7:1c:76:5c:-80 38:91:b7:1c:76:5f:-80 00:df:1d:de:de:f3:-79 5e:62:8b:28:93:af:-59 38:91:b7:1c:08:4f:-78]] GPS:{Latitude:0 Longitude:0 Altitude:0}} 
2025-07-16 03:23:37 [37m[DEBUG][0m [PID-15] analysis.go func1:112 [raaise-18-06] python classified 473.760853ms 
2025-07-16 03:23:37 [37m[DEBUG][0m [PID-15] analysis.go func2:126 [raaise-18-06] nb1 classified 1.537209243s 
2025-07-16 03:23:37 [37m[DEBUG][0m [PID-15] analysis.go AnalyzeSensorData:222 [raaise-18-06] analyzed in 1.538118125s 
2025-07-16 03:23:37 [31m[ERROR][0m [PID-15] analysis.go AnalyzeSensorData:222 problem analyzing: no predictions 
2025-07-16 03:23:37 [33m[WARN][0m [PID-15] calibration.go func1:202 problem with machine learnaing: problem analyzing: no predictions: {Timestamp:1751935510005 Family:raaise-18-06 Device:user 3 Location:a14 Sensors:map[bluetooth:map[] wifi:map[38:91:b7:1a:22:e2:-67 1c:61:b4:88:79:ca:-56 00:df:1d:de:de:f0:-81 38:91:b7:1c:08:4e:-78 38:91:b7:1c:76:5d:-73 38:91:b7:1c:08:4f:-78 5e:62:8b:28:95:db:-47 52:91:e3:28:87:29:-66 54:af:97:56:4d:dc:-58 38:91:b7:1c:08:4d:-78 ec:f4:0c:2f:57:dc:-68 5e:62:8b:28:93:ae:-56 38:91:b7:1c:76:5f:-73 62:61:b4:88:79:ce:-53 38:91:b7:1c:76:5e:-73 5e:62:8b:28:93:af:-64 ec:f4:0c:2f:57:df:-69 54:af:97:56:4d:dd:-60 5c:62:8b:68:97:ae:-41 38:91:b7:1c:01:bd:-60 38:91:b7:1a:22:e0:-66 9a:61:b4:88:79:cc:-56 38:91:b7:1c:01:be:-59 38:91:b7:1a:22:e3:-67 1c:61:b4:88:79:cb:-53 38:91:b7:1c:01:bc:-60 38:91:b7:1c:08:4c:-77 38:91:b7:1a:22:e1:-68 ec:f4:0c:2f:57:de:-69 ec:f4:0c:2f:57:dd:-68 5c:62:8b:68:97:af:-48 38:91:b7:1c:01:bf:-60 38:91:b7:1c:76:5c:-73 00:df:1d:de:de:f1:-81 00:df:1d:de:de:f2:-82 5e:62:8b:28:97:af:-49 18:a6:f7:21:47:c6:-91 50:91:e3:f8:87:2b:-73 00:df:1d:de:de:f3:-81]] GPS:{Latitude:0 Longitude:0 Altitude:0}} 
2025-07-16 03:23:37 [31m[ERROR][0m [PID-15] analysis.go AnalyzeSensorData:222 problem analyzing: no predictions 
2025-07-16 03:23:37 [33m[WARN][0m [PID-15] calibration.go func1:202 problem with machine learnaing: problem analyzing: no predictions: {Timestamp:1750211789762 Family:raaise-18-06 Device:user 2 Location:a14 Sensors:map[bluetooth:map[] wifi:map[52:91:e3:28:87:29:-59 38:91:b7:1c:66:0f:-76 00:df:1d:de:de:ff:-91 38:91:b7:1c:66:0d:-76 38:91:b7:1c:0b:dc:-56 38:91:b7:1c:66:0c:-75 5c:62:8b:68:98:fb:-66 5c:62:8b:68:93:af:-65 38:91:b7:1c:08:4f:-78 5e:62:8b:28:97:ae:-39 00:df:1d:de:de:f3:-84 ec:f4:0c:2f:57:dd:-68 38:91:b7:1c:0b:de:-55 62:61:b4:88:79:ce:-47 38:91:b7:19:2e:4d:-51 ec:f4:0c:2f:57:de:-68 ec:f4:0c:2f:57:df:-68 00:df:1d:de:de:fc:-91 9a:61:b4:88:79:cc:-54 38:91:b7:1c:66:0e:-75 5e:62:8b:28:98:fb:-66 1c:61:b4:88:79:cb:-46 5c:62:8b:68:99:e2:-58 9c:a2:f4:58:88:db:-60 1c:61:b4:88:79:cc:-62 38:91:b7:1c:01:bd:-68 38:91:b7:1a:22:e2:-72 38:91:b7:1a:22:ef:-77 aa:61:b4:88:79:ce:-63 38:91:b7:1c:01:bc:-68 5c:62:8b:68:97:ae:-43 38:91:b7:1a:22:e1:-72 38:91:b7:19:2e:4e:-51 1c:61:b4:88:79:ca:-54 38:91:b7:1c:01:be:-68 38:91:b7:1c:08:4e:-78 38:91:b7:1c:76:51:-63 54:af:97:56:4d:dd:-60 50:91:e3:f8:87:2b:-67 38:91:b7:19:2e:4c:-51 38:91:b7:1a:22:ed:-77 38:91:b7:1c:76:52:-64 5e:62:8b:28:95:da:-50 38:91:b7:1a:22:e3:-72 50:91:e3:f8:87:29:-58 38:91:b7:1a:22:ec:-78 38:91:b7:1c:76:5d:-72 6c:cd:d6:ca:90:e2:-66 38:91:b7:1c:0b:dd:-56 38:91:b7:1c:01:bf:-68 00:df:1d:de:de:fd:-91 5e:62:8b:28:99:e3:-63 5c:62:8b:68:97:af:-40 00:df:1d:de:de:fe:-91 38:91:b7:1c:76:53:-63 5c:62:8b:68:99:e3:-66 54:af:97:56:4d:dc:-51 18:a6:f7:21:47:c6:-95 5c:62:8b:68:93:ae:-63 ec:f4:0c:2f:57:dc:-68 38:91:b7:1c:76:5f:-71 5e:62:8b:28:95:db:-49 38:91:b7:1a:22:ee:-77 52:91:e3:78:87:29:-70 38:91:b7:1c:76:50:-63 aa:61:b4:88:79:cf:-61 6c:cd:d6:ca:90:e1:-59 38:91:b7:1c:76:5c:-72 38:91:b7:1c:0b:df:-55 38:91:b7:1c:76:5e:-72 86:69:93:27:ad:35:-57 38:91:b7:1c:08:4d:-78 38:91:b7:1c:08:4c:-79 38:91:b7:19:2e:4f:-51 5e:62:8b:28:97:af:-45 38:91:b7:1a:22:e0:-72 5c:62:8b:68:95:db:-47 5e:62:8b:28:93:af:-65]] GPS:{Latitude:0 Longitude:0 Altitude:0}} 
2025-07-16 03:23:37 [37m[DEBUG][0m [PID-15] analysis.go func2:126 [raaise-18-06] nb1 classified 940.805631ms 
2025-07-16 03:23:37 [37m[DEBUG][0m [PID-15] analysis.go func2:126 [raaise-18-06] nb1 classified 1.628471915s 
2025-07-16 03:23:37 [37m[DEBUG][0m [PID-15] analysis.go AnalyzeSensorData:222 [raaise-18-06] analyzed in 1.629464948s 
2025-07-16 03:23:37 [37m[DEBUG][0m [PID-15] analysis.go func1:112 [raaise-18-06] python classified 578.399405ms 
2025-07-16 03:23:37 [37m[DEBUG][0m [PID-15] analysis.go func1:112 [raaise-18-06] python classified 472.85634ms 
2025-07-16 03:23:37 [31m[ERROR][0m [PID-15] analysis.go AnalyzeSensorData:222 problem analyzing: no predictions 
2025-07-16 03:23:37 [33m[WARN][0m [PID-15] calibration.go func1:202 problem with machine learnaing: problem analyzing: no predictions: {Timestamp:1751936117772 Family:raaise-18-06 Device:intruder Location:a14 Sensors:map[bluetooth:map[] wifi:map[38:91:b7:1c:66:0f:-69 38:91:b7:1c:0b:de:-55 38:91:b7:1c:08:4e:-80 38:91:b7:1a:22:e3:-70 6c:cd:d6:ca:90:e1:-63 9a:61:b4:88:79:cc:-56 38:91:b7:1c:76:5e:-74 50:91:e3:f8:87:2b:-74 38:91:b7:1a:22:e0:-69 38:91:b7:1c:0b:dd:-55 62:61:b4:88:79:ce:-55 00:df:1d:de:de:f2:-87 38:91:b7:1c:08:4d:-79 50:91:e3:f8:87:29:-69 38:91:b7:1c:76:5c:-75 38:91:b7:1a:22:e1:-69 54:af:97:56:4d:dc:-59 38:91:b7:1c:76:5f:-74 00:df:1d:de:de:f3:-87 52:91:e3:28:87:29:-64 38:91:b7:1c:01:bd:-61 5e:62:8b:28:93:af:-64 38:91:b7:1c:0b:df:-55 5e:62:8b:28:95:db:-45 6c:cd:d6:ca:90:e2:-76 38:91:b7:1c:76:5d:-74 38:91:b7:1c:01:be:-61 ec:f4:0c:2f:57:dc:-74 18:a6:f7:21:47:c6:-90 1c:61:b4:88:79:cb:-54 52:91:e3:78:87:29:-75 38:91:b7:1c:66:0d:-69 ec:f4:0c:2f:57:de:-73 ec:f4:0c:2f:57:df:-73 00:df:1d:de:de:f0:-87 5e:62:8b:28:97:ae:-46 38:91:b7:1c:01:bf:-61 5c:62:8b:68:97:af:-48 00:df:1d:de:de:f1:-86 38:91:b7:1c:0b:dc:-55 38:91:b7:1c:01:bc:-61 38:91:b7:1c:76:50:-67 5e:62:8b:28:95:da:-41 1c:61:b4:88:79:ca:-57 38:91:b7:1c:66:0c:-69 5e:62:8b:28:99:e3:-69 38:91:b7:1c:08:4c:-80 54:af:97:56:4d:dd:-61 5e:62:8b:28:97:af:-48 38:91:b7:1a:22:e2:-70 38:91:b7:1c:66:0e:-68 ec:f4:0c:2f:57:dd:-73 38:91:b7:1c:08:4f:-80]] GPS:{Latitude:0 Longitude:0 Altitude:0}} 
2025-07-16 03:23:37 [31m[ERROR][0m [PID-15] analysis.go AnalyzeSensorData:222 problem analyzing: no predictions 
2025-07-16 03:23:37 [33m[WARN][0m [PID-15] calibration.go func1:202 problem with machine learnaing: problem analyzing: no predictions: {Timestamp:1750211334067 Family:raaise-18-06 Device:user 1 Location:a14 Sensors:map[bluetooth:map[] wifi:map[00:df:1d:de:de:ff:-92 50:91:e3:f8:87:2b:-72 00:df:1d:de:de:fc:-92 6c:cd:d6:ca:90:e2:-70 38:91:b7:1c:0b:dd:-60 38:91:b7:1c:08:4c:-76 38:91:b7:1c:76:51:-67 5c:62:8b:68:99:e3:-65 52:91:e3:28:87:29:-57 38:91:b7:1a:22:ec:-80 ec:f4:0c:2f:57:dd:-69 38:91:b7:1a:22:ee:-80 38:91:b7:1c:0b:dc:-60 38:91:b7:1c:0b:df:-60 54:af:97:56:4d:dc:-57 6c:cd:d6:ca:90:e1:-63 9c:a2:f4:58:88:db:-59 38:91:b7:1c:08:4f:-76 ec:f4:0c:2f:57:dc:-69 5e:62:8b:28:99:e3:-65 52:91:e3:78:87:29:-72 ec:f4:0c:2f:57:df:-69 38:91:b7:1c:08:4d:-76 38:91:b7:1c:76:50:-69 38:91:b7:1a:22:ef:-80 ec:f4:0c:2f:57:de:-69 38:91:b7:1a:22:ed:-80 38:91:b7:1c:0b:de:-60 5e:62:8b:28:97:ae:-41 aa:61:b4:88:79:ce:-61 86:69:93:27:ad:35:-62 00:df:1d:de:de:fd:-91 38:91:b7:1c:08:4e:-76 50:91:e3:f8:87:29:-57 5c:62:8b:68:97:af:-46 5e:62:8b:28:97:af:-47 1c:61:b4:88:79:ca:-53 5e:62:8b:28:98:fb:-67 00:df:1d:de:de:fe:-91 54:af:97:56:4d:dd:-51]] GPS:{Latitude:0 Longitude:0 Altitude:0}} 
2025-07-16 03:23:37 [37m[DEBUG][0m [PID-15] analysis.go func2:126 [raaise-18-06] nb1 classified 1.99303635s 
2025-07-16 03:23:37 [37m[DEBUG][0m [PID-15] analysis.go AnalyzeSensorData:222 [raaise-18-06] analyzed in 1.994162911s 
2025-07-16 03:23:37 [37m[DEBUG][0m [PID-15] analysis.go func2:126 [raaise-18-06] nb1 classified 1.75566284s 
2025-07-16 03:23:37 [37m[DEBUG][0m [PID-15] analysis.go AnalyzeSensorData:222 [raaise-18-06] analyzed in 1.75659604s 
2025-07-16 03:23:37 [37m[DEBUG][0m [PID-15] analysis.go func2:126 [raaise-18-06] nb1 classified 1.839272746s 
2025-07-16 03:23:37 [37m[DEBUG][0m [PID-15] analysis.go AnalyzeSensorData:222 [raaise-18-06] analyzed in 1.860406271s 
2025-07-16 03:23:38 [37m[DEBUG][0m [PID-15] analysis.go func2:126 [raaise-18-06] nb1 classified 1.716991275s 
2025-07-16 03:23:38 [31m[ERROR][0m [PID-15] analysis.go AnalyzeSensorData:222 problem analyzing: no predictions 
2025-07-16 03:23:38 [33m[WARN][0m [PID-15] calibration.go func1:202 problem with machine learnaing: problem analyzing: no predictions: {Timestamp:1750211504066 Family:raaise-18-06 Device:user 1 Location:a14 Sensors:map[bluetooth:map[] wifi:map[ec:f4:0c:2f:57:de:-65 38:91:b7:1a:22:e0:-74 5e:62:8b:28:97:ae:-42 ec:f4:0c:2f:57:dd:-65 00:df:1d:de:de:fd:-89 38:91:b7:1c:08:4d:-77 5e:62:8b:28:99:e3:-67 ec:f4:0c:2f:57:df:-65 50:91:e3:f8:87:2b:-69 5c:62:8b:68:99:e3:-67 5c:62:8b:68:97:af:-46 5c:62:8b:68:98:fb:-67 6c:cd:d6:ca:90:e1:-69 00:df:1d:de:de:ff:-89 38:91:b7:1c:08:4c:-77 38:91:b7:1c:76:53:-69 38:91:b7:1a:22:e1:-74 38:91:b7:1a:22:ef:-77 38:91:b7:1c:08:4e:-77 00:df:1d:de:de:fc:-90 38:91:b7:19:2e:4c:-54 38:91:b7:1c:76:51:-69 54:af:97:56:4d:dc:-51 38:91:b7:1c:0b:de:-56 38:91:b7:19:2e:4f:-54 5e:62:8b:28:97:af:-46 18:a6:f7:21:47:c6:-96 38:91:b7:1a:22:e3:-75 ec:f4:0c:2f:57:dc:-65 38:91:b7:1c:0b:dd:-56 38:91:b7:19:2e:4d:-54 5e:62:8b:28:98:fb:-67 5e:62:8b:28:95:da:-55 38:91:b7:1c:76:52:-70 38:91:b7:1a:22:e2:-74 1c:61:b4:88:79:ca:-53 38:91:b7:1a:22:ed:-77 38:91:b7:1c:08:4f:-77 6c:cd:d6:ca:90:e2:-66 86:69:93:27:ad:35:-63 9c:a2:f4:58:88:db:-63 00:df:1d:de:de:fe:-89 5e:62:8b:28:95:db:-50 38:91:b7:1c:76:50:-70 5c:62:8b:68:97:ae:-42 38:91:b7:19:2e:4e:-55 54:af:97:56:4d:dd:-64 52:91:e3:78:87:29:-69 38:91:b7:1a:22:ee:-77 38:91:b7:1c:0b:df:-56 38:91:b7:1a:22:ec:-77 38:91:b7:1c:0b:dc:-56]] GPS:{Latitude:0 Longitude:0 Altitude:0}} 
2025-07-16 03:23:38 [37m[DEBUG][0m [PID-15] analysis.go func2:126 [raaise-18-06] nb1 classified 1.551257967s 
2025-07-16 03:23:38 [37m[DEBUG][0m [PID-15] analysis.go AnalyzeSensorData:222 [raaise-18-06] analyzed in 1.552160267s 
2025-07-16 03:23:38 [37m[DEBUG][0m [PID-15] analysis.go func2:126 [raaise-18-06] nb1 classified 1.42241101s 
2025-07-16 03:23:38 [37m[DEBUG][0m [PID-15] analysis.go func1:112 [raaise-18-06] python classified 428.857747ms 
2025-07-16 03:23:38 [31m[ERROR][0m [PID-15] analysis.go AnalyzeSensorData:222 problem analyzing: no predictions 
2025-07-16 03:23:38 [33m[WARN][0m [PID-15] calibration.go func1:202 problem with machine learnaing: problem analyzing: no predictions: {Timestamp:1751936485010 Family:raaise-18-06 Device:user 3 Location:a14 Sensors:map[bluetooth:map[] wifi:map[ec:f4:0c:2f:57:dd:-77 00:df:1d:de:de:f2:-80 1c:61:b4:88:79:cc:-58 5c:62:8b:68:97:af:-50 5e:62:8b:28:95:da:-41 54:af:97:56:4d:dd:-61 9c:a2:f4:58:88:db:-67 54:af:97:56:4d:dc:-56 ec:f4:0c:2f:57:dc:-76 00:df:1d:de:de:f0:-79 38:91:b7:1a:22:e0:-65 38:91:b7:1c:08:4e:-78 38:91:b7:1c:76:5f:-71 ec:f4:0c:2f:57:df:-76 5e:62:8b:28:95:db:-44 5e:62:8b:28:97:af:-48 38:91:b7:1a:22:e2:-66 38:91:b7:1c:76:53:-65 9a:61:b4:88:79:cc:-59 5c:62:8b:68:95:da:-41 50:91:e3:f8:87:2b:-72 52:91:e3:28:87:29:-61 38:91:b7:1c:76:5e:-71 38:91:b7:1c:08:4f:-78 50:91:e3:f8:87:29:-61 5e:62:8b:28:93:af:-59 38:91:b7:1a:22:e1:-66 38:91:b7:1c:76:5d:-71 38:91:b7:1c:08:4c:-77 38:91:b7:1c:76:5c:-71 5e:62:8b:28:93:ae:-52 00:df:1d:de:de:f1:-79 38:91:b7:1c:08:4d:-78 1c:61:b4:88:79:ca:-59 ec:f4:0c:2f:57:de:-76 38:91:b7:1a:22:e3:-65 00:df:1d:de:de:f3:-79 aa:61:b4:88:79:cf:-56]] GPS:{Latitude:0 Longitude:0 Altitude:0}} 
2025-07-16 03:23:38 [37m[DEBUG][0m [PID-15] analysis.go func2:126 [raaise-18-06] nb1 classified 1.425745093s 
2025-07-16 03:23:38 [37m[DEBUG][0m [PID-15] analysis.go AnalyzeSensorData:222 [raaise-18-06] analyzed in 1.427643996s 
2025-07-16 03:23:38 [37m[DEBUG][0m [PID-15] analysis.go func1:112 [raaise-18-06] python classified 427.773415ms 
2025-07-16 03:23:38 [37m[DEBUG][0m [PID-15] analysis.go func1:112 [raaise-18-06] python classified 489.855328ms 
2025-07-16 03:23:38 [37m[DEBUG][0m [PID-15] analysis.go func2:126 [raaise-18-06] nb1 classified 1.328183182s 
2025-07-16 03:23:38 [31m[ERROR][0m [PID-15] analysis.go AnalyzeSensorData:222 problem analyzing: no predictions 
2025-07-16 03:23:38 [33m[WARN][0m [PID-15] calibration.go func1:202 problem with machine learnaing: problem analyzing: no predictions: {Timestamp:1751936539366 Family:raaise-18-06 Device:user 1 Location:a14 Sensors:map[bluetooth:map[] wifi:map[38:91:b7:1c:66:0e:-70 38:91:b7:1c:66:0c:-70 38:91:b7:1c:66:0f:-70 54:af:97:56:4d:dc:-57 62:61:b4:88:79:ce:-53 38:91:b7:1c:66:0d:-71 5e:62:8b:28:95:db:-48 38:91:b7:1c:0b:dc:-60 38:91:b7:1a:22:ed:-82 5e:62:8b:28:97:ae:-41 38:91:b7:1c:08:4c:-79 38:91:b7:19:2e:4f:-58 52:91:e3:78:87:29:-77 5e:62:8b:28:95:da:-49 38:91:b7:1a:22:ec:-82 ec:f4:0c:2f:57:dc:-70 5c:62:8b:68:95:da:-49 00:df:1d:de:de:fe:-94 38:91:b7:19:2e:4c:-58 50:91:e3:f8:87:29:-67 aa:61:b4:88:79:cf:-68 38:91:b7:19:2e:4d:-58 9c:a2:f4:58:88:db:-61 00:df:1d:de:de:fd:-94 1c:61:b4:88:79:cb:-53 00:df:1d:de:de:ff:-93 5e:62:8b:28:97:af:-45 38:91:b7:1c:0b:de:-60 38:91:b7:1c:08:4f:-78 38:91:b7:1a:22:ef:-82 1c:61:b4:88:79:ca:-59 38:91:b7:1c:08:4d:-78 38:91:b7:1c:0b:dd:-60 38:91:b7:19:2e:4e:-58 6c:cd:d6:ca:90:e2:-75 38:91:b7:1a:22:ee:-82 38:91:b7:1c:08:4e:-79 aa:61:b4:88:79:ce:-61 50:91:e3:f8:87:2b:-77 ec:f4:0c:2f:57:dd:-69 1c:61:b4:88:79:cc:-66 ec:f4:0c:2f:57:df:-70 ec:f4:0c:2f:57:de:-70 00:df:1d:de:de:fc:-94 38:91:b7:1c:0b:df:-59]] GPS:{Latitude:0 Longitude:0 Altitude:0}} 
2025-07-16 03:23:38 [31m[ERROR][0m [PID-15] analysis.go AnalyzeSensorData:222 problem analyzing: no predictions 
2025-07-16 03:23:38 [33m[WARN][0m [PID-15] calibration.go func1:202 problem with machine learnaing: problem analyzing: no predictions: {Timestamp:1751936149359 Family:raaise-18-06 Device:user 1 Location:a14 Sensors:map[bluetooth:map[] wifi:map[38:91:b7:1c:0b:dd:-59 52:91:e3:78:87:29:-77 38:91:b7:1a:22:ed:-81 38:91:b7:1c:08:4f:-77 00:df:1d:de:de:ff:-92 38:91:b7:19:2e:4c:-59 6c:cd:d6:ca:90:e2:-77 6c:cd:d6:ca:90:e1:-76 38:91:b7:1c:66:0d:-71 38:91:b7:19:2e:4d:-59 38:91:b7:1c:0b:de:-59 ec:f4:0c:2f:57:de:-70 38:91:b7:1c:0b:df:-59 62:61:b4:88:79:ce:-53 50:91:e3:f8:87:29:-68 50:91:e3:f8:87:2b:-77 ec:f4:0c:2f:57:dd:-71 ec:f4:0c:2f:57:dc:-71 38:91:b7:19:2e:4f:-59 ec:f4:0c:2f:57:df:-71 38:91:b7:1a:22:ef:-81 00:df:1d:de:de:fd:-91 5e:62:8b:28:97:af:-44 38:91:b7:1c:66:0f:-70 5e:62:8b:28:95:db:-48 38:91:b7:1c:66:0e:-71 1c:61:b4:88:79:cb:-53 38:91:b7:1c:66:0c:-71 00:df:1d:de:de:fe:-91 38:91:b7:1c:0b:dc:-59 38:91:b7:19:2e:4e:-59 38:91:b7:1a:22:ee:-81 38:91:b7:1a:22:ec:-81 38:91:b7:1c:08:4c:-77 54:af:97:56:4d:dc:-57 00:df:1d:de:de:fc:-91 38:91:b7:1c:08:4d:-77 5c:62:8b:68:93:af:-61 38:91:b7:1c:08:4e:-77 5e:62:8b:28:95:da:-49]] GPS:{Latitude:0 Longitude:0 Altitude:0}} 
2025-07-16 03:23:38 [37m[DEBUG][0m [PID-15] analysis.go func1:112 [raaise-18-06] python classified 513.968358ms 
2025-07-16 03:23:38 [37m[DEBUG][0m [PID-15] analysis.go func1:112 [raaise-18-06] python classified 618.069937ms 
2025-07-16 03:23:38 [37m[DEBUG][0m [PID-15] analysis.go func1:112 [raaise-18-06] python classified 553.900483ms 
2025-07-16 03:23:39 [37m[DEBUG][0m [PID-15] analysis.go func2:126 [raaise-18-06] nb1 classified 1.842700418s 
2025-07-16 03:23:39 [37m[DEBUG][0m [PID-15] analysis.go func2:126 [raaise-18-06] nb1 classified 1.687407537s 
2025-07-16 03:23:39 [31m[ERROR][0m [PID-15] analysis.go AnalyzeSensorData:222 problem analyzing: no predictions 
2025-07-16 03:23:39 [33m[WARN][0m [PID-15] calibration.go func1:202 problem with machine learnaing: problem analyzing: no predictions: {Timestamp:1750223049913 Family:raaise-18-06 Device:user 2 Location:a11 Sensors:map[bluetooth:map[] wifi:map[38:91:b7:1c:08:4e:-65 38:91:b7:1c:0b:df:-69 38:91:b7:1c:66:0c:-67 38:91:b7:1c:76:53:-77 52:91:e3:28:87:29:-55 50:91:e3:f8:87:2b:-57 38:91:b7:1c:08:4c:-64 38:91:b7:1a:22:ec:-65 86:69:93:27:ad:35:-70 38:91:b7:19:2e:4d:-63 38:91:b7:1c:76:51:-77 38:91:b7:1a:22:ed:-65 38:91:b7:1a:22:e3:-62 38:91:b7:1a:22:e2:-62 38:91:b7:1c:76:5c:-86 ec:f4:0c:2f:57:de:-72 54:af:97:56:4d:dc:-66 38:91:b7:1c:76:50:-77 38:91:b7:1c:66:0d:-67 38:91:b7:1c:66:0f:-67 38:91:b7:1c:76:5f:-88 6c:cd:d6:ca:90:e2:-58 ec:f4:0c:2f:57:dd:-72 00:df:1d:de:de:fc:-74 38:91:b7:1a:22:e1:-62 1c:61:b4:88:79:cb:-55 38:91:b7:1c:01:be:-44 00:df:1d:de:de:ff:-74 38:91:b7:1c:76:5d:-86 00:df:1d:de:de:fe:-74 38:91:b7:1a:22:ee:-65 ec:f4:0c:2f:57:df:-72 38:91:b7:1a:22:ef:-64 38:91:b7:1a:22:e0:-61 38:91:b7:1c:08:4d:-64 9c:a2:f4:58:88:db:-60 38:91:b7:1c:66:0e:-67 5e:62:8b:28:97:af:-44 38:91:b7:1c:0b:de:-69 38:91:b7:1c:08:4f:-65 00:df:1d:de:de:f3:-70 38:91:b7:19:2e:4f:-63 ec:f4:0c:2f:57:dc:-72 38:91:b7:19:2e:4c:-63 38:91:b7:1c:76:52:-78 38:91:b7:1c:76:5e:-87 00:df:1d:de:de:fd:-74 38:91:b7:1c:0b:dc:-67 38:91:b7:1c:0b:dd:-69 38:91:b7:19:2e:4e:-63 50:91:e3:f8:87:29:-55 38:91:b7:1c:01:bc:-43 38:91:b7:1c:01:bf:-43 5e:62:8b:28:99:e2:-51 54:af:97:56:4d:dd:-63 62:61:b4:88:79:ce:-56 38:91:b7:1c:01:bd:-43]] GPS:{Latitude:0 Longitude:0 Altitude:0}} 
2025-07-16 03:23:39 [37m[DEBUG][0m [PID-15] analysis.go func1:112 [raaise-18-06] python classified 637.970181ms 
2025-07-16 03:23:39 [37m[DEBUG][0m [PID-15] analysis.go func2:126 [raaise-18-06] nb1 classified 1.499623843s 
2025-07-16 03:23:39 [37m[DEBUG][0m [PID-15] analysis.go func2:126 [raaise-18-06] nb1 classified 2.489246215s 
2025-07-16 03:23:39 [37m[DEBUG][0m [PID-15] analysis.go func2:126 [raaise-18-06] nb1 classified 2.152686418s 
2025-07-16 03:23:39 [37m[DEBUG][0m [PID-15] analysis.go AnalyzeSensorData:222 [raaise-18-06] analyzed in 2.153702067s 
2025-07-16 03:23:39 [37m[DEBUG][0m [PID-15] analysis.go func2:126 [raaise-18-06] nb1 classified 1.527713257s 
2025-07-16 03:23:39 [37m[DEBUG][0m [PID-15] analysis.go AnalyzeSensorData:222 [raaise-18-06] analyzed in 1.528559827s 
2025-07-16 03:23:39 [37m[DEBUG][0m [PID-15] analysis.go func2:126 [raaise-18-06] nb1 classified 1.570464717s 
2025-07-16 03:23:39 [37m[DEBUG][0m [PID-15] analysis.go func2:126 [raaise-18-06] nb1 classified 1.9987973s 
2025-07-16 03:23:39 [37m[DEBUG][0m [PID-15] analysis.go AnalyzeSensorData:222 [raaise-18-06] analyzed in 1.999728503s 
2025-07-16 03:23:39 [37m[DEBUG][0m [PID-15] analysis.go func1:112 [raaise-18-06] python classified 583.317419ms 
2025-07-16 03:23:39 [37m[DEBUG][0m [PID-15] analysis.go func2:126 [raaise-18-06] nb1 classified 1.684723597s 
2025-07-16 03:23:39 [37m[DEBUG][0m [PID-15] analysis.go AnalyzeSensorData:222 [raaise-18-06] analyzed in 1.685626832s 
2025-07-16 03:23:39 [37m[DEBUG][0m [PID-15] analysis.go func2:126 [raaise-18-06] nb1 classified 1.854524128s 
2025-07-16 03:23:39 [31m[ERROR][0m [PID-15] analysis.go AnalyzeSensorData:222 problem analyzing: no predictions 
2025-07-16 03:23:39 [33m[WARN][0m [PID-15] calibration.go func1:202 problem with machine learnaing: problem analyzing: no predictions: {Timestamp:1750222792635 Family:raaise-18-06 Device:user 1 Location:a11 Sensors:map[bluetooth:map[] wifi:map[50:91:e3:f8:87:29:-54 38:91:b7:19:2e:4c:-66 38:91:b7:19:2e:4d:-66 38:91:b7:1c:08:4d:-65 9c:a2:f4:58:88:db:-63 00:df:1d:de:de:fc:-79 1c:61:b4:88:79:ca:-64 5e:62:8b:28:93:af:-51 ec:f4:0c:2f:57:de:-70 ec:f4:0c:2f:57:df:-70 ec:f4:0c:2f:57:dd:-70 38:91:b7:19:2e:4f:-66 38:91:b7:1c:08:4e:-65 6c:cd:d6:ca:90:e1:-53 38:91:b7:1c:0b:dd:-68 54:af:97:56:4d:dd:-64 5e:62:8b:28:97:af:-53 5e:62:8b:28:95:db:-61 38:91:b7:1c:76:52:-70 86:69:93:27:ad:35:-66 00:df:1d:de:de:ff:-79 38:91:b7:1c:08:4c:-65 5c:62:8b:68:95:db:-61 38:91:b7:1c:08:4f:-65 00:df:1d:de:de:fe:-79 5e:62:8b:28:97:ae:-44 38:91:b7:1c:76:50:-70 00:df:1d:de:de:fd:-79 5e:62:8b:28:93:ae:-48 54:af:97:56:4d:dc:-66 50:91:e3:f8:87:2b:-62 38:91:b7:1c:0b:df:-68 38:91:b7:1c:0b:dc:-68 9a:61:b4:88:79:cc:-64 38:91:b7:1c:76:51:-70 38:91:b7:19:2e:4e:-66 ec:f4:0c:2f:57:dc:-70 38:91:b7:1c:76:53:-70 38:91:b7:1c:0b:de:-68]] GPS:{Latitude:0 Longitude:0 Altitude:0}} 
2025-07-16 03:23:39 [37m[DEBUG][0m [PID-15] analysis.go func1:112 [raaise-18-06] python classified 550.878891ms 
2025-07-16 03:23:40 [37m[DEBUG][0m [PID-15] analysis.go func2:126 [raaise-18-06] nb1 classified 1.842360086s 
2025-07-16 03:23:40 [37m[DEBUG][0m [PID-15] analysis.go AnalyzeSensorData:222 [raaise-18-06] analyzed in 1.843249479s 
2025-07-16 03:23:40 [37m[DEBUG][0m [PID-15] analysis.go func2:126 [raaise-18-06] nb1 classified 2.246430503s 
2025-07-16 03:23:40 [37m[DEBUG][0m [PID-15] analysis.go AnalyzeSensorData:222 [raaise-18-06] analyzed in 2.250872014s 
2025-07-16 03:23:40 [31m[ERROR][0m [PID-15] analysis.go AnalyzeSensorData:222 problem analyzing: no predictions 
2025-07-16 03:23:40 [33m[WARN][0m [PID-15] calibration.go func1:202 problem with machine learnaing: problem analyzing: no predictions: {Timestamp:1751938454196 Family:raaise-18-06 Device:user 1 Location:a11 Sensors:map[bluetooth:map[] wifi:map[ec:f4:0c:2f:57:dd:-74 38:91:b7:1a:22:ec:-73 5e:62:8b:28:99:e3:-61 6c:cd:d6:ca:90:e1:-56 5c:62:8b:68:95:db:-61 1c:61:b4:88:79:cb:-55 38:91:b7:1c:66:0d:-79 38:91:b7:19:2e:4d:-63 ec:f4:0c:2f:57:de:-74 00:df:1d:de:de:fe:-80 38:91:b7:19:2e:4e:-63 00:df:1d:de:de:ff:-80 5e:62:8b:28:97:af:-39 5c:62:8b:68:98:fb:-61 38:91:b7:1c:08:4d:-67 38:91:b7:1c:08:4c:-67 5e:62:8b:28:99:e2:-58 00:df:1d:de:de:fd:-80 5e:62:8b:28:95:db:-62 9c:a2:f4:58:88:db:-67 38:91:b7:1c:66:0f:-79 1c:61:b4:88:79:ca:-65 6c:cd:d6:ca:90:e2:-61 00:df:1d:de:de:fc:-80 5c:62:8b:68:93:af:-57 38:91:b7:1c:0b:de:-65 38:91:b7:1a:22:ed:-73 ec:f4:0c:2f:57:dc:-74 38:91:b7:1c:66:0e:-79 62:61:b4:88:79:ce:-55 5c:62:8b:68:99:e2:-58 38:91:b7:1a:22:ee:-73 54:af:97:56:4d:dc:-64 5c:62:8b:68:99:e3:-63 38:91:b7:1c:08:4f:-67 38:91:b7:19:2e:4f:-63 38:91:b7:1c:0b:dd:-65 38:91:b7:19:2e:4c:-63 ec:f4:0c:2f:57:df:-75 38:91:b7:1a:22:ef:-73 38:91:b7:1c:08:4e:-67 5e:62:8b:28:97:ae:-35 38:91:b7:1c:66:0c:-79 38:91:b7:1c:0b:dc:-65 5e:62:8b:28:93:af:-57 38:91:b7:1c:0b:df:-65]] GPS:{Latitude:0 Longitude:0 Altitude:0}} 
2025-07-16 03:23:40 [37m[DEBUG][0m [PID-15] analysis.go func1:112 [raaise-18-06] python classified 424.585485ms 
2025-07-16 03:23:40 [37m[DEBUG][0m [PID-15] analysis.go func2:126 [raaise-18-06] nb1 classified 1.775445657s 
2025-07-16 03:23:40 [37m[DEBUG][0m [PID-15] analysis.go func2:126 [raaise-18-06] nb1 classified 1.204231707s 
2025-07-16 03:23:40 [37m[DEBUG][0m [PID-15] analysis.go AnalyzeSensorData:222 [raaise-18-06] analyzed in 1.205046266s 
2025-07-16 03:23:40 [37m[DEBUG][0m [PID-15] analysis.go func2:126 [raaise-18-06] nb1 classified 956.500119ms 
2025-07-16 03:23:40 [37m[DEBUG][0m [PID-15] analysis.go func1:112 [raaise-18-06] python classified 518.39141ms 
2025-07-16 03:23:40 [37m[DEBUG][0m [PID-15] analysis.go func2:126 [raaise-18-06] nb1 classified 2.17611883s 
2025-07-16 03:23:40 [37m[DEBUG][0m [PID-15] analysis.go AnalyzeSensorData:222 [raaise-18-06] analyzed in 2.176961064s 
2025-07-16 03:23:40 [31m[ERROR][0m [PID-15] analysis.go AnalyzeSensorData:222 problem analyzing: no predictions 
2025-07-16 03:23:40 [33m[WARN][0m [PID-15] calibration.go func1:202 problem with machine learnaing: problem analyzing: no predictions: {Timestamp:1750223184923 Family:raaise-18-06 Device:user 2 Location:a11 Sensors:map[bluetooth:map[] wifi:map[ec:f4:0c:2f:57:dc:-71 38:91:b7:1a:22:e2:-69 50:91:e3:f8:87:2b:-61 38:91:b7:19:2e:4c:-58 38:91:b7:1a:22:e1:-69 38:91:b7:1c:08:4c:-69 1c:61:b4:88:79:ca:-62 38:91:b7:1c:66:0c:-69 38:91:b7:1a:22:e3:-69 5e:62:8b:28:98:fb:-65 38:91:b7:1c:76:5e:-83 5e:62:8b:28:95:db:-56 5c:62:8b:68:97:ae:-42 00:df:1d:de:de:fe:-76 ec:f4:0c:2f:57:dd:-71 38:91:b7:1c:66:0f:-69 1c:61:b4:88:79:cc:-62 38:91:b7:1c:0b:dd:-67 5c:62:8b:68:99:e3:-62 1c:61:b4:88:79:cb:-57 38:91:b7:1c:66:0d:-68 38:91:b7:1c:76:52:-76 52:91:e3:78:87:29:-61 38:91:b7:1c:0b:df:-67 38:91:b7:1c:01:be:-48 38:91:b7:1c:66:0e:-69 38:91:b7:19:2e:4e:-58 38:91:b7:1c:0b:de:-67 5c:62:8b:68:98:fb:-64 38:91:b7:1c:76:5f:-84 00:df:1d:de:de:fd:-76 38:91:b7:1c:76:53:-76 38:91:b7:1c:08:4f:-69 38:91:b7:1c:08:4e:-69 aa:61:b4:88:79:cf:-64 5e:62:8b:28:99:e3:-62 5e:62:8b:28:93:ae:-49 ec:f4:0c:2f:57:de:-71 38:91:b7:1c:76:50:-76 38:91:b7:1c:01:bd:-47 00:df:1d:de:de:ff:-76 50:91:e3:f8:87:29:-51 38:91:b7:1a:22:ed:-70 38:91:b7:1c:76:5c:-83 00:df:1d:de:de:f3:-78 38:91:b7:19:2e:4f:-58 62:61:b4:88:79:ce:-58 00:df:1d:de:de:f2:-78 38:91:b7:1c:01:bc:-48 38:91:b7:1a:22:e0:-69 5e:62:8b:28:93:af:-51 38:91:b7:19:2e:4d:-58 38:91:b7:1c:76:51:-76 6c:cd:d6:ca:90:e2:-63 38:91:b7:1a:22:ee:-70 ec:f4:0c:2f:57:df:-71 00:df:1d:de:de:fc:-76 5e:62:8b:28:97:ae:-39 6c:cd:d6:ca:90:e1:-53 5e:62:8b:28:97:af:-42 38:91:b7:1c:0b:dc:-67 54:af:97:56:4d:dc:-64 38:91:b7:1c:01:bf:-48 38:91:b7:1a:22:ec:-70 38:91:b7:1c:76:5d:-85 38:91:b7:1c:08:4d:-69 38:91:b7:1a:22:ef:-70]] GPS:{Latitude:0 Longitude:0 Altitude:0}} 
2025-07-16 03:23:40 [31m[ERROR][0m [PID-15] analysis.go AnalyzeSensorData:222 problem analyzing: no predictions 
2025-07-16 03:23:40 [33m[WARN][0m [PID-15] calibration.go func1:202 problem with machine learnaing: problem analyzing: no predictions: {Timestamp:1750223332638 Family:raaise-18-06 Device:user 1 Location:a11 Sensors:map[bluetooth:map[] wifi:map[38:91:b7:19:2e:4f:-58 5e:62:8b:28:97:af:-48 5e:62:8b:28:98:fb:-61 54:af:97:56:4d:dc:-60 38:91:b7:1c:76:50:-69 ec:f4:0c:2f:57:de:-74 38:91:b7:1c:76:52:-69 00:df:1d:de:de:fd:-76 5c:62:8b:68:97:af:-48 00:df:1d:de:de:fe:-76 38:91:b7:1c:76:51:-70 00:df:1d:de:de:ff:-76 ec:f4:0c:2f:57:dd:-74 38:91:b7:1c:08:4f:-65 9c:a2:f4:58:88:db:-66 38:91:b7:1c:08:4c:-65 54:af:97:56:4d:dd:-66 38:91:b7:1c:08:4d:-65 ec:f4:0c:2f:57:df:-73 5e:62:8b:28:99:e3:-60 50:91:e3:f8:87:29:-49 38:91:b7:19:2e:4e:-58 6c:cd:d6:ca:90:e1:-54 38:91:b7:1c:0b:dc:-67 5c:62:8b:68:93:af:-54 ec:f4:0c:2f:57:dc:-73 38:91:b7:19:2e:4d:-58 38:91:b7:1c:08:4e:-65 1c:61:b4:88:79:ca:-64 5c:62:8b:68:97:ae:-83 18:a6:f7:21:47:c6:-96 5e:62:8b:28:97:ae:-41 38:91:b7:1c:0b:df:-67 38:91:b7:19:2e:4c:-58 5c:62:8b:68:99:e3:-60 5c:62:8b:68:98:fb:-61 5e:62:8b:28:93:ae:-44 52:91:e3:28:87:29:-50 00:df:1d:de:de:fc:-76 38:91:b7:1c:0b:dd:-67 38:91:b7:1c:0b:de:-67 38:91:b7:1c:76:53:-69 5e:62:8b:28:95:db:-58 5e:62:8b:28:93:af:-54 50:91:e3:f8:87:2b:-62]] GPS:{Latitude:0 Longitude:0 Altitude:0}} 
2025-07-16 03:23:40 [37m[DEBUG][0m [PID-15] analysis.go func1:112 [raaise-18-06] python classified 420.366545ms 
2025-07-16 03:23:40 [37m[DEBUG][0m [PID-15] analysis.go func2:126 [raaise-18-06] nb1 classified 2.219757486s 
2025-07-16 03:23:40 [37m[DEBUG][0m [PID-15] analysis.go AnalyzeSensorData:222 [raaise-18-06] analyzed in 2.220646474s 
2025-07-16 03:23:40 [31m[ERROR][0m [PID-15] analysis.go AnalyzeSensorData:222 problem analyzing: no predictions 
2025-07-16 03:23:40 [33m[WARN][0m [PID-15] calibration.go func1:202 problem with machine learnaing: problem analyzing: no predictions: {Timestamp:1751938544188 Family:raaise-18-06 Device:user 1 Location:a11 Sensors:map[bluetooth:map[] wifi:map[38:91:b7:19:2e:4c:-63 38:91:b7:1a:22:ed:-74 1c:61:b4:88:79:ca:-65 62:61:b4:88:79:ce:-55 9a:61:b4:88:79:cc:-65 00:df:1d:de:de:fd:-80 00:df:1d:de:de:fc:-80 38:91:b7:1c:66:0d:-80 38:91:b7:19:2e:4d:-64 38:91:b7:1c:08:4d:-66 ec:f4:0c:2f:57:dc:-75 5e:62:8b:28:93:af:-57 9c:a2:f4:58:88:db:-67 38:91:b7:1c:08:4e:-66 38:91:b7:1c:0b:dc:-65 38:91:b7:1c:0b:de:-65 5e:62:8b:28:97:af:-42 38:91:b7:1a:22:ef:-74 5e:62:8b:28:95:db:-63 38:91:b7:1a:22:ee:-74 5c:62:8b:68:93:af:-58 1c:61:b4:88:79:cb:-55 ec:f4:0c:2f:57:de:-75 00:df:1d:de:de:fe:-80 6c:cd:d6:ca:90:e1:-55 54:af:97:56:4d:dc:-64 38:91:b7:1c:08:4c:-66 38:91:b7:1a:22:ec:-73 ec:f4:0c:2f:57:df:-74 38:91:b7:19:2e:4f:-64 38:91:b7:1c:0b:dd:-65 38:91:b7:1c:08:4f:-66 38:91:b7:1c:66:0f:-80 ec:f4:0c:2f:57:dd:-74 38:91:b7:1c:0b:df:-65 00:df:1d:de:de:ff:-80 6c:cd:d6:ca:90:e2:-61 38:91:b7:1c:66:0e:-80 38:91:b7:1c:66:0c:-81 38:91:b7:19:2e:4e:-64 5e:62:8b:28:97:ae:-35]] GPS:{Latitude:0 Longitude:0 Altitude:0}} 
2025-07-16 03:23:40 [37m[DEBUG][0m [PID-15] analysis.go func2:126 [raaise-18-06] nb1 classified 1.099160053s 
2025-07-16 03:23:40 [37m[DEBUG][0m [PID-15] analysis.go func2:126 [raaise-18-06] nb1 classified 927.297347ms 
2025-07-16 03:23:40 [37m[DEBUG][0m [PID-15] analysis.go AnalyzeSensorData:222 [raaise-18-06] analyzed in 928.417308ms 
2025-07-16 03:23:40 [37m[DEBUG][0m [PID-15] analysis.go func2:126 [raaise-18-06] nb1 classified 1.580211121s 
2025-07-16 03:23:40 [37m[DEBUG][0m [PID-15] analysis.go AnalyzeSensorData:222 [raaise-18-06] analyzed in 1.581039613s 
2025-07-16 03:23:40 [37m[DEBUG][0m [PID-15] analysis.go func1:112 [raaise-18-06] python classified 412.858356ms 
2025-07-16 03:23:41 [31m[ERROR][0m [PID-15] analysis.go AnalyzeSensorData:222 problem analyzing: no predictions 
2025-07-16 03:23:41 [33m[WARN][0m [PID-15] calibration.go func1:202 problem with machine learnaing: problem analyzing: no predictions: {Timestamp:1751938574570 Family:raaise-18-06 Device:intruder Location:a11 Sensors:map[bluetooth:map[] wifi:map[38:91:b7:1c:66:0f:-72 38:91:b7:1c:01:bd:-45 5e:62:8b:28:97:af:-46 ec:f4:0c:2f:57:dc:-77 5e:62:8b:28:93:ae:-45 38:91:b7:1c:66:0e:-73 5e:62:8b:28:99:e3:-60 6c:cd:d6:ca:90:e2:-61 54:af:97:56:4d:dd:-67 ec:f4:0c:2f:57:df:-77 38:91:b7:1a:22:e2:-64 38:91:b7:1c:08:4f:-67 38:91:b7:1c:01:be:-45 5e:62:8b:28:93:af:-53 62:61:b4:88:79:ce:-61 38:91:b7:1c:66:0c:-72 38:91:b7:1c:76:5f:-85 38:91:b7:1a:22:e1:-65 5e:62:8b:28:98:fb:-59 38:91:b7:1c:76:5c:-85 38:91:b7:1c:66:0d:-72 38:91:b7:1c:01:bf:-45 5e:62:8b:28:95:db:-57 38:91:b7:1c:01:bc:-45 38:91:b7:1c:08:4c:-67 1c:61:b4:88:79:cb:-62 38:91:b7:1c:76:5e:-85 38:91:b7:1c:08:4e:-66 38:91:b7:1c:76:5d:-85 ec:f4:0c:2f:57:de:-77 00:df:1d:de:de:f1:-78 5c:62:8b:68:98:fb:-59 38:91:b7:1a:22:e3:-65 ec:f4:0c:2f:57:dd:-77 54:af:97:56:4d:dc:-66 00:df:1d:de:de:f0:-78 00:df:1d:de:de:f2:-78 38:91:b7:1c:08:4d:-67 38:91:b7:1a:22:e0:-65 5e:62:8b:28:97:ae:-42 00:df:1d:de:de:f3:-79]] GPS:{Latitude:0 Longitude:0 Altitude:0}} 
2025-07-16 03:23:41 [37m[DEBUG][0m [PID-15] analysis.go func1:112 [raaise-18-06] python classified 528.473451ms 
2025-07-16 03:23:41 [37m[DEBUG][0m [PID-15] analysis.go func2:126 [raaise-18-06] nb1 classified 1.065952195s 
2025-07-16 03:23:41 [37m[DEBUG][0m [PID-15] analysis.go func2:126 [raaise-18-06] nb1 classified 893.650518ms 
2025-07-16 03:23:41 [37m[DEBUG][0m [PID-15] analysis.go func2:126 [raaise-18-06] nb1 classified 1.485827369s 
2025-07-16 03:23:41 [37m[DEBUG][0m [PID-15] analysis.go AnalyzeSensorData:222 [raaise-18-06] analyzed in 1.486727893s 
2025-07-16 03:23:41 [37m[DEBUG][0m [PID-15] analysis.go func1:112 [raaise-18-06] python classified 589.286079ms 
2025-07-16 03:23:41 [37m[DEBUG][0m [PID-15] analysis.go func1:112 [raaise-18-06] python classified 550.665566ms 
2025-07-16 03:23:41 [37m[DEBUG][0m [PID-15] analysis.go func1:112 [raaise-18-06] python classified 456.772004ms 
2025-07-16 03:23:41 [37m[DEBUG][0m [PID-15] analysis.go func2:126 [raaise-18-06] nb1 classified 1.193440232s 
2025-07-16 03:23:41 [37m[DEBUG][0m [PID-15] analysis.go AnalyzeSensorData:222 [raaise-18-06] analyzed in 1.194330812s 
2025-07-16 03:23:41 [37m[DEBUG][0m [PID-15] analysis.go func2:126 [raaise-18-06] nb1 classified 1.034933824s 
2025-07-16 03:23:41 [37m[DEBUG][0m [PID-15] analysis.go func1:112 [raaise-18-06] python classified 621.382602ms 
2025-07-16 03:23:41 [37m[DEBUG][0m [PID-15] analysis.go AnalyzeSensorData:222 [raaise-18-06] analyzed in 1.138648618s 
2025-07-16 03:23:41 [37m[DEBUG][0m [PID-15] analysis.go func1:112 [raaise-18-06] python classified 513.121194ms 
2025-07-16 03:23:41 [37m[DEBUG][0m [PID-15] analysis.go func2:126 [raaise-18-06] nb1 classified 1.501258692s 
2025-07-16 03:23:41 [31m[ERROR][0m [PID-15] analysis.go AnalyzeSensorData:222 problem analyzing: no predictions 
2025-07-16 03:23:41 [33m[WARN][0m [PID-15] calibration.go func1:202 problem with machine learnaing: problem analyzing: no predictions: {Timestamp:1750222944919 Family:raaise-18-06 Device:user 2 Location:a11 Sensors:map[bluetooth:map[] wifi:map[38:91:b7:1c:0b:de:-69 38:91:b7:1c:66:0e:-67 38:91:b7:1a:22:ed:-66 38:91:b7:1c:08:4f:-65 38:91:b7:1c:76:51:-76 5c:62:8b:68:95:da:-53 5c:62:8b:68:98:fb:-58 aa:61:b4:88:79:cf:-64 5e:62:8b:28:98:fb:-58 38:91:b7:1c:66:0f:-67 9c:a2:f4:58:88:db:-68 54:af:97:56:4d:dc:-65 38:91:b7:1c:76:53:-75 38:91:b7:1c:01:bf:-44 50:91:e3:f8:87:2b:-58 38:91:b7:1c:0b:df:-69 38:91:b7:19:2e:4d:-63 ec:f4:0c:2f:57:dc:-71 38:91:b7:19:2e:4c:-63 38:91:b7:1c:08:4e:-65 38:91:b7:1c:01:bd:-44 52:91:e3:28:87:29:-55 1c:61:b4:88:79:cc:-65 00:df:1d:de:de:fd:-74 38:91:b7:1c:0b:dc:-69 5e:62:8b:28:93:ae:-48 38:91:b7:1c:76:52:-76 5c:62:8b:68:93:ae:-49 00:df:1d:de:de:ff:-74 38:91:b7:1a:22:ef:-66 50:91:e3:f8:87:29:-56 38:91:b7:1c:76:5c:-86 52:91:e3:78:87:29:-57 38:91:b7:1a:22:ec:-66 ec:f4:0c:2f:57:de:-71 38:91:b7:1c:66:0d:-67 38:91:b7:1c:08:4c:-65 38:91:b7:1c:0b:dd:-67 ec:f4:0c:2f:57:dd:-71 38:91:b7:1c:76:50:-76 38:91:b7:19:2e:4e:-63 1c:61:b4:88:79:ca:-62 5e:62:8b:28:97:af:-44 38:91:b7:19:2e:4f:-62 00:df:1d:de:de:fe:-73 6c:cd:d6:ca:90:e1:-53 62:61:b4:88:79:ce:-55 38:91:b7:1c:01:bc:-44 ec:f4:0c:2f:57:df:-71 38:91:b7:1c:01:be:-43 38:91:b7:1c:66:0c:-67 1c:61:b4:88:79:cb:-56 38:91:b7:1c:76:5d:-86 38:91:b7:1c:08:4d:-65 6c:cd:d6:ca:90:e2:-58 38:91:b7:1a:22:ee:-66 5c:62:8b:68:97:af:-45 38:91:b7:1c:76:5f:-87 00:df:1d:de:de:fc:-73 5e:62:8b:28:93:af:-52 38:91:b7:1c:76:5e:-87]] GPS:{Latitude:0 Longitude:0 Altitude:0}} 
2025-07-16 03:23:41 [37m[DEBUG][0m [PID-15] analysis.go func2:126 [raaise-18-06] nb1 classified 1.165801424s 
2025-07-16 03:23:41 [37m[DEBUG][0m [PID-15] analysis.go AnalyzeSensorData:222 [raaise-18-06] analyzed in 1.266543811s 
2025-07-16 03:23:41 [37m[DEBUG][0m [PID-15] analysis.go func2:126 [raaise-18-06] nb1 classified 1.322539978s 
2025-07-16 03:23:41 [37m[DEBUG][0m [PID-15] analysis.go func1:112 [raaise-18-06] python classified 417.622096ms 
2025-07-16 03:23:41 [31m[ERROR][0m [PID-15] analysis.go AnalyzeSensorData:222 problem analyzing: no predictions 
2025-07-16 03:23:41 [33m[WARN][0m [PID-15] calibration.go func1:202 problem with machine learnaing: problem analyzing: no predictions: {Timestamp:1750223167634 Family:raaise-18-06 Device:user 1 Location:a11 Sensors:map[bluetooth:map[] wifi:map[38:91:b7:1c:0b:df:-61 ec:f4:0c:2f:57:dc:-70 38:91:b7:1c:76:50:-76 5e:62:8b:28:93:af:-50 9a:61:b4:88:79:cc:-63 38:91:b7:19:2e:4d:-57 38:91:b7:19:2e:4e:-57 38:91:b7:1a:22:e2:-67 ec:f4:0c:2f:57:dd:-70 38:91:b7:1c:08:4f:-61 86:69:93:27:ad:35:-67 38:91:b7:1c:0b:dc:-61 38:91:b7:19:2e:4c:-57 50:91:e3:f8:87:2b:-67 54:af:97:56:4d:dd:-58 5e:62:8b:28:97:ae:-42 5e:62:8b:28:95:db:-56 38:91:b7:1c:08:4e:-61 5e:62:8b:28:99:e3:-57 5c:62:8b:68:95:db:-58 5e:62:8b:28:98:fa:-57 50:91:e3:f8:87:29:-53 5c:62:8b:68:93:af:-50 38:91:b7:1c:08:4c:-61 38:91:b7:1c:0b:dd:-61 5c:62:8b:68:98:fa:-57 38:91:b7:1c:0b:de:-61 38:91:b7:1c:76:52:-75 00:df:1d:de:de:fe:-79 6c:cd:d6:ca:90:e1:-56 ec:f4:0c:2f:57:de:-70 00:df:1d:de:de:fc:-79 38:91:b7:19:2e:4f:-57 00:df:1d:de:de:ff:-79 38:91:b7:1c:76:51:-76 9c:a2:f4:58:88:db:-61 00:df:1d:de:de:fd:-79 38:91:b7:1c:08:4d:-61 38:91:b7:1a:22:e0:-66 54:af:97:56:4d:dc:-58 38:91:b7:1a:22:e3:-67 5e:62:8b:28:97:af:-46 ec:f4:0c:2f:57:df:-71 38:91:b7:1a:22:e1:-67 38:91:b7:1c:76:53:-76]] GPS:{Latitude:0 Longitude:0 Altitude:0}} 
2025-07-16 03:23:42 [37m[DEBUG][0m [PID-15] analysis.go func2:126 [raaise-18-06] nb1 classified 1.368653927s 
2025-07-16 03:23:42 [37m[DEBUG][0m [PID-15] analysis.go AnalyzeSensorData:222 [raaise-18-06] analyzed in 1.384171401s 
2025-07-16 03:23:42 [31m[ERROR][0m [PID-15] analysis.go AnalyzeSensorData:222 problem analyzing: no predictions 
2025-07-16 03:23:42 [33m[WARN][0m [PID-15] calibration.go func1:202 problem with machine learnaing: problem analyzing: no predictions: {Timestamp:1751938644187 Family:raaise-18-06 Device:user 1 Location:a11 Sensors:map[bluetooth:map[] wifi:map[38:91:b7:19:2e:4f:-64 6c:cd:d6:ca:90:e1:-56 9c:a2:f4:58:88:db:-67 62:61:b4:88:79:ce:-55 38:91:b7:1c:0b:df:-65 5c:62:8b:68:93:af:-57 ec:f4:0c:2f:57:df:-74 38:91:b7:1c:66:0f:-79 00:df:1d:de:de:fe:-80 5e:62:8b:28:97:af:-42 5e:62:8b:28:93:af:-57 5c:62:8b:68:99:e2:-56 38:91:b7:1a:22:ed:-73 38:91:b7:1c:08:4f:-66 9a:61:b4:88:79:cc:-66 38:91:b7:1a:22:ee:-73 38:91:b7:1c:66:0d:-80 38:91:b7:1c:08:4e:-66 38:91:b7:1c:0b:dc:-65 54:af:97:56:4d:dc:-64 38:91:b7:19:2e:4c:-64 5e:62:8b:28:97:ae:-34 38:91:b7:1c:76:53:-74 38:91:b7:1c:0b:dd:-65 5c:62:8b:68:97:ae:-36 5c:62:8b:68:97:af:-42 5e:62:8b:28:95:db:-62 38:91:b7:1c:08:4d:-66 38:91:b7:19:2e:4d:-64 5c:62:8b:68:95:db:-62 ec:f4:0c:2f:57:dd:-74 ec:f4:0c:2f:57:dc:-74 ec:f4:0c:2f:57:de:-74 38:91:b7:1c:76:52:-74 5e:62:8b:28:98:fb:-61 1c:61:b4:88:79:cb:-55 38:91:b7:19:2e:4e:-64 38:91:b7:1c:66:0c:-79 00:df:1d:de:de:fc:-80 5e:62:8b:28:99:e3:-63 38:91:b7:1a:22:ec:-73 5e:62:8b:28:93:ae:-51 5c:62:8b:68:93:ae:-49 00:df:1d:de:de:fd:-80 6c:cd:d6:ca:90:e2:-61 5c:62:8b:68:99:e3:-63 38:91:b7:1c:0b:de:-65 38:91:b7:1c:66:0e:-79 5c:62:8b:68:98:fb:-60 38:91:b7:1a:22:ef:-73 38:91:b7:1c:76:51:-74 38:91:b7:1c:08:4c:-66 00:df:1d:de:de:ff:-80 1c:61:b4:88:79:ca:-65]] GPS:{Latitude:0 Longitude:0 Altitude:0}} 
2025-07-16 03:23:42 [37m[DEBUG][0m [PID-15] analysis.go func2:126 [raaise-18-06] nb1 classified 1.557070599s 
2025-07-16 03:23:42 [37m[DEBUG][0m [PID-15] analysis.go AnalyzeSensorData:222 [raaise-18-06] analyzed in 1.558937974s 
2025-07-16 03:23:42 [37m[DEBUG][0m [PID-15] analysis.go func2:126 [raaise-18-06] nb1 classified 1.395089716s 
2025-07-16 03:23:42 [37m[DEBUG][0m [PID-15] analysis.go AnalyzeSensorData:222 [raaise-18-06] analyzed in 1.452558136s 
2025-07-16 03:23:42 [37m[DEBUG][0m [PID-15] analysis.go func2:126 [raaise-18-06] nb1 classified 1.588289879s 
2025-07-16 03:23:42 [37m[DEBUG][0m [PID-15] analysis.go AnalyzeSensorData:222 [raaise-18-06] analyzed in 1.589188109s 
2025-07-16 03:23:42 [37m[DEBUG][0m [PID-15] analysis.go func2:126 [raaise-18-06] nb1 classified 1.332552518s 
2025-07-16 03:23:42 [37m[DEBUG][0m [PID-15] analysis.go AnalyzeSensorData:222 [raaise-18-06] analyzed in 1.33339516s 
2025-07-16 03:23:42 [37m[DEBUG][0m [PID-15] analysis.go func2:126 [raaise-18-06] nb1 classified 1.243051648s 
2025-07-16 03:23:42 [37m[DEBUG][0m [PID-15] analysis.go func2:126 [raaise-18-06] nb1 classified 1.007046805s 
2025-07-16 03:23:42 [37m[DEBUG][0m [PID-15] analysis.go func2:126 [raaise-18-06] nb1 classified 863.284822ms 
2025-07-16 03:23:42 [37m[DEBUG][0m [PID-15] analysis.go func2:126 [raaise-18-06] nb1 classified 1.181815038s 
2025-07-16 03:23:42 [37m[DEBUG][0m [PID-15] analysis.go AnalyzeSensorData:222 [raaise-18-06] analyzed in 1.182876692s 
2025-07-16 03:23:42 [36m[INFO][0m [PID-15] calibration.go findBestAlgorithm:219 [raaise-18-06] analyzed 306 data in 41.58167646s 
2025-07-16 03:23:42 [37m[DEBUG][0m [PID-15] calibration.go findBestAlgorithm:255 locationTotals: map[a02:19 a14:21 a01:22 a10:24 a17:23 a13:25 a15:32 a16:29 a11:24 a04:24 a07:20 a03:27 a06:16] 
2025-07-16 03:23:42 [36m[INFO][0m [PID-15] calibration.go findBestAlgorithm:315 [raaise-18-06] total correct: 157/306 
2025-07-16 03:23:42 [36m[INFO][0m [PID-15] calibration.go findBestAlgorithm:339 [raaise-18-06] a04 accuracy: 67% 
2025-07-16 03:23:42 [36m[INFO][0m [PID-15] calibration.go findBestAlgorithm:339 [raaise-18-06] a07 accuracy: 70% 
2025-07-16 03:23:42 [36m[INFO][0m [PID-15] calibration.go findBestAlgorithm:339 [raaise-18-06] a13 accuracy: 48% 
2025-07-16 03:23:42 [36m[INFO][0m [PID-15] calibration.go findBestAlgorithm:339 [raaise-18-06] a02 accuracy: 21% 
2025-07-16 03:23:42 [36m[INFO][0m [PID-15] calibration.go findBestAlgorithm:339 [raaise-18-06] a06 accuracy: 62% 
2025-07-16 03:23:42 [36m[INFO][0m [PID-15] calibration.go findBestAlgorithm:339 [raaise-18-06] a14 accuracy:  0% 
2025-07-16 03:23:42 [36m[INFO][0m [PID-15] calibration.go findBestAlgorithm:339 [raaise-18-06] a11 accuracy: 42% 
2025-07-16 03:23:42 [36m[INFO][0m [PID-15] calibration.go findBestAlgorithm:339 [raaise-18-06] a01 accuracy: 64% 
2025-07-16 03:23:42 [36m[INFO][0m [PID-15] calibration.go findBestAlgorithm:339 [raaise-18-06] a10 accuracy: 83% 
2025-07-16 03:23:42 [36m[INFO][0m [PID-15] calibration.go findBestAlgorithm:339 [raaise-18-06] a17 accuracy: 48% 
2025-07-16 03:23:42 [36m[INFO][0m [PID-15] calibration.go findBestAlgorithm:339 [raaise-18-06] a15 accuracy: 56% 
2025-07-16 03:23:42 [36m[INFO][0m [PID-15] calibration.go findBestAlgorithm:339 [raaise-18-06] a16 accuracy: 66% 
2025-07-16 03:23:42 [36m[INFO][0m [PID-15] calibration.go findBestAlgorithm:339 [raaise-18-06] a03 accuracy: 33% 
2025-07-16 03:23:42 [37m[DEBUG][0m [PID-15] location_images.go GenerateImages:33 generating images for raaise-18-06 
2025-07-16 03:23:42 [37m[DEBUG][0m [PID-15] db.go getRows:1055 getting columns 
2025-07-16 03:23:42 [37m[DEBUG][0m [PID-15] db.go getRows:1062 getting sensorstringsizer 
2025-07-16 03:23:42 [37m[DEBUG][0m [PID-15] db.go getRows:1079 getting locations 
2025-07-16 03:23:42 [37m[DEBUG][0m [PID-15] db.go getRows:1085 got locations 
2025-07-16 03:23:44 [36m[INFO][0m [PID-15] server.go func1:1360 [::1]:56810 GET /api/v1/data/raaise-18-06 1.464719972s 
2025-07-16 03:23:46 [37m[DEBUG][0m [PID-15] location_images.go GenerateImages:67 {generated data true} 
2025-07-16 03:33:23 [37m[DEBUG][0m [PID-15] websockets.go websocketListener:81 removed raaise-18-06-all/172.18.0.1:34244 
2025-07-16 03:33:23 [37m[DEBUG][0m [PID-15] db.go GetSensorFromGreaterTime:429 using minimum timestamp of 1751937957792 
2025-07-16 03:33:23 [37m[DEBUG][0m [PID-15] db.go getRows:1055 getting columns 
2025-07-16 03:33:23 [37m[DEBUG][0m [PID-15] db.go getRows:1062 getting sensorstringsizer 
2025-07-16 03:33:23 [37m[DEBUG][0m [PID-15] db.go getRows:1079 getting locations 
2025-07-16 03:33:23 [37m[DEBUG][0m [PID-15] db.go getRows:1085 got locations 
2025-07-16 03:33:23 [36m[INFO][0m [PID-15] server.go func1:1360 172.18.0.1:50646 GET /ws?device=all&family=raaise-18-06 64.533µs 
2025-07-16 03:33:23 [37m[DEBUG][0m [PID-15] server.go 1:367 [raaise-18-06] got sensor from greater time 6.537592ms 
2025-07-16 03:33:23 [37m[DEBUG][0m [PID-15] server.go 1:380 [raaise-18-06] found 3 devices to check 
2025-07-16 03:33:23 [37m[DEBUG][0m [PID-15] server.go 1:381 [raaise-18-06] getting device counts 
2025-07-16 03:33:23 [37m[DEBUG][0m [PID-15] server.go 1:399 found 3 devices 
2025-07-16 03:33:23 [37m[DEBUG][0m [PID-15] server.go 1:400 [raaise-18-06] getting locations 
2025-07-16 03:33:23 [37m[DEBUG][0m [PID-15] server.go 1:407 found 13 locations 
2025-07-16 03:33:23 [37m[DEBUG][0m [PID-15] server.go 1:408 [raaise-18-06] total learned count 
2025-07-16 03:33:23 [37m[DEBUG][0m [PID-15] server.go 1:434 [raaise-18-06] getting location count 
2025-07-16 03:33:23 [37m[DEBUG][0m [PID-15] server.go 1:440 [raaise-18-06] locations: map[a10:653 a01:599 a06:453 a14:541 a03:677 a16:631 a17:500 a04:562 a02:590 a11:552 a07:550 a13:610 a15:815] 
2025-07-16 03:33:23 [37m[DEBUG][0m [PID-15] server.go 1:489 [raaise-18-06] getting by_locations for 3 devices 
2025-07-16 03:33:23 [37m[DEBUG][0m [PID-15] db.go GetSensorFromGreaterTime:429 using minimum timestamp of 1751940657792 
2025-07-16 03:33:23 [37m[DEBUG][0m [PID-15] db.go getRows:1055 getting columns 
2025-07-16 03:33:23 [37m[DEBUG][0m [PID-15] db.go getRows:1062 getting sensorstringsizer 
2025-07-16 03:33:23 [37m[DEBUG][0m [PID-15] db.go getRows:1079 getting locations 
2025-07-16 03:33:23 [37m[DEBUG][0m [PID-15] db.go getRows:1085 got locations 
2025-07-16 03:33:23 [37m[DEBUG][0m [PID-15] analysis.go GetByLocation:299 [raaise-18-06] got sensor from greater time 1.967222ms 
2025-07-16 03:33:23 [37m[DEBUG][0m [PID-15] analysis.go GetByLocation:313 [raaise-18-06] got predictions in map 207.848µs 
2025-07-16 03:33:23 [37m[DEBUG][0m [PID-15] analysis.go GetByLocation:321 [raaise-18-06] found 1 devices to check 
2025-07-16 03:33:23 [37m[DEBUG][0m [PID-15] analysis.go GetByLocation:331 [raaise-18-06] got device counts 88ns 
2025-07-16 03:33:23 [37m[DEBUG][0m [PID-15] analysis.go GetByLocation:339 [raaise-18-06] got device first-time 390.219µs 
2025-07-16 03:33:23 [37m[DEBUG][0m [PID-15] server.go 1:495 [raaise-18-06] creating device table 
2025-07-16 03:33:23 [37m[DEBUG][0m [PID-15] server.go 1:536 [raaise-18-06] rendered dashboard in 55.330319ms 
2025-07-16 03:33:23 [36m[INFO][0m [PID-15] server.go func1:1360 172.18.0.1:50636 GET /view/dashboard/raaise-18-06 55.755134ms 
2025-07-16 03:33:23 [37m[DEBUG][0m [PID-15] websockets.go websocketListener:81 removed raaise-18-06-all/172.18.0.1:50646 
2025-07-16 03:33:23 [37m[DEBUG][0m [PID-15] server.go 1:284 [raaise-18-06] getting gps 
2025-07-16 03:33:23 [36m[INFO][0m [PID-15] server.go func1:1360 172.18.0.1:50710 GET /view/gps/raaise-18-06 5.207656ms 
2025-07-16 03:33:23 [36m[INFO][0m [PID-15] server.go func1:1360 172.18.0.1:50722 GET /ws?device=all&family=raaise-18-06 59.397µs 
2025-07-16 03:33:25 [37m[DEBUG][0m [PID-15] websockets.go websocketListener:81 removed raaise-18-06-all/172.18.0.1:50722 
2025-07-16 03:33:25 [37m[DEBUG][0m [PID-15] db.go GetSensorFromGreaterTime:429 using minimum timestamp of 1751937957792 
2025-07-16 03:33:25 [37m[DEBUG][0m [PID-15] db.go getRows:1055 getting columns 
2025-07-16 03:33:25 [37m[DEBUG][0m [PID-15] db.go getRows:1062 getting sensorstringsizer 
2025-07-16 03:33:25 [37m[DEBUG][0m [PID-15] db.go getRows:1079 getting locations 
2025-07-16 03:33:25 [37m[DEBUG][0m [PID-15] db.go getRows:1085 got locations 
2025-07-16 03:33:25 [37m[DEBUG][0m [PID-15] server.go 1:367 [raaise-18-06] got sensor from greater time 4.137035ms 
2025-07-16 03:33:25 [37m[DEBUG][0m [PID-15] server.go 1:380 [raaise-18-06] found 3 devices to check 
2025-07-16 03:33:25 [37m[DEBUG][0m [PID-15] server.go 1:381 [raaise-18-06] getting device counts 
2025-07-16 03:33:25 [37m[DEBUG][0m [PID-15] server.go 1:399 found 3 devices 
2025-07-16 03:33:25 [37m[DEBUG][0m [PID-15] server.go 1:400 [raaise-18-06] getting locations 
2025-07-16 03:33:25 [37m[DEBUG][0m [PID-15] server.go 1:407 found 13 locations 
2025-07-16 03:33:25 [37m[DEBUG][0m [PID-15] server.go 1:408 [raaise-18-06] total learned count 
2025-07-16 03:33:25 [37m[DEBUG][0m [PID-15] server.go 1:434 [raaise-18-06] getting location count 
2025-07-16 03:33:25 [36m[INFO][0m [PID-15] server.go func1:1360 172.18.0.1:50726 GET /ws?device=all&family=raaise-18-06 85.574µs 
2025-07-16 03:33:25 [37m[DEBUG][0m [PID-15] server.go 1:440 [raaise-18-06] locations: map[a13:610 a14:541 a16:631 a03:677 a10:653 a01:599 a06:453 a15:815 a17:500 a04:562 a02:590 a11:552 a07:550] 
2025-07-16 03:33:25 [37m[DEBUG][0m [PID-15] server.go 1:489 [raaise-18-06] getting by_locations for 3 devices 
2025-07-16 03:33:25 [37m[DEBUG][0m [PID-15] db.go GetSensorFromGreaterTime:429 using minimum timestamp of 1751940657792 
2025-07-16 03:33:25 [37m[DEBUG][0m [PID-15] db.go getRows:1055 getting columns 
2025-07-16 03:33:25 [37m[DEBUG][0m [PID-15] db.go getRows:1062 getting sensorstringsizer 
2025-07-16 03:33:25 [37m[DEBUG][0m [PID-15] db.go getRows:1079 getting locations 
2025-07-16 03:33:25 [37m[DEBUG][0m [PID-15] db.go getRows:1085 got locations 
2025-07-16 03:33:25 [37m[DEBUG][0m [PID-15] analysis.go GetByLocation:299 [raaise-18-06] got sensor from greater time 8.110156ms 
2025-07-16 03:33:25 [37m[DEBUG][0m [PID-15] analysis.go GetByLocation:313 [raaise-18-06] got predictions in map 100.331µs 
2025-07-16 03:33:25 [37m[DEBUG][0m [PID-15] analysis.go GetByLocation:321 [raaise-18-06] found 1 devices to check 
2025-07-16 03:33:25 [37m[DEBUG][0m [PID-15] analysis.go GetByLocation:331 [raaise-18-06] got device counts 220ns 
2025-07-16 03:33:25 [37m[DEBUG][0m [PID-15] analysis.go GetByLocation:339 [raaise-18-06] got device first-time 395.324µs 
2025-07-16 03:33:25 [37m[DEBUG][0m [PID-15] server.go 1:495 [raaise-18-06] creating device table 
2025-07-16 03:33:25 [37m[DEBUG][0m [PID-15] server.go 1:536 [raaise-18-06] rendered dashboard in 44.099371ms 
2025-07-16 03:33:25 [36m[INFO][0m [PID-15] server.go func1:1360 172.18.0.1:50710 GET /view/dashboard/raaise-18-06 44.723824ms 
2025-07-16 03:33:25 [37m[DEBUG][0m [PID-15] websockets.go websocketListener:81 removed raaise-18-06-all/172.18.0.1:50726 
2025-07-16 03:33:25 [37m[DEBUG][0m [PID-15] server.go 1:284 [raaise-18-06] getting gps 
2025-07-16 03:33:25 [36m[INFO][0m [PID-15] server.go func1:1360 172.18.0.1:50710 GET /view/gps/raaise-18-06 7.976346ms 
2025-07-16 03:33:26 [36m[INFO][0m [PID-15] server.go func1:1360 172.18.0.1:50738 GET /ws?device=all&family=raaise-18-06 90.517µs 
